Sat May 09 18:08:14 +0000 2015,#Philadelphia76ers #76ers #Sixers Eastern Notes: Thompson, Wizards, Hawkins http://t.co/sTHdlHMdb4
Sat May 09 18:06:43 +0000 2015,The Human Glass Eater: Thomas Robinson Opened Eyes in Short St... #Sixers #76ers http://t.co/8vTwLIy1Po http://t.co/k87DnRVevu
Sat May 09 17:08:06 +0000 2015,#76ers #Philadelphia76ers #Sixers RTRS: Bill Simmons, Misinformed Draft Scouting, Playoffs, Tony Wroten Dreaming http://t.co/LbcQyKJKaV
Sat May 09 16:45:37 +0000 2015,#NBA #76ers- NBA Allen Iverson # 3 Philadelphia 76ers Sixers Nike YS 7 Black Jersey:  $... http://t.co/OZUghfbvFQ http://t.co/k33Sm3HFUt
Sat May 09 16:45:37 +0000 2015,#NBA #76ers- NBA MICHAEL CARTER-WILLIAMS 76ERS  MENS XL RED JERSEY:  $22.50End Date: Mo... http://t.co/Qptox2oTZT http://t.co/k33Sm3HFUt
Sat May 09 16:45:37 +0000 2015,#NBA #76ers- 1969 Philadelphia 76ers Beat New York Knicks Double OT~Billy Cunningham 44... http://t.co/bFWfRafl5p http://t.co/k33Sm3HFUt
Sat May 09 16:37:02 +0000 2015,#76ers #Philadelphia76ers #Sixers Justise Winslow - Future Sixer? http://t.co/ASfJhZ5Ex8
Sat May 09 16:25:11 +0000 2015,#76ers Tweets: 10 days til the Lottery. Here's your chance to be there. »… http://t.co/auqE0ENJe3 #NBA http://t.co/nLngwiYXe2
Sat May 09 15:46:16 +0000 2015,#76ers Tweets: May 9, 2001: @alleniverson goes for 54 in an Eastern Conference Semifinal victory over Toronto.… #NBA http://t.co/nLngwiYXe2
Sat May 09 14:50:17 +0000 2015,RT @jonjohnsonwip: Next 3 key dates on Phila sports calendar revolve around #76ers:/-Draft Lottery on 19th/-Draft 6/26/-Embiid summer leagu…
Sat May 09 14:40:16 +0000 2015,RT @jonjohnsonwip: Next 3 key dates on Phila sports calendar revolve around #76ers:/-Draft Lottery on 19th/-Draft 6/26/-Embiid summer leagu…
Sat May 09 14:35:11 +0000 2015,#NBA #76ers- Indiana Pacers + Philadelphia 76ers (NBA) basketball pins (retro logos):  ... http://t.co/7nm3MrN0pA http://t.co/k33Sm3HFUt
Sat May 09 14:35:11 +0000 2015,#NBA #76ers- ALLEN IVERSON 76ERs Reebok Throwback Jersey Size56 USED Basketball White r... http://t.co/fgrbAE5DdZ http://t.co/k33Sm3HFUt
Sat May 09 14:35:11 +0000 2015,#NBA #76ers- REEBOK AUTHENTIC NBA SLEEVELESS WARM-UP JERSEYS:  $17.95End Date: Monday J... http://t.co/rGXw2HzQRJ http://t.co/k33Sm3HFUt
Sat May 09 14:34:05 +0000 2015,RT @jonjohnsonwip: Next 3 key dates on Phila sports calendar revolve around #76ers:/-Draft Lottery on 19th/-Draft 6/26/-Embiid summer leagu…
Sat May 09 13:31:06 +0000 2015,#NBA #76ers- New 1999 ALLEN IVERSON ALIEN MEANIE  NBA PHILADELPHIA 76ERS BLACK #3142:  ... http://t.co/QDE2qhbDQA http://t.co/k33Sm3HFUt
Sat May 09 13:08:04 +0000 2015,#76ers #Philadelphia76ers #Sixers New Philadelphia 76ers Rumors. Saturday, May 9 2015 http://t.co/qGVklPKHfG
Sat May 09 12:26:41 +0000 2015,#NBA #76ers- Vintage CHAMPION Philadelphia 76ers Allen Iverson NBA Jersey Men's Size 48... http://t.co/vmT04pRnhZ http://t.co/k33Sm3HFUt
Sat May 09 12:26:41 +0000 2015,#NBA #76ers- MAJESTIC PHILADELPHIA 76ERS SEWN THROWBACK JERSEY 3XL 3X NEW:  $23.99End D... http://t.co/TwXq5c4awG http://t.co/k33Sm3HFUt
Sat May 09 12:26:41 +0000 2015,#NBA #76ers- Philadelphia 76ers ~8~ New Era 59 Fifty cap! NBA hat! Fast Shipping!!!:  $... http://t.co/9AwQ7xqYk2 http://t.co/k33Sm3HFUt
Sat May 09 12:26:40 +0000 2015,#NBA #76ers- Vtg Rare Nwot Allen Iverson Sixers Champion Nba Jersey 40 M Nike Swingman ... http://t.co/K7KPUicHNc http://t.co/k33Sm3HFUt
Sat May 09 08:09:12 +0000 2015,#NBA #76ers- Allen Iverson Philadelphia 76ers Reebok Authentic Alternate Jersey AI:  $1... http://t.co/Bs86atWcz1 http://t.co/k33Sm3HFUt
Sat May 09 08:09:11 +0000 2015,#NBA #76ers- Rare VTG Reebok Allen Iverson Philadelphia 76ers #3 Black Edition NBA Jers... http://t.co/ssmxW7Y7fp http://t.co/k33Sm3HFUt
Sat May 09 07:39:10 +0000 2015,RT @Fantasy_Info21: 13 years ago today Allen Iverson (#76ers) went on his "practice" rant (Vine by @BeforeFamePics) https://t.co/IXcCR4PF4q
Sat May 09 06:36:07 +0000 2015,#76ers #Philadelphia76ers Austin Rivers propels Clippers past Rockets 124-99 http://t.co/ooyBSffhx9
Sat May 09 06:00:40 +0000 2015,#NBA #76ers- �� JULIUS ERVING PHILADELPHIA 76ERS HARDWOOD CLASSICS THROWBACK NBA youth ... http://t.co/vbEHiQ2a6U http://t.co/k33Sm3HFUt
Sat May 09 05:37:03 +0000 2015,#76ers #Philadelphia76ers Rose banks in 3 at buzzer to lift Bulls over Cavaliers 99-96 http://t.co/XUTts8aI0L
Sat May 09 05:23:16 +0000 2015,#76ers dope headwear for dope ppl. #mintcreations #snakeskin #retro #dope #fire #Atlanta #Philly #nba… https://t.co/0dhT6IEc2u
Sat May 09 05:22:39 +0000 2015,Not the biggest Derrick Rose fan but he's almost back lol #76ers till I die #JamesHarden my fav player #DRose looking like his old self
Sat May 09 05:01:22 +0000 2015,#Sixers #76ers rookie C-PF Joel Embiid (foot surgery)'s agent said he's expected to play in summer league.
Sat May 09 04:56:31 +0000 2015,#NBA #76ers- 1996 NBA Player Pins Philadelphia 76ers #42 Jerry Stackhouse Original Pack... http://t.co/94e2ocmfih http://t.co/k33Sm3HFUt
Sat May 09 04:56:31 +0000 2015,#NBA #76ers- NBA Philadelphia 76ers Jerry Stackhouse Rookie Jersey Pin Limited '95 Draf... http://t.co/8dcYOToZE1 http://t.co/k33Sm3HFUt
Sat May 09 02:50:42 +0000 2015,My latest Photoshop creation - Emperor Hinkie. #NBA #NBAPlayoffs #76ers http://t.co/pWgHQH4caH
Sat May 09 02:49:22 +0000 2015,#NBA #76ers- Majestic Philadelphia 76 Sixers Hardwood Classic Jersey - Size L Large:  $... http://t.co/YVXxXk24ug http://t.co/k33Sm3HFUt
Sat May 09 02:49:22 +0000 2015,#NBA #76ers- Vintage Champion Allen Iverson Philadelphia 76ers NBA Jersey sz 48 XL:  $3... http://t.co/yfboGZzQFL http://t.co/k33Sm3HFUt
Sat May 09 02:19:03 +0000 2015,#76ers! http://t.co/jq0lypL4ZT #NBA #follow #basketball #Philadelphea76ers
Sat May 09 01:46:28 +0000 2015,#NBA #76ers- Chicago Bulls vs. Philadelphia 76'ers T-Shirt, Size XL:  $6.99End Date: Mo... http://t.co/mQ9oaMuLMa http://t.co/k33Sm3HFUt
Sat May 09 01:46:28 +0000 2015,#NBA #76ers- Wilt Chamberlain Philadelphia 76ers Rare Art Print LE:  $24.99End Date: Mo... http://t.co/QgGJ60VqS7 http://t.co/k33Sm3HFUt
Sat May 09 01:46:27 +0000 2015,#NBA #76ers- 39 Panini 2013 NBA  Philadelphia 76ers Stickers:  $8.00End Date: Sunday Ju... http://t.co/lg6yiapEs2 http://t.co/k33Sm3HFUt
Sat May 09 01:46:27 +0000 2015,#NBA #76ers- PHILADELPHIA 76'ers  PATCH  VINTAGE IN NEW CONDITION   5" INCH  FREE SHIPP... http://t.co/fbnqzswQVo http://t.co/k33Sm3HFUt
Sat May 09 01:46:27 +0000 2015,#NBA #76ers- PHILADELPHIA SIXERS ALLEN IVERSON SHORT SLEEVE T-SHIRT MENS LARGE EXC.:  $... http://t.co/BWayFxyk9D http://t.co/k33Sm3HFUt
Sat May 09 01:44:50 +0000 2015,@S2SCharity: #NBA legend Wali Jones of the #76ers showing off his championship ring. #discover and #donate #S2S #s… http://t.co/UrNornjfFh
Sat May 09 01:29:36 +0000 2015,RT @BeforeFamePics: 13 years ago today Allen Iverson (#76ers) went on his "practice" rant https://t.co/K1BSuLHG4O
Sat May 09 01:25:57 +0000 2015,#NBA legend Wali Jones of the #76ers showing off his championship ring. #discover and #donate #S2S #skillsanddrills http://t.co/OQURGBSIH5
Sat May 09 00:36:08 +0000 2015,#Philadelphia76ers #76ers #Sixers Atlantic Notes: Celtics, Teletovic, Saric http://t.co/Lb1YVZWVkE
Sat May 09 00:04:06 +0000 2015,Best Sound of the Week: #76ers HC Brett Brown talked about the health &amp; the progression of Nerlens Noel &amp; Joel Embiid http://t.co/mq6T5Hvc98
Fri May 08 23:40:30 +0000 2015,#NBA #76ers- Vintage Champion NBA Philadelphia 76ers Embroidered Jacket Coat Men's L La... http://t.co/toEQzWkwSi http://t.co/k33Sm3HFUt
Fri May 08 23:40:30 +0000 2015,#NBA #76ers- Philadelphia 76ers Lite Beer Mug, Very Rare:  $7.76End Date: Sunday Jun-7-... http://t.co/nW4oL4bLEr http://t.co/k33Sm3HFUt
Fri May 08 23:04:12 +0000 2015,#NBA #76ers- Lot 2 Philadelphia Sixers Bobbleheads Julius ERVING Allen IVERSON Upper De... http://t.co/81mdbX1nWE http://t.co/k33Sm3HFUt
Fri May 08 22:11:48 +0000 2015,#76ers Tweets: ICYMI: You can come to the Lottery with us. » http://t.co/szxV5BjaKN http://t.co/auqE0ENJe3 #NBA http://t.co/nLngwiYXe2
Fri May 08 22:11:08 +0000 2015,http://t.co/gOgYAyD6Aa plus a 2015 First round Pick @PhilJackson11  #KNICKS #76ers
Fri May 08 21:06:33 +0000 2015,RT @BeforeFamePics: 13 years ago today Allen Iverson (#76ers) went on his "practice" rant https://t.co/K1BSuLHG4O
Fri May 08 20:45:29 +0000 2015,RT @enVieofFlorida: Just because its the offseason doesn't mean you hide your #Sixer pride! #Philly #76ers #NBA #TsUnder20 http://t.co/RWNH…
Fri May 08 20:32:23 +0000 2015,Just because its the offseason doesn't mean you hide your #Sixer pride! #Philly #76ers #NBA #TsUnder20 http://t.co/RWNHaABnhf via @defunkd
Fri May 08 20:28:01 +0000 2015,#NBA #76ers- PHILADELPHIA 76ers #20 SNOW Basketball jersey CHAMPION Youth Large 19.5 by... http://t.co/BFuppsiYpS http://t.co/k33Sm3HFUt
Fri May 08 20:28:00 +0000 2015,#NBA #76ers- Julius Erving Dr. J 76ers Men's Hardwood Classics Swingman Jersey White:  ... http://t.co/7YShHaTtNb http://t.co/k33Sm3HFUt
Fri May 08 20:28:00 +0000 2015,#NBA #76ers- Nike Allen Iverson Philadelphia 76ers Throwback Swingman Jersey Men Size X... http://t.co/OPSuV3d0NQ http://t.co/k33Sm3HFUt
Fri May 08 20:26:34 +0000 2015,Dario Saric Finishes 2nd in Euroleague Rising Star V... #76ers #Philadelphia76ers http://t.co/60bK64uoi4 http://t.co/T6Cm120SdD
Fri May 08 20:07:55 +0000 2015,#76ers #Flyers #Flyerstalk #Eagles /NBA NHL PLAYOFFS/Compare B4 U Buy!!/Save Big $$$/http://t.co/yLGPH0rPD7 http://t.co/3LqO0dKJne
Fri May 08 19:52:18 +0000 2015,RT @BeforeFamePics: 13 years ago today Allen Iverson (#76ers) went on his "practice" rant https://t.co/K1BSuLHG4O
Fri May 08 19:26:38 +0000 2015,#76ers Wire: 35 years later: Magic Johnson's Game 6 performance http://t.co/DRnKEUW6WC #NBA http://t.co/nLngwiYXe2
Fri May 08 19:22:50 +0000 2015,#NBA #76ers- Philadelphia76ers:  $15.00End Date: Friday May-15-2015 11:45:21 PDTBuy It ... http://t.co/ueCnbyPez1 http://t.co/k33Sm3HFUt
Fri May 08 19:22:50 +0000 2015,#NBA #76ers- Allen Iverson Jersey 44 Champion Vintage Rare 48 NBA 76ers Mens Large NWOT... http://t.co/eeq9ITC46b http://t.co/k33Sm3HFUt
Fri May 08 19:03:28 +0000 2015,RT @BeforeFamePics: 13 years ago today Allen Iverson (#76ers) went on his "practice" rant https://t.co/K1BSuLHG4O
Fri May 08 18:24:57 +0000 2015,RT @BeforeFamePics: 13 years ago today Allen Iverson (#76ers) went on his "practice" rant https://t.co/K1BSuLHG4O
Fri May 08 17:38:05 +0000 2015,RT @BeforeFamePics: 13 years ago today Allen Iverson (#76ers) went on his "practice" rant https://t.co/K1BSuLHG4O
Fri May 08 17:32:12 +0000 2015,The #76ers are running a contest through http://t.co/7xCcwYJisI where 1 winner will attend w/a guest the NBA draft lottery.
Fri May 08 16:58:41 +0000 2015,#NBA #76ers- Authentic Allen Iverson Champion Sewn Philadelphia 76ers Jersey Sixers Lar... http://t.co/hxrVyvhqO5 http://t.co/k33Sm3HFUt
Fri May 08 16:58:40 +0000 2015,#NBA #76ers- Philadelphia 76ers 1Piece outfit onesie 3/6 Months Baby Toddler NBA 76'ers... http://t.co/EhDgWnlSmV http://t.co/k33Sm3HFUt
Fri May 08 16:58:40 +0000 2015,#NBA #76ers- Philadelphia 76ers Warmup Suit:  $15.99End Date: Friday May-15-2015 8:55:1... http://t.co/0hT5fwm7gE http://t.co/k33Sm3HFUt
Fri May 08 16:41:40 +0000 2015,#76ers Tweets: With a hat tip to @ComplexMag, check out the top #SixersKicks spotted at Sixers HQ on this fine… #NBA http://t.co/nLngwiHmmu
Fri May 08 15:53:39 +0000 2015,RT @BeforeFamePics: 13 years ago today Allen Iverson (#76ers) went on his "practice" rant https://t.co/K1BSuLHG4O
Fri May 08 15:51:13 +0000 2015,#76ers Tweets: Get your good luck charms handy. » http://t.co/81VsQBp959 http://t.co/auqE0ENJe3 #NBA http://t.co/nLngwiYXe2
Fri May 08 15:31:35 +0000 2015,Philadelphia 76ers Top Five Stories Of The Week #76ers #Philadelphia76ers http://t.co/l5P1fZhmbE http://t.co/EezcjKpeqK
Fri May 08 15:07:39 +0000 2015,#76ers #Philadelphia76ers #Sixers Philadelphia 76ers Top Five Stories Of The Week http://t.co/rUrWzyHhbR
Fri May 08 15:01:23 +0000 2015,Sixers Tinder: Joel Embiid Is A Future Franchise Co... #76ers #Philadelphia76ers http://t.co/Y0YKu2A2R0 http://t.co/eYeEFLaL2A
Fri May 08 14:33:24 +0000 2015,RT @tmoore76ers: ICYMI: Story: #Sixers draft pick Saric improving but needs to work on jumper, lateral quickness: http://t.co/FmjjDQkrrk #7…
Fri May 08 14:28:42 +0000 2015,RT @tmoore76ers: ICYMI: Story: #Sixers draft pick Saric improving but needs to work on jumper, lateral quickness: http://t.co/FmjjDQkrrk #7…
Fri May 08 14:26:31 +0000 2015,RT @tmoore76ers: ICYMI: Story: #Sixers draft pick Saric improving but needs to work on jumper, lateral quickness: http://t.co/FmjjDQkrrk #7…
Fri May 08 14:20:04 +0000 2015,ICYMI: Story: #Sixers draft pick Saric improving but needs to work on jumper, lateral quickness: http://t.co/FmjjDQkrrk #76ers
Fri May 08 14:08:09 +0000 2015,#76ers #Philadelphia76ers #Sixers Sixers Tinder: Joel Embiid Is A Future Franchise Cornerstone http://t.co/uCLQppohsC
Fri May 08 13:52:05 +0000 2015,Sixers Mailbag: The Embiid/Noel Conundrum and More #Sixers #76ers http://t.co/7pHFlPqT3K http://t.co/aOTf0i9fIR
Fri May 08 13:25:49 +0000 2015,So what is Allen Iverson up to these days? http://t.co/LRNnjNv2YR @espn991SF #76ers
Fri May 08 13:08:20 +0000 2015,#76ers #Philadelphia76ers #Sixers New Philadelphia 76ers Rumors. Friday, May 8 2015 http://t.co/qGVklPKHfG
Fri May 08 13:08:18 +0000 2015,#76ers #Philadelphia76ers #Sixers Sixers Select D'Angelo Russel in New Ford Mock http://t.co/f0Y9SdD04A
Fri May 08 13:06:06 +0000 2015,RT @BeforeFamePics: 13 years ago today Allen Iverson (#76ers) went on his "practice" rant https://t.co/K1BSuLHG4O
Fri May 08 12:57:47 +0000 2015,#NBA #76ers- Vintage Philadelphia 76ers Keychain - Metal - Team Logo - Basketball-Pull ... http://t.co/NgeBqEkbFy http://t.co/k33Sm3HFUt
Fri May 08 11:59:29 +0000 2015,RT @tmoore76ers: Story: #Sixers draft pick Saric 'played very well this season' in Turkey: http://t.co/FmjjDQkrrk #76ers #NBA @Euroleague
Fri May 08 11:50:00 +0000 2015,#NBA #76ers- PHILADELPHIA 76ERS BASKETBALL JERSEY  SZ XL BY HARDWOOD CLASSICS MADE IN U... http://t.co/QQC0vCgvfK http://t.co/k33Sm3HFUt
Fri May 08 11:50:00 +0000 2015,#NBA #76ers- PHILADELPHIA 76ERS HOODY SWEATSHIRT WITH TAG YOUTH XXL 18 MADE BY NBA:  $1... http://t.co/ijStJjefQk http://t.co/k33Sm3HFUt
Fri May 08 11:50:00 +0000 2015,#NBA #76ers- 2004 ALLEN IVERSON MCFARLANE VARIANT SERIES 6 PHILADELPHIA 76 ERS:  $19.00... http://t.co/gRuorVulq9 http://t.co/k33Sm3HFUt
Fri May 08 11:42:27 +0000 2015,RT @cpsj: He was talking about practice . . . 13 yrs ago this week, rpts @cp_CWhittaker http://t.co/5IrrmpCcZz  #76ers #Iverson http://t.co…
Fri May 08 11:40:05 +0000 2015,Story: #Sixers draft pick Saric 'played very well this season' in Turkey: http://t.co/FmjjDQkrrk #76ers #NBA @Euroleague
Fri May 08 11:30:15 +0000 2015,RT @BeforeFamePics: 13 years ago today Allen Iverson (#76ers) went on his "practice" rant https://t.co/K1BSuLHG4O
Fri May 08 11:30:12 +0000 2015,RT @BeforeFamePics: 13 years ago today Allen Iverson (#76ers) went on his "practice" rant https://t.co/K1BSuLHG4O
Fri May 08 11:28:16 +0000 2015,RT @cpsj: He was talking about practice . . . 13 yrs ago this week, rpts @cp_CWhittaker http://t.co/5IrrmpCcZz  #76ers #Iverson http://t.co…
Fri May 08 11:26:07 +0000 2015,He was talking about practice . . . 13 yrs ago this week, rpts @cp_CWhittaker http://t.co/5IrrmpCcZz  #76ers #Iverson http://t.co/8xyXIbSL4y
Fri May 08 09:57:30 +0000 2015,#reebok #authenticjersey #nba #basketball #hardwoodclassics #Philadelphia #philadelphia76ers #76ers… https://t.co/J7GUh3ASE0
Fri May 08 07:39:59 +0000 2015,http://t.co/tf49FtA1Zo /#wetalkinboutpractice #allaniverson #76ers
Fri May 08 07:36:05 +0000 2015,#76ers #Philadelphia76ers Wall fractures hand, wrist http://t.co/jb7mUuSgGl
