Sat May 09 18:19:20 +0000 2015,Win or lose, the Bates Lax Alums are proud of this team!! #lax #lacrosse  #lax #Bobcats @BatesSports @BatesLacrosse @DougCoupe @GenoMcCabe
Sat May 09 18:18:31 +0000 2015,Win or lose, the Bates Lax Alums are proud of this team!! #lax #lacrosse  #lax #Bobcats @BatesSports @BatesLacrosse @DougCoupe @petermcarey
Sat May 09 17:14:40 +0000 2015,What a cute couple. üíï #Bobcats http://t.co/yWoZ6M1WtK
Sat May 09 17:06:01 +0000 2015,RT @JordansbyText: http://t.co/sQLsYbNjlE/#BarcelonaDays #Bobcats #AirJordan #HareJordan #HappyMothersDay #LimitedRelease #jsonmyfeet http:‚Ä¶
Sat May 09 16:55:14 +0000 2015,@m_o_emotion/„Éª„Éª„Éª/#AJ7 #Bobcats #Retro #AirJordan #Newlogo #karmaloop #plndr #MatchYourKicks‚Ä¶ https://t.co/VTQLPNfklC
Sat May 09 16:43:45 +0000 2015,@JordansbyText Top of #bobcats leaderboard! Need to clean up your inbox? Unroll.Me can help: http://t.co/QS03eeF40m
Sat May 09 16:43:40 +0000 2015,http://t.co/sQLsYbNjlE/#BarcelonaDays #Bobcats #AirJordan #HareJordan #HappyMothersDay #LimitedRelease #jsonmyfeet http://t.co/TbQQq8jKDQ
Sat May 09 16:41:21 +0000 2015,RT @DartaLee: Blessed to say that I have recieved my 12th offer from Texas State #Bobcats #AGTG http://t.co/CQlEb13mGj
Sat May 09 16:13:56 +0000 2015,Dahil ayaw nya ko mag pa perm ayan nag pa bob cut nalang ako! Total BOBCATS naman ako!/#ccp #bobcats‚Ä¶ https://t.co/N1MLyHrc3n
Sat May 09 15:18:09 +0000 2015,@QuinnipiacU Thank you. Proud to be a small part and now an alumnus of such a great university and community. #bobcats #Quinnipiac
Sat May 09 15:07:51 +0000 2015,RT @PeterKiss32: Great talk with Coach Moore from Quinnipiac!!! Love their program! Proud to say I have an offer from them!! #Bobcats http:‚Ä¶
Sat May 09 15:07:33 +0000 2015,#Bobcats New offer for Murray - Nathan Murray picked up his second FBS offer this week. After taking a visi... http://t.co/NN0TIua8AQ
Sat May 09 14:59:31 +0000 2015,@JESS__do__it Top #bobcats influencer! Want to declutter you inbox quickly? Unroll.Me can help: http://t.co/QS03eeF40m
Sat May 09 13:58:51 +0000 2015,RT @JESS__do__it: Made this in my computer class today, never forget. #Bobcats http://t.co/p97fVF9AvL
Sat May 09 13:38:40 +0000 2015,http://t.co/EEkB0NdMH9: Davis, Kidd-Gilchrist Picked... http://t.co/Oex44IaiZD #bobcats #charlotte #davis #draft #kidd-gilchrist #picked
Sat May 09 08:46:43 +0000 2015,http://t.co/EEkB0NdMH9: John Wall fined by NBA, #upset... http://t.co/iM3dgH5vrv #antonio #bobcats #john #kemba #spurs #walker #wizards
Sat May 09 07:30:41 +0000 2015,Summer in athens doesn't know what it has coming to it #bobcats #Adamsfamily https://t.co/tTvKmPsjmo
Sat May 09 06:27:57 +0000 2015,RT @Ciri0101De: Save the #bobcats in #Illinois! http://t.co/g0zP0Qz4hs
Sat May 09 05:52:15 +0000 2015,RT @JESS__do__it: Made this in my computer class today, never forget. #Bobcats http://t.co/p97fVF9AvL
Sat May 09 05:48:43 +0000 2015,Save the #bobcats in #Illinois! http://t.co/g0zP0Qz4hs
Sat May 09 05:08:15 +0000 2015,RT @The_Lt_Dan: Decided to decorate a little #graduation #bobcats http://t.co/6vbvk54exl
Sat May 09 04:43:20 +0000 2015,RT @JESS__do__it: Made this in my computer class today, never forget. #Bobcats http://t.co/p97fVF9AvL
Sat May 09 04:17:40 +0000 2015,RT @JESS__do__it: Made this in my computer class today, never forget. #Bobcats http://t.co/p97fVF9AvL
Sat May 09 04:13:48 +0000 2015,RT @JESS__do__it: Made this in my computer class today, never forget. #Bobcats http://t.co/p97fVF9AvL
Sat May 09 04:06:17 +0000 2015,RT @JESS__do__it: Made this in my computer class today, never forget. #Bobcats http://t.co/p97fVF9AvL
Sat May 09 03:46:08 +0000 2015,RT @JESS__do__it: Made this in my computer class today, never forget. #Bobcats http://t.co/p97fVF9AvL
Sat May 09 03:43:47 +0000 2015,RT @JESS__do__it: Made this in my computer class today, never forget. #Bobcats http://t.co/p97fVF9AvL
Sat May 09 03:39:56 +0000 2015,RT @JESS__do__it: Made this in my computer class today, never forget. #Bobcats http://t.co/p97fVF9AvL
Sat May 09 03:20:03 +0000 2015,RT @SneakerTicker: #Knicks and #carmeloanothony taking it to the #bobcats. https://t.co/0yiRLFGUpE
Sat May 09 03:10:24 +0000 2015,RT @SneakerTicker: #Knicks and #carmeloanothony taking it to the #bobcats. https://t.co/0yiRLFGUpE
Sat May 09 02:56:33 +0000 2015,#Knicks and #carmeloanothony taking it to the #bobcats. https://t.co/0yiRLFGUpE
Sat May 09 02:54:35 +0000 2015,RT @tutticontenti: #MercerLawing is "addicted" to trapping and killing #bobcats. http://t.co/g5Pgs7U82B
Sat May 09 02:32:49 +0000 2015,RT @tutticontenti: #MercerLawing is "addicted" to trapping and killing #bobcats. http://t.co/g5Pgs7U82B
Sat May 09 02:31:45 +0000 2015,Decided to decorate a little #graduation #bobcats http://t.co/6vbvk54exl
Sat May 09 02:30:16 +0000 2015,#MercerLawing is "addicted" to trapping and killing #bobcats. http://t.co/g5Pgs7U82B
Sat May 09 02:18:51 +0000 2015,RT @Pr1deBand: Let's spread the word and retweet and share our band's new Twitter page!!! #pride #Bobcats #squad
Sat May 09 02:12:23 +0000 2015,RT @QBHitList: Class of 2019 QB Sam Johnson III (@SJ3_theFuture) just received his 2nd offer from Ohio University #Bobcats
Sat May 09 02:07:43 +0000 2015,RT @_d1elijah: Blessed to receive An offer from Ohio University #Bobcats !!! Thanks to @CoachAlbin http://t.co/WEqdviquSG
Sat May 09 01:04:18 +0000 2015,RT @Pr1deBand: Let's spread the word and retweet and share our band's new Twitter page!!! #pride #Bobcats #squad
Sat May 09 00:59:52 +0000 2015,Let's spread the word and retweet and share our band's new Twitter page!!! #pride #Bobcats #squad
Sat May 09 00:59:22 +0000 2015,RT @RyanEstis: .@ChadEstis and family pre #Symposium44 @OhioUSportsAd distinguished alumni acceptance! #Bobcats http://t.co/cio4LTLrBi
Sat May 09 00:58:55 +0000 2015,RT @HaysCaldwell: Be safe out there!!  Your Mother wants to see you on Sunday so designate a sober driver!!  THANKS MOMS EVERYWHERE!  #smtx‚Ä¶
Sat May 09 00:22:17 +0000 2015,RT @RyanEstis: .@ChadEstis and family pre #Symposium44 @OhioUSportsAd distinguished alumni acceptance! #Bobcats http://t.co/cio4LTLrBi
Sat May 09 00:18:10 +0000 2015,RT @joseleyva223: Vamos con todo por la victoria #bobcats
Sat May 09 00:18:08 +0000 2015,Be safe out there!!  Your Mother wants to see you on Sunday so designate a sober driver!!  THANKS MOMS EVERYWHERE!  #smtx #TXST #Bobcats
Sat May 09 00:17:05 +0000 2015,Blessed to receive An offer from Ohio University #Bobcats !!! Thanks to @CoachAlbin http://t.co/WEqdviquSG
Sat May 09 00:14:27 +0000 2015,RT @RyanEstis: .@ChadEstis and family pre #Symposium44 @OhioUSportsAd distinguished alumni acceptance! #Bobcats http://t.co/cio4LTLrBi
Sat May 09 00:10:58 +0000 2015,.@ChadEstis and family pre #Symposium44 @OhioUSportsAd distinguished alumni acceptance! #Bobcats http://t.co/cio4LTLrBi
Sat May 09 00:00:52 +0000 2015,New graduates: here are 10 important interview tips! #ouohyeah #bobcats #athensohio #ohiouniversity http://t.co/kG0HjY1wLR
Fri May 08 23:58:17 +0000 2015,#USA friends pls comment &amp; share! #Bobcats in #Illinois need help! Please make your #opposition to HB 352 known.... http://t.co/NB3O4vKBjV
Fri May 08 23:39:04 +0000 2015,‚ñà‚ñÄ‚ñà‚ïó‚ïî‚ñÄ‚ïî‚ïó‚ñÄ‚ñà‚ñÄ‚ñà‚ïî‚ïó‚ï¶‚ïó‚ïî‚ïó‚ïî‚ïó‚ïî‚ï¶‚ïó‚ïî‚ïó ‚ñà‚ñë‚ñà‚ï†‚ï£‚ïë‚ïë‚ïë‚ñë‚ñà‚ñÄ‚ñà‚ïë‚ïë‚ï†‚ï£‚ïë‚ñë‚ï†‚ï£‚ñë‚ïë‚ñë‚ïö‚ïó ‚ñà‚ñÑ‚ñà‚ïù‚ïö‚ï©‚ïö‚ïù‚ñÑ‚ñà‚ñÑ‚ñà‚ïö‚ïù‚ï©‚ïù‚ïö‚ïù‚ïù‚ïö‚ñë‚ï©‚ñë‚ïö‚ïù#Ohio #Bobcats #CollegeFootball http://t.co/uXMD9GDy6z
Fri May 08 22:45:08 +0000 2015,@PeterKiss32 Congrats, top of #bobcats! Unroll.Me can simplify your email's inbox. http://t.co/QS03eeF40m
Fri May 08 21:26:20 +0000 2015,#bobcat #bobcats #noprobcat #glitch #glitched #glitchy #glitchart #portrait #portraits #rad #radass #raddesign #dop‚Ä¶ http://t.co/Pb40Q7rO4O
Fri May 08 21:08:29 +0000 2015,#AJ7 #Bobcats #Retro #AirJordan #Newlogo #karmaloop #plndr #MatchYourKicks #streetapparel #streerwear‚Ä¶ https://t.co/W5DpsbvV8I
Fri May 08 21:06:08 +0000 2015,RT @ImRiding__SOLO: Had My Family WimmeüòàüíØ‚úäüèæ, #Bobcats EastGeorgiaBound http://t.co/OgnWUBDgXd
Fri May 08 20:14:02 +0000 2015,RT @NeverDone_6: Blessed to receive an offer from Ohio University #Bobcats #MAC http://t.co/JTjd3EkJeh
Fri May 08 20:13:59 +0000 2015,RT @Ebattle_8: Blessed To Say I Have Received my First Offer From Ohio University üôåüèΩüèàüèà#Bobcats http://t.co/TBWlNEK7Cx
Fri May 08 20:11:11 +0000 2015,Innovative things happening around the world! #txst #Bobcats/https://t.co/oI0ZMDN1In
Fri May 08 20:06:36 +0000 2015,RT @Ebattle_8: Blessed To Say I Have Received my First Offer From Ohio University üôåüèΩüèàüèà#Bobcats http://t.co/TBWlNEK7Cx
Fri May 08 19:47:28 +0000 2015,RT @PeterKiss32: Great talk with Coach Moore from Quinnipiac!!! Love their program! Proud to say I have an offer from them!! #Bobcats http:‚Ä¶
Fri May 08 19:46:21 +0000 2015,RT @Ebattle_8: Blessed To Say I Have Received my First Offer From Ohio University üôåüèΩüèàüèà#Bobcats http://t.co/TBWlNEK7Cx
Fri May 08 19:43:12 +0000 2015,#AirJordan #Retro7s #BarcelonaDays // #Bobcats https://t.co/90OEJWifpf
Fri May 08 19:39:44 +0000 2015,RT @PeterKiss32: Great talk with Coach Moore from Quinnipiac!!! Love their program! Proud to say I have an offer from them!! #Bobcats http:‚Ä¶
Fri May 08 19:34:44 +0000 2015,RT @Ebattle_8: Blessed To Say I Have Received my First Offer From Ohio University üôåüèΩüèàüèà#Bobcats http://t.co/TBWlNEK7Cx
Fri May 08 19:08:05 +0000 2015,@wildcatphotog Top of #bobcats leaderboard! Need to clean up your inbox? Unroll.Me can help: http://t.co/QS03eeF40m
Fri May 08 18:49:53 +0000 2015,RT @wildcatphotog: Offense aplenty from @CienegaSoftball as #Bobcats beat #TucsonHigh 14-0. MORE PHOTOS &gt;&gt; http://t.co/mjYqNNOE1S #azhs htt‚Ä¶
Fri May 08 18:42:19 +0000 2015,@despotacos UD????? u mean OU? #bobcats
Fri May 08 18:32:43 +0000 2015,RT @wildcatphotog: Offense aplenty from @CienegaSoftball as #Bobcats beat #TucsonHigh 14-0. MORE PHOTOS &gt;&gt; http://t.co/mjYqNNOE1S #azhs htt‚Ä¶
Fri May 08 18:25:33 +0000 2015,Who wants next? #Ohio #Bobcats @ Convocation Center (Ohio University) https://t.co/BePJK9ujz3
Fri May 08 18:05:53 +0000 2015,RT @OhioDivWildlife: Another Bobcat Success Story: http://t.co/nAYggn3W8R #wildohio #bobcats
Fri May 08 18:02:35 +0000 2015,Another Bobcat Success Story: http://t.co/nAYggn3W8R #wildohio #bobcats
Fri May 08 17:37:31 +0000 2015,RT @ShawnBRivals: NJ CB in JUCO RT @Ebattle_8: Blessed To Say I Have Received my First Offer From Ohio University üôåüèΩüèàüèà#Bobcats http://t.co/‚Ä¶
Fri May 08 16:45:09 +0000 2015,Don't give up now @UCMerced #Bobcats! The Lantern is open 24/7 for all your studying needs. #Summer is around the corner!
Fri May 08 16:44:00 +0000 2015,#kotd #retro7s #barcelona #days #bobcats #sneakerhead https://t.co/JcLivjbTRS
Fri May 08 16:43:18 +0000 2015,@cvferg Top of #bobcats today! Organize your emails: quickly and easily! Try Unroll.Me http://t.co/QS03eeF40m
Fri May 08 15:33:46 +0000 2015,RT @joseleyva223: Vamos con todo por la victoria #bobcats
Fri May 08 15:15:54 +0000 2015,Hundreds gather at MSU to celebrate opening of Jabs Hall. #montana #msu #bobcats http://t.co/lmdki8yfhb
Fri May 08 14:59:36 +0000 2015,Nice, @joseleyva223! You're top of #bobcats! Tired of your inbox being full of junk? Try Unroll.Me http://t.co/QS03eeF40m
Fri May 08 14:51:13 +0000 2015,RT @joseleyva223: Vamos con todo por la victoria #bobcats
Fri May 08 14:37:17 +0000 2015,RT @Ebattle_8: Blessed To Say I Have Received my First Offer From Ohio University üôåüèΩüèàüèà#Bobcats http://t.co/TBWlNEK7Cx
Fri May 08 14:25:54 +0000 2015,Thanks @BFranchione for coming by yesterday as well. #Bobcats latest to offer stud DL Bravvion Roy. #SHSRecruiting http://t.co/y1mdXBrl6s
Fri May 08 13:51:44 +0000 2015,RT @wildcatphotog: Offense aplenty from @CienegaSoftball as #Bobcats beat #TucsonHigh 14-0. MORE PHOTOS &gt;&gt; http://t.co/mjYqNNOE1S #azhs htt‚Ä¶
Fri May 08 13:41:17 +0000 2015,RT @PeterKiss32: Great talk with Coach Moore from Quinnipiac!!! Love their program! Proud to say I have an offer from them!! #Bobcats http:‚Ä¶
Fri May 08 13:40:00 +0000 2015,Vamos con todo por la victoria #bobcats
Fri May 08 13:31:40 +0000 2015,@Jrbiney Leading the way in #bobcats! Tired of unwanted subscription emails? Try Unroll.Me: http://t.co/QS03eeF40m
Fri May 08 13:16:05 +0000 2015,So excited we are ready for #FieldDay.. A little rain can not stop #BOBCATS Thanks @PlanoEast AVID for volunteering http://t.co/ryjIoaJUw1
Fri May 08 13:11:29 +0000 2015,http://t.co/EEkB0NdMH9: NBA 2k14 Assosiation Mode Charlotte Bobcats Ep 7 http://t.co/kp32ehCqs4 #assosiation #bobcats #charlotte #mode
Fri May 08 12:54:01 +0000 2015,Library. #wwiimuseum #neworleans #nola #bobcats #reunion #thesis #corclife #corclove https://t.co/WBGwWkuvkq
Fri May 08 12:52:13 +0000 2015,#Bobcats „ÄêRETWEET„Äë #Followback #Follow #TFB #TFBJP #F4F #FF #Me #Love #TF #Like #MGWV @Hetlau http://t.co/Y3ko2xIyf7
Fri May 08 12:48:53 +0000 2015,RT @equisponse: @GeoffHatheway @nysswa @vzmercogliano LOOK OUT RYE...HERE COMES BYRAM!!! #Bobcats #LetsGetThisPartyStarted
Fri May 08 12:47:22 +0000 2015,http://t.co/EEkB0NdMH9: Dallas Mavericks vs Charlotte... http://t.co/5eriZmwKOC #bobcats #charlotte #dallas #league #mavericks #recap
Fri May 08 12:19:44 +0000 2015,RT @Jrbiney: Air #Jordan 7 Retro #Bobcats "BARCELONA DAYS" UK 7.5 U.S 8.5 EUR 42  http://t.co/2VyECghZWx @eBay #barcelonadays #jordan7
Fri May 08 12:19:39 +0000 2015,RT @Jrbiney: Check out #Air #Jordan 7 Retro #Bobcats #BARCELONA DAYS UK 7.5 U.S 8.5 EUR 42 http://t.co/2VyECghZWx @eBay
Fri May 08 12:11:24 +0000 2015,RT @Ebattle_8: Blessed To Say I Have Received my First Offer From Ohio University üôåüèΩüèàüèà#Bobcats http://t.co/TBWlNEK7Cx
Fri May 08 12:10:22 +0000 2015,RT @Ebattle_8: Blessed To Say I Have Received my First Offer From Ohio University üôåüèΩüèàüèà#Bobcats http://t.co/TBWlNEK7Cx
Fri May 08 11:42:04 +0000 2015,Check out #Air #Jordan 7 Retro #Bobcats #BARCELONA DAYS UK 7.5 U.S 8.5 EUR 42 http://t.co/2VyECghZWx @eBay
Fri May 08 11:05:52 +0000 2015,RT @king_fendizzze: Just Received My Second Offer From The University of Ohio Bobcats #OU #Bobcats #blessed http://t.co/yXTewCBlgL
Fri May 08 08:41:39 +0000 2015,http://t.co/EEkB0NdMH9: Chris Paul Postgame |... http://t.co/Xz4bIB6GjW #bobcats #charlotte #chris #clippers #january #paul #postgame
Fri May 08 08:17:37 +0000 2015,#Bobcats „ÄêRETWEET„Äë #Followback #Follow #TFB #TFBJP #F4F #FF #Me #Love #TF #Like #MGWV @FollowbackImage http://t.co/2CLijlfgVb
Fri May 08 06:15:02 +0000 2015,RT @Ebattle_8: Blessed To Say I Have Received my First Offer From Ohio University üôåüèΩüèàüèà#Bobcats http://t.co/TBWlNEK7Cx
