Sat May 09 18:18:44 +0000 2015,RT @DickMilkDiet: Sophia gave us much of the credit &lt;3 You! RT @boobs4bucks Sophia joined our #boobs 4 #bucks challenge team! Will you? htt…
Sat May 09 18:18:31 +0000 2015,@bucksangels 01494 474181 #Lifestyle #Household #personal #Beauty #birthday #party #highwycombe #marlow #bucks #Declutter #Organisation RT
Sat May 09 18:18:11 +0000 2015,RT @Louisefoers: @TheHoundReport @DoglostUK @DOGSMISSING #otterhound found today in #Frieth #bucks at stokenchurch dog rescue PLS RT http:/…
Sat May 09 18:17:02 +0000 2015,Sweet #southern #dixie #diva #Bucks /https://t.co/4Dd3ahjjQ8/#craftshout #socialmedia #CountryGirl #shoppershour #RT http://t.co/sglnH5O1Md
Sat May 09 18:16:14 +0000 2015,RT @Louisefoers: @TheHoundReport @DoglostUK @DOGSMISSING #otterhound found today in #Frieth #bucks at stokenchurch dog rescue PLS RT http:/…
Sat May 09 18:15:01 +0000 2015,RT @Louisefoers: @TheHoundReport @DoglostUK @DOGSMISSING #otterhound found today in #Frieth #bucks at stokenchurch dog rescue PLS RT http:/…
Sat May 09 18:14:34 +0000 2015,RT @Louisefoers: Missing #otterhound found today #Bucks pls help #lostdog #stokenchurch #dogrescue @TheHoundReport @MissingDogHelp http://t…
Sat May 09 18:13:28 +0000 2015,RT @Louisefoers: Missing #otterhound found today #Bucks pls help #lostdog #stokenchurch #dogrescue @TheHoundReport @MissingDogHelp http://t…
Sat May 09 18:00:54 +0000 2015,RT @RobertGLoughery: Plzd to be at NAMI Bucks 1st annual Stride for Mental Health Awareness walk...#MentalHealthAwarenessMonth #Bucks http:…
Sat May 09 18:00:45 +0000 2015,@SethWalderNYDN @JaysonBraddock @SPRBagofDonuts unreal catch #bucks
Sat May 09 17:35:10 +0000 2015,9 Year Old Girl Reported Shot With BB Gun   http://t.co/hrGMOnrtkQ  #bucks #mary #police #suburbanphiladelphia
Sat May 09 17:28:10 +0000 2015,Inside Out: Phila. Museum Of Art To Display Rep  http://t.co/lSZq094ziy/  #artmuseum #bucks #delaware #philadelphia
Sat May 09 17:17:59 +0000 2015,http://t.co/EEkB0NdMH9: Recap Summer League: Suns (93 Pt) Vs Bucks... http://t.co/RRzjFuVEVc #bucks #july #league #milwaukee #recap #suns
Sat May 09 17:15:57 +0000 2015,We are always looking to invite new girls to join our group! #joinus #girlguiding #bucks #amersham #littlechalfont
Sat May 09 17:15:34 +0000 2015,#NBA #Bucks - 34 Panini 2013 NBA  Milwaukee Bucks and 150 Mini  Stickers:  $11.00End Da... http://t.co/BTgOozUYOa http://t.co/k33Sm3HFUt
Sat May 09 17:07:06 +0000 2015,Bucks County, Pa. Opens Summer Touris  http://t.co/M3raGVEWmN/  #bucks #nationaltourism #paulbencivengo #shadybrook
Sat May 09 17:03:00 +0000 2015,Love seeing my @NorthamptonGOP ! #bucks #gop http://t.co/5AFF5fXyTv
Sat May 09 17:00:49 +0000 2015,#Property searching this weekend? Let us help...via #OnTheMarket http://t.co/YcWd7fkXwP //#gerrardscross #bucks #london
Sat May 09 16:54:14 +0000 2015,Bucks showed La liga how its done in Eastern cape #Bucks 4-0 La Liga #ABCmotshepeleague
Sat May 09 16:53:07 +0000 2015,RT @UKRescueDogs: Rupert is an 8 month old lively lad who will make you smile, adopt at @hularescue in #Bucks - http://t.co/mhoudllvCP http…
Sat May 09 16:50:14 +0000 2015,Shakeology Tasting is starting! #shakeology #art #event #doylestown #bucks
Sat May 09 16:49:12 +0000 2015,Inside Out: Phila. Museum Of Art To Display Rep  http://t.co/lSZq094ziy/  #artmuseum #bucks #delaware #philadelphia
Sat May 09 16:45:41 +0000 2015,POLICE NEWS: Man sentenced to a year for assault – High Wycombe http://t.co/F9k9r88T35 #Bucks
Sat May 09 16:43:56 +0000 2015,Nice, @TheBV! You're top of #bucks! Tired of your inbox being full of junk? Try Unroll.Me http://t.co/Abp3MwUHhQ
Sat May 09 16:39:32 +0000 2015,http://t.co/JDe7w4y50X SPORTS ILLUSTRATED Magazine April 24, 1972 Los Angeles Lakers Mi #Bucks http://t.co/23FPVz3sLr
Sat May 09 16:38:25 +0000 2015,Critical summer looms for Khris Middleton and Michael Carter-Williams #bucks #milwaukee #players #mcw #summer http://t.co/7lDOWZ3Ri5
Sat May 09 16:18:55 +0000 2015,RT @Louisefoers: Missing #otterhound found today #Bucks pls help #lostdog #stokenchurch #dogrescue @TheHoundReport @MissingDogHelp http://t…
Sat May 09 16:18:02 +0000 2015,@nynjpaweather humidity in #bucks county PA is like being in a bowl of pea soup right now #badhairday
Sat May 09 16:18:01 +0000 2015,Wow! I finished 2nd overall at the #bucks #mothersday #10k raising funds for the #tyannafoundation. @… https://t.co/H4tDJGwZ4L
Sat May 09 16:10:32 +0000 2015,#NBA #Bucks - Nike Milwaukee Bucks Ray Jesus Shuttlesworth Allen SEWN Jersey YOUTH Larg... http://t.co/TlcCIDxg0X http://t.co/k33Sm3HFUt
Sat May 09 16:09:05 +0000 2015,#MilwaukeeBucks Wisconsin Sports Awards draws athletes, business execs to Kohler: Slideshow: (Center) M... http://t.co/N1WvCuwsV0 #Bucks
Sat May 09 16:04:29 +0000 2015,RT @frostweb: Substantial 4 bedroom detached #property to let in #Amersham #Bucks. http://t.co/6gDkHXZQGk http://t.co/XJGNyEO0zy
Sat May 09 16:02:36 +0000 2015,#Bucks Tweets: @Bucks new merch though&amp;gt;&amp;gt;&amp;gt;&amp;gt; #NBA http://t.co/K0C0hznlTW
Sat May 09 16:01:21 +0000 2015,Lots of #property viewings and three sales agreed in the last week! //#sales #gerrardscross #bucks #london
Sat May 09 15:56:20 +0000 2015,9 Year Old Girl Reported Shot With BB Gun   http://t.co/hrGMOnrtkQ  #bucks #mary #police #suburbanphiladelphia
Sat May 09 15:56:19 +0000 2015,Biking season returns, and officials stress courtesy on Montgom  http://t.co/DVeiEhBCS8/  #bucks #montgomery #upper
Sat May 09 15:50:11 +0000 2015,http://t.co/JDe7w4y50X Richard Jefferson Milwaukee Bucks Adidas Swingman Mens Sewn Jers #Bucks http://t.co/0e27P3Aolz
Sat May 09 15:46:11 +0000 2015,RT @DonWalkerJS: Survey work under way at proposed #Bucks arena site. #BMOHBC officials say work is being done in advance of potential aren…
Sat May 09 15:44:57 +0000 2015,Man charged in relation to vehicle damage in High Wycombe http://t.co/SV7J189oXj #Bucks
Sat May 09 15:44:57 +0000 2015,Marlow streets become a running track tomorrow as popular race returns http://t.co/mVfRMUiGPB #Bucks
Sat May 09 15:44:56 +0000 2015,#bucks Man charged in relation to vehicle damage in High Wycombe: A MAN from High Wycombe has been charged in ... http://t.co/6INjpPg4vo
Sat May 09 15:44:02 +0000 2015,http://t.co/dlwZB3NBfL: TeensLoveMoney -... http://t.co/uMPqnIBuXy #bdsm #bucks #fucks #redhead #sasha #summers #teen #teenslovemoney
Sat May 09 15:42:59 +0000 2015,RT @DonWalkerJS: Survey work under way at proposed #Bucks arena site. #BMOHBC officials say work is being done in advance of potential aren…
Sat May 09 15:41:59 +0000 2015,RT @DonWalkerJS: Survey work under way at proposed #Bucks arena site. #BMOHBC officials say work is being done in advance of potential aren…
Sat May 09 15:40:19 +0000 2015,@TheHoundReport @DoglostUK @DOGSMISSING #otterhound found today in #Frieth #bucks at stokenchurch dog rescue PLS RT http://t.co/uTqgvpRMOq
Sat May 09 15:32:16 +0000 2015,RT @DonWalkerJS: Survey work under way at proposed #Bucks arena site. #BMOHBC officials say work is being done in advance of potential aren…
Sat May 09 15:26:55 +0000 2015,#Natural #Accelerator is the #Best #TwentyOne #Bucks/You Can #Spend for Your #PreWorkout /http://t.co/fAoMlmb4TM http://t.co/sjza2tid9F
Sat May 09 15:24:38 +0000 2015,Missing #otterhound found today #Bucks pls help #lostdog #stokenchurch #dogrescue @TheHoundReport @MissingDogHelp http://t.co/qtugHutQLz
Sat May 09 15:22:05 +0000 2015,RT @DonWalkerJS: Survey work under way at proposed #Bucks arena site. #BMOHBC officials say work is being done in advance of potential aren…
Sat May 09 15:20:28 +0000 2015,RT @DonWalkerJS: Survey work under way at proposed #Bucks arena site. #BMOHBC officials say work is being done in advance of potential aren…
Sat May 09 15:19:50 +0000 2015,RT @DonWalkerJS: Survey work under way at proposed #Bucks arena site. #BMOHBC officials say work is being done in advance of potential aren…
Sat May 09 15:02:26 +0000 2015,RT @stinkncute: Sweet #southern #dixie #diva #Bucks /https://t.co/4Dd3ahjjQ8/#craftshout #socialmedia #CountryGirl #shoppershour #RT http:/…
Sat May 09 15:01:38 +0000 2015,Plzd to be at NAMI Bucks 1st annual Stride for Mental Health Awareness walk...#MentalHealthAwarenessMonth #Bucks http://t.co/4FQXUopoQn
Sat May 09 14:38:06 +0000 2015,#Bucks Tweets: LAST CALL! See new socks, hats &amp;amp; more of what's coming to the @BucksProShop on our… #NBA http://t.co/K0C0hznlTW
Sat May 09 14:24:36 +0000 2015,Owning the dance floor for the second night in a row!! #Bucks by the_martay http://t.co/7WEO40XsSl http://t.co/XK0c6XQwTO
Sat May 09 14:14:22 +0000 2015,RT @stinkncute: Sweet #southern #dixie #diva #Bucks /https://t.co/4Dd3ahjjQ8/#craftshout #socialmedia #CountryGirl #shoppershour #RT http:/…
Sat May 09 14:07:24 +0000 2015,Bucks County, Pa. Opens Summer Tourism Season With Ice Cream Give  http://t.co/NPdn9EZ7Ym/  #bucks #nationaltourism
Sat May 09 14:02:53 +0000 2015,Owning the dance floor for the second night in a row!! #Bucks https://t.co/H9XNYeZc3I
Sat May 09 14:01:39 +0000 2015,RT @Sylviabaldock: #personalpresence workshop step 1 #marlow #bucks 9 June. Discover what's unique about you http://t.co/S3bH3WQZhI
Sat May 09 14:00:41 +0000 2015,#NBA #Bucks - Milwaukee Bucks BBQ Grill Grilling 3 Pc Set Tongs, Brush &amp; Spatula New NI... http://t.co/aCHefJf98l http://t.co/k33Sm3HFUt
Sat May 09 14:00:14 +0000 2015,RT @sheridanhoops: PODCAST: Is @Khris22m of #Bucks a max player in #NBA free agency? Maybe http://t.co/19gO1A49OH
Sat May 09 13:57:51 +0000 2015,RT @sheridanhoops: PODCAST: Is @Khris22m of #Bucks a max player in #NBA free agency? Maybe http://t.co/19gO1A49OH
Sat May 09 13:56:09 +0000 2015,Sly Fox Bock Fest Goat Race crowns newest champio  http://t.co/GKn1YyN4EP  #bucks #joe #movingcompany #pennymaibock
Sat May 09 13:46:55 +0000 2015,It was only #DerrickRose’s 2nd career game-winning buzzer-beater. The other was in March 7, 2012, #bulls vs. #bucks | #IG: NΛMUHSTRΛDΛMUS.
Sat May 09 13:45:23 +0000 2015,#personalpresence workshop step 1 #marlow #bucks 9 June. Discover what's unique about you http://t.co/S3bH3WQZhI
Sat May 09 13:44:52 +0000 2015,RT @MarlowTC: We've entered The Best Kept Village 2015... It's your town #Bucks #Marlow http://t.co/NQzKXsSfaM
Sat May 09 13:29:43 +0000 2015,#Bucks #scholarship opportunity. Check it out, deadline is 9/15. @Bucks_edu @Centurion_Bucks http://t.co/fvsc2brOZt
Sat May 09 13:25:21 +0000 2015,How women's suffrage shaped our democracy http://t.co/26EZybhztS #Bucks
Sat May 09 13:25:21 +0000 2015,#bucks How women's suffrage shaped our democracy: Here, Lesley Clarke OBE of High Wycombe tells why she is co-... http://t.co/M4b6iw1JKK
Sat May 09 13:22:05 +0000 2015,RT @DailyBUCKS: Beacon lit at Coombe Hill as Bucks marks VE Day anniversary http://t.co/5suwDOynrV #Bucks
Sat May 09 13:21:15 +0000 2015,Bucks County, Pa. Opens Summer Touris  http://t.co/M3raGVEWmN/  #bucks #nationaltourism #paulbencivengo #shadybrook
Sat May 09 13:20:45 +0000 2015,RT @sMASHingsupp: Asparagus is in season. Yay!! Go get yours at @royaloakSL7 #Yum #Marlow #Bucks #GreatFood  https://t.co/XDriubHBQ6
Sat May 09 13:20:39 +0000 2015,Beacon lit at Coombe Hill as Bucks marks VE Day anniversary http://t.co/5suwDOynrV #Bucks
Sat May 09 13:17:56 +0000 2015,POLICE NEWS: Man charged with conspiracy to damage property – High Wycombe http://t.co/g7mvJ68Ble #Bucks
Sat May 09 13:15:19 +0000 2015,RT @sMASHingsupp: Asparagus is in season. Yay!! Go get yours at @royaloakSL7 #Yum #Marlow #Bucks #GreatFood  https://t.co/XDriubHBQ6
Sat May 09 13:10:48 +0000 2015,Saturday Night Out tonight! #Eurovision #Winners #Bucks #Fizz #80s #Disco Tait Hall, Kelso #borderevents
Sat May 09 13:00:39 +0000 2015,Apartment set within a building of just four properties!  //#gerrardscross #sales #bucks http://t.co/LogK5KK3JH http://t.co/Z2yn9KEryv
Sat May 09 12:57:35 +0000 2015,RT @stinkncute: Sweet #southern #dixie #diva #Bucks /https://t.co/4Dd3ahjjQ8/#craftshout #socialmedia #CountryGirl #shoppershour #RT http:/…
Sat May 09 12:43:43 +0000 2015,RT @UKRescueDogs: Rupert is an 8 month old lively lad who will make you smile, adopt at @hularescue in #Bucks - http://t.co/mhoudllvCP http…
Sat May 09 12:27:31 +0000 2015,PODCAST: Is @Khris22m of #Bucks a max player in #NBA free agency? Maybe http://t.co/19gO1A49OH
Sat May 09 12:22:22 +0000 2015,The shortest #bucks party EVER! 60 minutes, must be a record
Sat May 09 12:16:16 +0000 2015,OPINION: Find a way to energise voters http://t.co/DUCEECgFIC #Bucks
Sat May 09 12:16:16 +0000 2015,#bucks OPINION: Find a way to energise voters: BFP columnist Colin Baker is best known as BBC's Dr Who. Here h... http://t.co/kuSEUv7CHM
Sat May 09 12:14:16 +0000 2015,Inside Out: Phila. Museum Of Art To Display Rep  http://t.co/lSZq094ziy/  #artmuseum #bucks #delaware #philadelphia
Sat May 09 12:09:07 +0000 2015,RT @UKRescueDogs: Rupert is an 8 month old lively lad who will make you smile, adopt at @hularescue in #Bucks - http://t.co/mhoudllvCP http…
Sat May 09 12:08:39 +0000 2015,RT @UKRescueDogs: Rupert is an 8 month old lively lad who will make you smile, adopt at @hularescue in #Bucks - http://t.co/mhoudllvCP http…
Sat May 09 12:07:23 +0000 2015,Biking season returns, and officials stress  http://t.co/bD0CFvjWwX/  #abington #bucks #montgomery #schuylkillriver
Sat May 09 12:03:45 +0000 2015,RT @stinkncute: Sweet #southern #dixie #diva #Bucks /https://t.co/4Dd3ahjjQ8/#craftshout #socialmedia #CountryGirl #shoppershour #RT http:/…
Sat May 09 12:00:10 +0000 2015,Substantial 4 bedroom detached #property to let in #Amersham #Bucks. http://t.co/6gDkHXZQGk http://t.co/XJGNyEO0zy
Sat May 09 11:58:46 +0000 2015,Good people of Bucks. A murder is announced. #bucks #nightout #comedy #fun http://t.co/EddPgPDPwv
Sat May 09 11:48:04 +0000 2015,RT @AmiciAylesbury: Just a little reminder of our fab opening offer! #aylesbury #bucks @_aylesbury http://t.co/3H44JcPw7M
Sat May 09 11:42:14 +0000 2015,Inside Out: Phila. Museum Of Art To Display Rep  http://t.co/lSZq094ziy/  #artmuseum #bucks #delaware #philadelphia
Sat May 09 11:41:07 +0000 2015,Author recounts gripping and hilarious true story of his family sailing adventure http://t.co/m5F07m5adW #Bucks
Sat May 09 11:41:07 +0000 2015,#bucks Author recounts gripping and hilarious true story of his family sailing adventure: An author has releas... http://t.co/SRHushTZfK
Sat May 09 11:38:56 +0000 2015,Just a little reminder of our fab opening offer! #aylesbury #bucks @_aylesbury http://t.co/3H44JcPw7M
Sat May 09 11:24:57 +0000 2015,RT @paullnguyen: Victory! #Bulls up series 3-0 after beating #Bucks in OT @leanna_decker looks amazing reppin the right team #superfan http…
Sat May 09 11:07:33 +0000 2015,Sly Fox Bock Fest Goat Race crowns newest champion in Pottstown  http://t.co/xMwgvfqXHW/  #bucks #joeleskin #slyfox
Sat May 09 10:56:23 +0000 2015,RT @robertsnewby: Love homes in #GerrardsCross? http://t.co/r7Z4L5f2dm //#property #sales #bucks #london http://t.co/rkjMc6gBmP
Sat May 09 10:55:15 +0000 2015,Spears :Aldridge For Griffin Sign-And-Trade Has Been Rumored http://t.co/yJJK0KdZ6I #Bucks #NBA
Sat May 09 10:52:19 +0000 2015,Bucks County, Pa. Opens Summer Tourism Season With Ice Cream Give http://t.co/gOxvRermpy #bucks #nationaltourism http://t.co/Kn7n5Lf0g4
