Sat May 09 18:19:13 +0000 2015,RT @RJinVegas: LeBron an underdog:/#Bulls -140 (56% chance to win series)/#Cavs +120 (44% chance)
Sat May 09 18:18:34 +0000 2015,Velez es fiestaaaaaa #cavs #velez #elfortin #polideportivo #club #previa https://t.co/NWoyf8PPer
Sat May 09 18:17:39 +0000 2015,RT @cavs: FINAL: #Cavs lose a thrilling last-second game in Chicago, 99-96./LBJ 27pts, 8reb, 14ast/HUB: http://t.co/ATCPtYBBCX http://t.co/‚Ä¶
Sat May 09 18:16:41 +0000 2015,RT @CLEsportsBummer: No thanks. #Cavs http://t.co/zIKKVTKawj
Sat May 09 18:15:24 +0000 2015,RT @RJinVegas: LeBron an underdog:/#Bulls -140 (56% chance to win series)/#Cavs +120 (44% chance)
Sat May 09 18:14:57 +0000 2015,RT @cavs: FINAL: #Cavs lose a thrilling last-second game in Chicago, 99-96./LBJ 27pts, 8reb, 14ast/HUB: http://t.co/ATCPtYBBCX http://t.co/‚Ä¶
Sat May 09 18:14:51 +0000 2015,LeBron an underdog:/#Bulls -140 (56% chance to win series)/#Cavs +120 (44% chance)/these odds tell me the Cavs will lose this series
Sat May 09 18:14:32 +0000 2015,RT @RJinVegas: LeBron an underdog:/#Bulls -140 (56% chance to win series)/#Cavs +120 (44% chance)
Sat May 09 18:14:28 +0000 2015,RT @DaveChudowsky: James Jones was first up today.  He says game 4 has nothing to do with game 3 @wkyc #cavs http://t.co/k5nSV9n8kL
Sat May 09 18:12:45 +0000 2015,RT @RJinVegas: LeBron an underdog:/#Bulls -140 (56% chance to win series)/#Cavs +120 (44% chance)
Sat May 09 18:11:41 +0000 2015,RT @RJinVegas: LeBron an underdog:/#Bulls -140 (56% chance to win series)/#Cavs +120 (44% chance)
Sat May 09 18:11:31 +0000 2015,#nbaplayoffs #lebronjames #joakimnoah #bulls #cavs #sports #lovestory #funny #vine https://t.co/WDwJkzgsUk
Sat May 09 18:11:02 +0000 2015,RT @RJinVegas: LeBron an underdog:/#Bulls -140 (56% chance to win series)/#Cavs +120 (44% chance)
Sat May 09 18:10:36 +0000 2015,David Blatt says Kyrie Irving will be out there tomorrow. #Cavs
Sat May 09 18:10:18 +0000 2015,LeBron an underdog:/#Bulls -140 (56% chance to win series)/#Cavs +120 (44% chance)
Sat May 09 18:10:02 +0000 2015,Tan lindo es ver esto #cleveland4life #Cavs #NBAPlayoffs @cavs http://t.co/E6J0mEtUxL
Sat May 09 18:09:32 +0000 2015,James Jones was first up today.  He says game 4 has nothing to do with game 3 @wkyc #cavs http://t.co/k5nSV9n8kL
Sat May 09 18:09:29 +0000 2015,#DRose game winning shot and celebration last night had the #Cavs needing to purify themselves in the‚Ä¶ https://t.co/GYHQnECUAG
Sat May 09 18:08:18 +0000 2015,http://t.co/RkkczuLcyo 2003 (Aug.) SLAM Basketball magazine ~ Lebron James, Cleveland Ca #Cavs http://t.co/sQGcSrkO2S
Sat May 09 18:08:01 +0000 2015,üèÄ #TheDayParty IS ON ANOTHER LEVEL!!! THIS SUNDAY!!! Along w/#MothersDay &amp; Game 4: #Bulls vs. #Cavs,‚Ä¶ https://t.co/VCLJ0KfTUh
Sat May 09 18:07:13 +0000 2015,#Cavs #cavaliers #ClevelandCavaliers Game 4 Preview: Cavaliers vs. Bulls http://t.co/oxazJgQmha
Sat May 09 18:07:12 +0000 2015,#Cavs #cavaliers #ClevelandCavaliers Eastern Notes: Thompson, Wizards, Hawkins http://t.co/87Rct3jWWl
Sat May 09 18:07:02 +0000 2015,#DRose lick dung a #wicked piece a #shot lastnite for di #win üèÄ! Go weh #Cavs no ova time üòÜüòù#BULLSvsCAVS
Sat May 09 18:06:44 +0000 2015,#AllforOne #Cleveland #Cavaliers #Cavs #NBA #LebronJames #KyrieIrving #UncleDrew #KevinLove http://t.co/9enLR2WnkX
Sat May 09 18:06:22 +0000 2015,#AllforOne #Cleveland #Cavaliers #Cavs #NBA #Basketball #LebronJames #KyrieIrving #UncleDrew #KevinLove http://t.co/S3BTnVTHsU
Sat May 09 18:06:19 +0000 2015,#AllforOne #Cleveland #Cavaliers #Cavs #NBA #LebronJames #KyrieIrving #UncleDrew #KevinLove http://t.co/QHggnrU8vI
Sat May 09 18:06:09 +0000 2015,RT @FearTheSword: The #Cavs will play the most important game of their season on Mother's Day. Preview: http://t.co/da6gGrMxad http://t.co/‚Ä¶
Sat May 09 18:04:15 +0000 2015,I think these injuries are going to cost the Cavaliers a chance at the NBA Title this year. LBJ is great but he's not Michael Jordan. #Cavs
Sat May 09 18:04:07 +0000 2015,RT @GuyHutSports: Watch @Cleatscleavage In Pasties Recreate Derrick Rose Winner  http://t.co/QU3FxPonYx #Bulls #NBAPlayoffs #Cavs http://t.‚Ä¶
Sat May 09 18:03:44 +0000 2015,RT @bbdoolittle: Here's a look how the various combinations of #Bulls bigs fared in Friday's Game 3 win over the #Cavs. #neekohlah http://t‚Ä¶
Sat May 09 18:03:40 +0000 2015,RT @FearTheSword: The #Cavs will play the most important game of their season on Mother's Day. Preview: http://t.co/da6gGrMxad http://t.co/‚Ä¶
Sat May 09 18:02:59 +0000 2015,üèÄ #TheDayParty IS ON ANOTHER LEVEL!!! THIS SUNDAY!!! Along w/#MothersDay &amp; Game 4: #Bulls vs. #Cavs,‚Ä¶ https://t.co/rZBCGM2j0W
Sat May 09 18:02:47 +0000 2015,üèÄ #TheDayParty IS ON ANOTHER LEVEL!!! THIS SUNDAY!!! Along w/#MothersDay &amp; Game 4: #Bulls vs. #Cavs,‚Ä¶ https://t.co/COTuioSYZg
Sat May 09 18:02:34 +0000 2015,üèÄ #TheDayParty IS ON ANOTHER LEVEL!!! THIS SUNDAY!!! Along w/#MothersDay &amp; Game 4: #Bulls vs. #Cavs,‚Ä¶ https://t.co/sLRpNHKXJ2
Sat May 09 18:02:22 +0000 2015,üèÄ #TheDayParty IS ON ANOTHER LEVEL!!! THIS SUNDAY!!! Along w/#MothersDay &amp; Game 4: #Bulls vs. #Cavs,‚Ä¶ https://t.co/jdVMDCxl5z
Sat May 09 18:02:10 +0000 2015,üèÄ #TheDayParty IS ON ANOTHER LEVEL!!! THIS SUNDAY!!! Along w/#MothersDay &amp; Game 4: #Bulls vs. #Cavs,‚Ä¶ https://t.co/S7nA4pAbMq
Sat May 09 18:02:04 +0000 2015,@YahooShannah How's my favorite J-ville/transplanted Y-town gal? #Cavs will rebound tomorrow, #Tribe will get on a roll. #powerpostivethink
Sat May 09 18:02:00 +0000 2015,RT @NBA_UKfans: How about that D Rose buzzer beater for the win! https://t.co/E4686sMWqU #Bulls #Cavs #PlayOffs
Sat May 09 18:01:48 +0000 2015,Listen to The Sports Fix on @TuneIn - talking #CAVS, #NBAPlayoffs, #Indians, #TomBrady, #LeBron &amp; more #RealRadio -&gt; http://t.co/Z2tG3VV3Ri
Sat May 09 18:01:11 +0000 2015,https://t.co/sQW8o9VSdO After #DerrickRose hit the game winning 3, against  #Cavs Chicago #Bulls fans were like...@NBAonTNT @ESPNNBA
Sat May 09 18:00:54 +0000 2015,#drose ain't look right in this pic #bulls #cavs/__________/Made by @teamalwaysdope/#TooThirsty‚Ä¶ https://t.co/49cn3OjTof
Sat May 09 18:00:40 +0000 2015,RT @NBAenlinea: #Datazo es la primera vez en una ronda de los Playoffs en la cual los Bulls se ponen 2-1 arriba frente a LeBron #Miami #Cavs
Sat May 09 18:00:28 +0000 2015,RT @RonLedgardABJ: #Bulls 99, #Cavs 96; @JasonLloydABJ's 32 final thoughts on a buzzer beater and a deficit http://t.co/pOIJV71ONF #NBA htt‚Ä¶
Sat May 09 18:00:16 +0000 2015,The #Cavs will play the most important game of their season on Mother's Day. Preview: http://t.co/da6gGrMxad http://t.co/wwKWqrdKVW
Sat May 09 18:00:15 +0000 2015,The #Cavs will play the most important game of their season on Mother's Day. Preview: http://t.co/LOcoYYFKc1 http://t.co/zmxIWJiwzb
Sat May 09 18:00:06 +0000 2015,RT @RonLedgardABJ: ICYMI: #Bulls 99, #Cavs 96; @JasonLloydABJ's 32 thoughts on buzzer beater and deficit http://t.co/117U2IueID‚Ä¶ #NBA http:‚Ä¶
Sat May 09 17:58:49 +0000 2015,Cleveland had a flashback to this #theshot #cavs #bulls #playoffs https://t.co/GfOO7DBpRo
Sat May 09 17:57:49 +0000 2015,#Cavs #cavaliers #ClevelandCavaliers LeBron-Noah altercation http://t.co/b3R4o9AbfK
Sat May 09 17:57:21 +0000 2015,RT @mpopovichREP: I always envisioned the #Cavs and #Bulls splitting the first two games in Cleveland, the next two in Chicago and the #Cav‚Ä¶
Sat May 09 17:56:42 +0000 2015,RT @cavs: Friday's toe-to-toe thriller has #Cavs sights set on Game 4./RECAP: http://t.co/zETDNDUxc0//#ALLinCLE/https://t.co/7OxKDHOYyi
Sat May 09 17:56:25 +0000 2015,#Suns fans to #Cavs fans this morning: BTB http://t.co/zOMrzGpNRZ
Sat May 09 17:56:25 +0000 2015,#Suns fans to #Cavs fans this morning: BTB http://t.co/mkXk2Y0asc
Sat May 09 17:56:20 +0000 2015,RT @Cavs_Mania: ENTER Our Next #Cavs Mania Giveaway! #ALLinCLE//RETWEET this and sign up below! //http://t.co/DhmkhGZ47X http://t.co/Oqz99r‚Ä¶
Sat May 09 17:56:20 +0000 2015,The Shot Part Two: Rose Edition #Bulls #Cavs #NBAPlayoffs #derrickrose/http://t.co/Ry5mHJX9JX
Sat May 09 17:56:19 +0000 2015,Although I want the #Cavs to win the series, the #DRose #buzzer beater last night was a beauty. Happy for him. He been thru alot #Bulls
Sat May 09 17:56:00 +0000 2015,RT @NBAenlinea: #Datazo es la primera vez en una ronda de los Playoffs en la cual los Bulls se ponen 2-1 arriba frente a LeBron #Miami #Cavs
Sat May 09 17:55:56 +0000 2015,RT @NBAenlinea: #Datazo es la primera vez en una ronda de los Playoffs en la cual los Bulls se ponen 2-1 arriba frente a LeBron #Miami #Cavs
Sat May 09 17:55:46 +0000 2015,Derrick Rose w/ the #BuzzerBeater &amp; our families' reaction! üèÄüéâ #Bulls #Cavs #Clutch #NBA #Playoffs https://t.co/iYWQewzMWF
Sat May 09 17:55:14 +0000 2015,#Datazo es la primera vez en una ronda de los Playoffs en la cual los Bulls se ponen 2-1 arriba frente a LeBron #Miami #Cavs
Sat May 09 17:54:56 +0000 2015,@cavs Need to bounce back on Sunday! #cavs They have to play as a team that's wants it more. #cavs
Sat May 09 17:54:40 +0000 2015,RT @ChrisBHaynes: New Story: Tristan Thompson called Derrick Rose game-winner 'a lucky shot,' but it was  shot that left #Cavs dejected htt‚Ä¶
Sat May 09 17:54:37 +0000 2015,"Have I told you lately...that I hate you?"  #CAVS http://t.co/E8iN47N2CI
Sat May 09 17:54:27 +0000 2015,.@NBA /#derrickrose made 1 lucky shot &amp; took advantage of an injured #kyrieirving &amp; he's the Messiah, Again? HA Overrated STILL. #Cavs in 7
Sat May 09 17:53:04 +0000 2015,http://t.co/RkkczuLcyo Daily News - May 9, 2015  #Cavs http://t.co/3VXtfB7VtV
Sat May 09 17:52:50 +0000 2015,üåπüèÄ #TheDayParty!! #ILoveSundays!! TOMORROW!!! #MothersDayEdition &amp; Game 4: #Bulls vs. #Cavs,‚Ä¶ https://t.co/Rg3NZYn8z4
Sat May 09 17:52:43 +0000 2015,But Taj can matchup well against him...#Bulls and #Cavs are really two heavyweights slugging it out
Sat May 09 17:52:41 +0000 2015,RT @AngelaHamannGC: OH. MY. Derek Rose with the last second bank shot 3 pointer to take a 2-1 lead in the Eastern Conference Finals. #Bulls‚Ä¶
Sat May 09 17:51:33 +0000 2015,LeBron James and the cruel reality of starting over in Cleveland http://t.co/cBV7ZuXrvU #Cavs
Sat May 09 17:51:33 +0000 2015,LeBron James and the cruel reality of starting over in Cleveland http://t.co/3wZ0VQLCL1 #Cavs
Sat May 09 17:50:47 +0000 2015,Lol All these #Bulls fans talking but the series is far from over.. See you punks in a few!!! /Go #CAVS 4 life
Sat May 09 17:50:21 +0000 2015,I might be enjoying the Jimmy-LeBron memes even more than the actual series. #Bulls #Cavs
Sat May 09 17:49:58 +0000 2015,Its going to be a fun rest of the series for the #Bulls and #Cavs
Sat May 09 17:49:48 +0000 2015,RT @GuyHutSports: Watch @Cleatscleavage In Pasties Recreate Derrick Rose Winner  http://t.co/QU3FxPonYx #Bulls #NBAPlayoffs #Cavs http://t.‚Ä¶
Sat May 09 17:48:41 +0000 2015,Coming up at 2 on @923TheFan: Anything seen in Game 3 to change your view of the #Cavs chances? Where David Blatt screwed up in the series.
Sat May 09 17:48:01 +0000 2015,This is how we roll in the city! #cavs #allin #hoodrich http://t.co/Zr6z8cgbO4
Sat May 09 17:47:51 +0000 2015,RT @GuyHutSports: Watch @Cleatscleavage In Pasties Recreate Derrick Rose Winner  http://t.co/QU3FxPonYx #Bulls #NBAPlayoffs #Cavs http://t.‚Ä¶
Sat May 09 17:46:38 +0000 2015,#Cavs' Tristan Thompson on Derrick Rose's game-winner: 'It was a lucky shot'  http://t.co/R9EfrzsGbW‚Ä¶ http://t.co/9YDbZ7l3dD #Bulls #NBA
Sat May 09 17:46:23 +0000 2015,RT @GuyHutSports: Watch @Cleatscleavage In Pasties Recreate Derrick Rose Winner  http://t.co/QU3FxPonYx #Bulls #NBAPlayoffs #Cavs http://t.‚Ä¶
Sat May 09 17:45:57 +0000 2015,RT @GuyHutSports: Watch @Cleatscleavage In Pasties Recreate Derrick Rose Winner  http://t.co/QU3FxPonYx #Bulls #NBAPlayoffs #Cavs http://t.‚Ä¶
Sat May 09 17:45:48 +0000 2015,RT @GuyHutSports: Watch @Cleatscleavage In Pasties Recreate Derrick Rose Winner  http://t.co/QU3FxPonYx #Bulls #NBAPlayoffs #Cavs http://t.‚Ä¶
Sat May 09 17:45:43 +0000 2015,RT @paugasol: Tonight we play a critical game at home. #Game3 of the series against the #Cavs. #BringIt #SeeRed
Sat May 09 17:43:31 +0000 2015,At http://t.co/W6jKxVre98 -- #chicagobulls #dabulls #hisairness Almost had it #cavsnation #cavs #bulls #chicagobu‚Ä¶ http://t.co/vohLu2pRvx
Sat May 09 17:41:58 +0000 2015,#Cavs Tristan Thompson Center I trust in this guy #CavsBulls #PlayOffs
Sat May 09 17:41:14 +0000 2015,@LadyJMT Bulls got lucky.. #Cavs all day
Sat May 09 17:40:39 +0000 2015,La banda se empieza a juntar para ver al fortinerooooo! #velez #cavs #elfortin #polideportivo‚Ä¶ https://t.co/isx7NBre62
Sat May 09 17:38:12 +0000 2015,NBA Playoffs: What to watch Friday, May 1 #ClevelandCavaliers  #Cavs http://t.co/CUHvHStFrr
Sat May 09 17:37:36 +0000 2015,#Cavs #cavaliers #ClevelandCavaliers ESPN Now http://t.co/omY6e9vbHO
Sat May 09 17:37:06 +0000 2015,Maybe I misheard but I think Lebron said ‚ÄúWhat‚Äôs up, bitch-ass nigga?‚Äù to Noah to draw that tech. Don‚Äôt know what Noah said. #Bulls #Cavs
Sat May 09 17:36:18 +0000 2015,RT @juegavelez: Hoy #JuegaVelez #cavs #Velez #Fortin http://t.co/CsD6iD1K4m
Sat May 09 17:36:12 +0000 2015,Daily News - May 9, 2015 #Cavaliers #Cavs http://t.co/rBHXvF6guP http://t.co/1bJRynCrgp
Sat May 09 17:35:54 +0000 2015,Joakim Noah must've said something real disrespectful to LeBron to get him heated like that last night. #Cavs #Bulls #PlayOffs
Sat May 09 17:35:29 +0000 2015,This #Cavs usually are back, but‚Ä¶. http://t.co/3uOJ3fjFdY
Sat May 09 17:35:23 +0000 2015,#Bulls DRose's 3-pointer buzzer beater defeated #Cavs  99-96 #NBAPlayoffs This Sunday is Game 4 #GoBulls http://t.co/yZhiusSOEO
Sat May 09 17:35:17 +0000 2015,#Cavs Wire: Daily News - May 9, 2015 http://t.co/EECcjAdld4 http://t.co/QRlj2ZhKKJ
Sat May 09 17:32:56 +0000 2015,RT @Will_Pio365: @JvleZRvleZ #Cavs #Bulls still a toss up.. The #Rockets will absolutely not win in 6, i guarantee u that.. They going down‚Ä¶
Sat May 09 17:32:33 +0000 2015,#Cavs #cavaliers #ClevelandCavaliers Cavs aim to keep swagger after D-Rose dagger http://t.co/e0ZRkoaKHE
Sat May 09 17:31:13 +0000 2015,#ESPN #Cavs Recap: Bulls 99, Cavs 96 (or, Every Rose Has It's Thorn...) http://t.co/LWLQPHlRjG http://t.co/fs56EKOqpR
Sat May 09 17:30:37 +0000 2015,#Cavs are not practicing at arena today, awaiting availability at their team hotel. #Playoffs http://t.co/tfSl0L1Wcx
Sat May 09 17:30:00 +0000 2015,The Dancing #Cavs Fan speaks about what makes him dance and the life of an Internet sensation.  #ALLinCLE #ALLIN ‚Äì http://t.co/w8gQHG0sov
Sat May 09 17:29:37 +0000 2015,When @KingJames is guarding @threekola last night you realize how much respect the best player in todays game has 4 the rookie #Bulls #Cavs
