Sat May 09 18:17:34 +0000 2015,RT @bballbreakdown: How JJ Redick &amp; Austin Rivers Won Game 3 For The #Clippers over the #Rockets  https://t.co/IUiOvqQyv0
Sat May 09 18:17:11 +0000 2015,#Collectible #Buzz Los Angeles #Clippers #NBA #Basketball Authentic Adidas White T-Shirt Adult Men‚Ä¶ http://t.co/jHiXP0lnyO #Forsale #onsale
Sat May 09 18:17:10 +0000 2015,#NBA #Clippers Los Angeles Clippers NBA Basketball 2013 Playoffs Red T-Shirt Adult XL It's Time http://t.co/igRDsB1cGp #BasketBall #Bargain
Sat May 09 18:17:09 +0000 2015,#Sports #Goods Los Angeles #Clippers #NBA #Basketball 2013 Playoffs Red T-Shirt Adult XL It's Time http://t.co/VBklw6VZ70 #eBay #Auction
Sat May 09 18:16:53 +0000 2015,RT @scooterbraun: And don't worry. I see u @JJRedick. 31 tonight and didn't miss. #Clippers
Sat May 09 18:16:22 +0000 2015,#ballmer #snoop #nba #clippers #playoffs without sports, this probably never happens. https://t.co/kwc6LwJu3Y
Sat May 09 18:14:57 +0000 2015,RT @Regional_Pilsen: As√≠ van las series en la #NBAPlayoffs/#Grizzlies 1 -1 #Warrios /#Hawks 1-1 #Wizards/#Clippers 2-1 #Rockets/#Bulls 2-1 ‚Ä¶
Sat May 09 18:14:51 +0000 2015,#ClipperNation Khloe Kardashian &amp; Kendall Jenner Get Booed At LA Clippers Game: How rude! Poor Kenda... http://t.co/QY2ppqhPRB #Clippers
Sat May 09 18:14:35 +0000 2015,RT @Shaughn_A: That #Clippers 3rd quarter had 2B one of the best in history, no? #AustinRivers acted a fool, the #Rockets....*pic*üòí http://‚Ä¶
Sat May 09 18:14:11 +0000 2015,TIX http://t.co/99Sdr28C3O L 4 5/10 #NBA Western Conference Semifinals : Los Angeles #Clippers‚Ä¶ http://t.co/f7DxJIRAzS #Tickets #Ticket
Sat May 09 18:13:25 +0000 2015,TIX http://t.co/uiKMIJY9v3 A A C 2 Round 2 Los Angeles #Clippers at Houston Rockets - Game 5‚Ä¶ http://t.co/lWbdH3dUk6 #Ticket #BasketBall
Sat May 09 18:12:52 +0000 2015,RT @bballbreakdown: How JJ Redick &amp; Austin Rivers Won Game 3 For The #Clippers over the #Rockets  https://t.co/IUiOvqQyv0
Sat May 09 18:12:42 +0000 2015,@VintageLakers Thats why Chris Paul is the fucking man! The #Clippers are going all the way baby Enjoy the Lottery FAKER FANS LOL!
Sat May 09 18:12:10 +0000 2015,L B #NBA #Clippers Los Angeles Clippers SGA Cliff Paul Bobble Head (4) Cheer Stix Magnet Schedule #BasketBall‚Ä¶ http://t.co/wLaAoOUOJX
Sat May 09 18:11:51 +0000 2015,What a game...let me represent!//#losangeles #clippers #nba #nbaplayoffs #basketball #BlakeGriffin‚Ä¶ https://t.co/oa3k1wQBpf
Sat May 09 18:10:51 +0000 2015,RT @samsallstarz: Austin Rivers TODAY. #Clippers - http://t.co/UHBBW1wXc3 http://t.co/JBJnffVPTS
Sat May 09 18:10:37 +0000 2015,Houston Rockets' Stars Shine to Avert Playoff Disaster vs. Los Angeles #Clippers http://t.co/iQ7mfPc3Ww
Sat May 09 18:10:25 +0000 2015,This made me think of @JHarden13: http://t.co/ei7BJ4CUlb//Now I really can't look at James Harden's beard. Gross.//#HOUvsLAC #Clippers
Sat May 09 18:10:23 +0000 2015,#DOCRIVERS #Clippers #nba  #Playoffs Doc talking smack to rockets fans (Vine by @SPUN) https://t.co/dzYf8YrRC8
Sat May 09 18:10:19 +0000 2015,TIX http://t.co/uiKMIJY9v3 2 PLAYOFF #Tickets LA #Clippers ROUND 2 HOME GAME 3 Section 309 Row‚Ä¶ http://t.co/FnypmZabKZ #Ticket #BasketBall
Sat May 09 18:07:47 +0000 2015,#Clippers' #DocRivers was too focused to celebrate son's great game - LA Times http://t.co/VVKCI5Nmug #eyebalz #buzz @latimes
Sat May 09 18:07:17 +0000 2015,#Clippers #LAC  "RT" ‚ÄúI can‚Äôt give enough credit to the coaches and players I play with,‚Äù said‚Ä¶ http://t.co/JyOVG0mEEv " #SportsRoadhouse
Sat May 09 18:07:12 +0000 2015,TIX http://t.co/99Sdr28C3O 1-1 TIX Los Angeles #Clippers Garage Lot 1 5/10 STAPLES Center http://t.co/ukCwNbmXwR #Tickets #Ticket
Sat May 09 18:07:12 +0000 2015,#Solution #FatLoss doctor_oz published Best and Fastest Weight Loss only with Garcinia Cambogia ... http://t.co/Ysa0VWUjmG #Clippers #Diet
Sat May 09 18:07:10 +0000 2015,#laclippers #clippers #lac Jason Terry ejected after shoving Blake Griffin in the back late in Rockets' Game 3.. http://t.co/phiWqo6q56
Sat May 09 18:07:10 +0000 2015,#laclippers #clippers #lac Game 4 Preview: Rockets vs. Clippers http://t.co/YKENERpisH
Sat May 09 18:05:41 +0000 2015,RT @scooterbraun: And don't worry. I see u @JJRedick. 31 tonight and didn't miss. #Clippers
Sat May 09 18:05:13 +0000 2015,Watch Shaq trip on live TV during Clippers vs. Rockets halftime show Clippers #Clippers http://t.co/TRjGd5Qqkv http://t.co/D9qvQgy8LT
Sat May 09 18:05:09 +0000 2015,L L L #Sports #Goods #Clippers Mens T-shirt #eBay #Auction http://t.co/mipNG9qstI
Sat May 09 18:05:09 +0000 2015,Wahl 79524-5201 Chrome Pro 25 Piece Complete  - $34.99 - http://t.co/cUM5drAYVQ - #Clippers #Wow http://t.co/mTZM1HQTyN
Sat May 09 18:05:07 +0000 2015,Watch #Shaq #trip #on #live #TV #during #Clippers #vs. #Rockets #halftime #show‚Ä¶ http://t.co/ExomyrSDAN |PP http://t.co/ztJvB0tGt6
Sat May 09 18:03:48 +0000 2015,RT @NBAMemes: Austin Rivers TODAY. #Clippers http://t.co/K8fwRqGdsu
Sat May 09 18:03:07 +0000 2015,#WeLoveLA #Clippers #LAC Clippers' Doc Rivers was too focused to celebrate son's great game http://t.co/RJ1sxb6ugc #SportsRoadhouse
Sat May 09 18:02:36 +0000 2015,#Clippers #LAC Clippers' Doc Rivers was too focused to celebrate son's great game http://t.co/h0yXfNXlm0 #SportsRoadhouse
Sat May 09 18:00:17 +0000 2015,RT @Castanso: Let's get it Austin rivers killed it https://t.co/biIMKIBJOi #Clippers
Sat May 09 18:00:14 +0000 2015,RT @scooterbraun: Hey Doc Rivers it's ok...u can go nuts now. Your son balled tonight. #Clippers
Sat May 09 18:00:01 +0000 2015,RT @NBAMemes: Austin Rivers TODAY. #Clippers http://t.co/K8fwRqGdsu
Sat May 09 17:58:19 +0000 2015,The flipping Dunkers warming up before half time at the #Clippers game http://t.co/PVwNM2H6T5
Sat May 09 17:58:16 +0000 2015,L L #Collectible #Buzz New Blake Griffin # 32 Los Angeles #Clippers Adidas Replica Blue Youth #NBA‚Ä¶ #Forsale #onsale http://t.co/KKoGa3hlX1
Sat May 09 17:58:16 +0000 2015,TIX http://t.co/99Sdr28C3O L L (2) LA #Clippers vs Houston Rockets 5/14 tickets Game6 Section PR7,‚Ä¶ http://t.co/mw7RepVvG7 #Tickets‚Ä¶
Sat May 09 17:58:00 +0000 2015,‚Üí http://t.co/roiaXi7N6z #Clippers Clippers Put Up a Fight Without Chris Paul, but Rockets Win a Foul-Marred Game Clippers California USA F‚Ä¶
Sat May 09 17:57:02 +0000 2015,Chris Paul may play, he may not, but Clippers will show up for  http://t.co/EFgAXDDS49/  #clippers #houston #rivers
Sat May 09 17:56:44 +0000 2015,RT @CharlieOconnel: #Repost @annasophiab with repostapp.‚Å∞„Éª„Éª„Éª‚Å∞#üèÄ #staplescenter  #gamethree #clippers #lobcity‚Ä¶ https://t.co/U5n4Od7Efv
Sat May 09 17:56:37 +0000 2015,http://t.co/w4tWoo8eei 4 TIX 5/10 NBA Western Conference Semifinals : Los Angeles Cl #Clippers http://t.co/WzS5tllQTR
Sat May 09 17:55:08 +0000 2015,RT @Castanso: Let's get it Austin rivers killed it https://t.co/biIMKIBJOi #Clippers
Sat May 09 17:54:11 +0000 2015,As√≠ van las series en la #NBAPlayoffs/#Grizzlies 1 -1 #Warrios /#Hawks 1-1 #Wizards/#Clippers 2-1 #Rockets/#Bulls 2-1 #Cavaliers
Sat May 09 17:54:07 +0000 2015,Y les guste o no, los #Clippers estan jugando brutal üí™üî•
Sat May 09 17:52:23 +0000 2015,About last night. #Clippers http://t.co/pU4Zjg1eLu
Sat May 09 17:52:15 +0000 2015,L #NBA #Clippers NBA Los Angeles CLIPPERS ODOM #7 JERSEY By Reebok YOUTH SM-8 Net Sleeveless TOP #BasketBall‚Ä¶ http://t.co/6RmXoODLpa
Sat May 09 17:52:15 +0000 2015,#Solution #FatLoss You're Body Building - NOT on a Weight Loss Diet http://t.co/Qy3X8vKXfc #Clippers #Diet
Sat May 09 17:52:11 +0000 2015,RT @Castanso: Let's get it Austin rivers killed it https://t.co/biIMKIBJOi #Clippers
Sat May 09 17:51:54 +0000 2015,RT @bballbreakdown: How JJ Redick &amp; Austin Rivers Won Game 3 For The #Clippers over the #Rockets  https://t.co/IUiOvqQyv0
Sat May 09 17:51:45 +0000 2015,RT @Castanso: Let's get it Austin rivers killed it https://t.co/biIMKIBJOi #Clippers
Sat May 09 17:51:12 +0000 2015,RT @NBAMemes: Austin Rivers TODAY. #Clippers http://t.co/K8fwRqGdsu
Sat May 09 17:51:09 +0000 2015,Conair 22 Piece Cord/Cordless Rechargeable Ha - $16.42 - http://t.co/vKCzgogOR2 - #Clippers #Wow http://t.co/HJJITWu1gc
Sat May 09 17:51:00 +0000 2015,RT @Castanso: Let's get it Austin rivers killed it https://t.co/biIMKIBJOi #Clippers
Sat May 09 17:50:48 +0000 2015,RT @NBAMemes: Austin Rivers TODAY. #Clippers http://t.co/K8fwRqGdsu
Sat May 09 17:50:35 +0000 2015,TIX http://t.co/99Sdr28C3O 1-1 TIX Los Angeles #Clippers Garage Lot 1 5/10 STAPLES Center http://t.co/WL5X25ae7n #Tickets #Ticket
Sat May 09 17:50:05 +0000 2015,Clippers win!! #CLIPPERSvsROCKETS #Clippers #ClipperNation
Sat May 09 17:47:19 +0000 2015,#Clippers are legit...Blake Griffin is legit.  Where are all the haters now?  #crickets
Sat May 09 17:46:38 +0000 2015,RT @scooterbraun: And don't worry. I see u @JJRedick. 31 tonight and didn't miss. #Clippers
Sat May 09 17:46:32 +0000 2015,RT @scooterbraun: Hey Doc Rivers it's ok...u can go nuts now. Your son balled tonight. #Clippers
Sat May 09 17:46:17 +0000 2015,L L L #NBA #Clippers NWT Mens NBA ADIDAS Los Angeles Clippers Chris Paul 3 Swingman Jersey Sz XXL 2XL #BasketBall‚Ä¶ http://t.co/a2G50dMy5H
Sat May 09 17:46:00 +0000 2015,Hey @LAClippers fans, wish your star point guard a happy 30th birthday, won't ya? ‚Äî http://t.co/BN5EpQccpR #Clippers #LACvsHOU #NBAPlayoffs
Sat May 09 17:45:24 +0000 2015,RT @melgon15: Couldn't miss our guys coming back home!!! ‚ù§Ô∏èüíô‚ù§Ô∏èüíô Lets go #Clippers üôåüèº/#ClipperNation #ClipperFam‚Ä¶ https://t.co/pI6Xi9HJuk
Sat May 09 17:45:09 +0000 2015,Wahl 79300-400 Color Pro 20 Piece Complete Ha - $17.14 - http://t.co/loKdWRnaa7 - #Clippers #Wow http://t.co/wQSHarRmRL
Sat May 09 17:43:21 +0000 2015,Go #CLIPPERS #NBAPlayoffs #spectacular #ShaneBrolly #CarrieWhiteHair /#superstars #rivers #paul‚Ä¶ https://t.co/oK0UCrhfaV
Sat May 09 17:41:06 +0000 2015,TIX http://t.co/99Sdr28C3O L (2) Tickets #Clippers Vs Rockets Game 4 5/10/15 Staples Center http://t.co/AzDOLuM0oX #Tickets #Ticket
Sat May 09 17:40:24 +0000 2015,L L L #Sports #Goods NWT Mens #NBA ADIDAS Los Angeles #Clippers Chris Paul 3 Swingman #Jersey Sz XXL 2XL #eBay‚Ä¶ http://t.co/LYefHbmvRD
Sat May 09 17:39:46 +0000 2015,Phillip rivers was at the #Clippers game lastnight
Sat May 09 17:39:39 +0000 2015,How JJ Redick &amp; Austin Rivers Won Game 3 For The #Clippers over the #Rockets  https://t.co/IUiOvqQyv0
Sat May 09 17:38:33 +0000 2015,The Clippers won 124 - 99 over the Rockets. #clippers #rockets
Sat May 09 17:38:16 +0000 2015,Austin termin√≥ con 25 puntos, 6 rebotes, 2 asistencias, un robo y hasta una tapa/#CLIPPERS/#ROCKETS
Sat May 09 17:37:58 +0000 2015,RT @BarbarosTapan: http://t.co/mFfDypYE5c #nbaplayoffs  #Clippers #Rockets  NBA ' de Pota Arkasi
Sat May 09 17:37:34 +0000 2015,TIX http://t.co/uiKMIJY9v3 1-1 TIX Los Angeles #Clippers Garage Lot 1 5/10 STAPLES Center http://t.co/9E7bP6km3c #Ticket #BasketBall
Sat May 09 17:37:09 +0000 2015,Austin Rivers la rompi√≥ para un triunfazo 124-99 de los #Clippers que demolieron a #Houston as√≠ ponerse 2-1 en la serie/#PlayOffs #NBA
Sat May 09 17:36:37 +0000 2015,RT @MrRickyWang: Chillin with my homie James Harden after the game at philippechowbeverlyhills. Is you team #clippers‚Ä¶ https://t.co/LlN3ovt‚Ä¶
Sat May 09 17:36:22 +0000 2015,http://t.co/w4tWoo8eei [Dime Magazine] - Chris Paul To Doc Rivers During His Son‚Äôs G #Clippers http://t.co/6TlvlI9mji
Sat May 09 17:35:31 +0000 2015,Rotating pitching coaches for #Clippers after Carl Willis departs for Boston. Tim Belcher, Charles Nagy &amp; Ruben Niebla, Tribe announces.
Sat May 09 17:35:07 +0000 2015,#Solution #FatLoss 5 Keys to Get Skinny http://t.co/KypFmpN7si #Clippers #Diet
Sat May 09 17:34:37 +0000 2015,RT @FoxSportsWest: #AustinRivers gets emotional after breakout game in #Clippers' win over #Rockets, @jillpainter http://t.co/bvcs3DrtU8 ht‚Ä¶
Sat May 09 17:34:23 +0000 2015,RT @816Eiman: #clippers
Sat May 09 17:33:10 +0000 2015,L #NBA #Clippers Authentic Los Angeles Clippers Lamar Odom Jersey #BasketBall #Bargain http://t.co/WCdCnNsmP4
Sat May 09 17:31:48 +0000 2015,What I saw yesterday from Austin Rivers was emotion bringing players together and making pops proud #Clippers @AustinRivers25
Sat May 09 17:31:20 +0000 2015,#Clippers #LAC Khloe Kardashian &amp; Kendall Jenner Get Booed At LA Clippers Game http://t.co/OQQ8lgW64n #SportsRoadhouse
Sat May 09 17:31:19 +0000 2015,#Clippers #LAC LA Clippers beat Houston Rockets to take lead in NBA Western semi series http://t.co/47snnqNya9 #SportsRoadhouse
Sat May 09 17:31:19 +0000 2015,Chillin with my homie James Harden after the game at philippechowbeverlyhills. Is you team #clippers‚Ä¶ https://t.co/LlN3ovtNEF
Sat May 09 17:31:10 +0000 2015,#WeLoveLA #LAC #Clippers Khloe Kardashian &amp; Kendall Jenner Get Booed At LA Clippers Game http://t.co/Y9Ku6NAlzO #SportsRoadhouse
Sat May 09 17:31:09 +0000 2015,#WeLoveLA #LAC #Clippers LA Clippers beat Houston Rockets to take lead in NBA Western semi series http://t.co/9e5TQYdWZr #SportsRoadhouse
Sat May 09 17:30:24 +0000 2015,Photo: #clippers gameüèÄ http://t.co/p4HmHXRHpw
Sat May 09 17:30:23 +0000 2015,#clippers gameüèÄ https://t.co/idWHh3zT9e
Sat May 09 17:28:28 +0000 2015,Austin Rivrs ply takes pressure off Chris #Paul in Clipprs win http://t.co/PnuaVTfi5w #Clippers #Rivers #Rockets
Sat May 09 17:27:47 +0000 2015,RT @NBAMemes: Austin Rivers TODAY. #Clippers http://t.co/K8fwRqGdsu
Sat May 09 17:27:29 +0000 2015,RT @NBAMemes: Austin Rivers TODAY. #Clippers http://t.co/K8fwRqGdsu
Sat May 09 17:27:09 +0000 2015,#ESPN #Clippers Barnes addresses $50K fine http://t.co/CxuV0IpJUt http://t.co/6KFt5b9JhY
Sat May 09 17:27:07 +0000 2015,#ESPN #Clippers Doc enjoys Austin Rivers' points flurry as father and coach http://t.co/WLPIIDb4fp http://t.co/6KFt5b9JhY
Sat May 09 17:26:08 +0000 2015,L #Sports #Goods Authentic Los Angeles #Clippers Lamar Odom #Jersey #eBay #Auction http://t.co/vJhGzPMUnR
Sat May 09 17:26:05 +0000 2015,¬ª http://t.co/h4UPfeFHFJ Clippers #Clippers Rockets vs Clippers NBA Playoffs preview: Houston must bounce back ¬ª UPDATE ¬ª Illinois USA Joli‚Ä¶
Sat May 09 17:25:14 +0000 2015,#NBA #Clippers - 40 Panini 2013 NBA  L A Clippers and 150 Mini  Stickers:  $12.00End Da... http://t.co/k0GtuzLi30 http://t.co/k33Sm3HFUt
Sat May 09 17:25:13 +0000 2015,#NBA #Clippers - LA Clippers Workout Tank Top and Shorts by Concepts Sport Women's Size... http://t.co/kqaRdh0WhB http://t.co/k33Sm3HFUt
