Thu Nov 19 18:30:11 +0000 2015,#Spurs #GoSpursGo 2013-14 Panini NBA Hoops Board Members #21 Tim Duncan San Antonio Spurs https://t.co/HeLELgEtVG #TimDuncan #NBA
Thu Nov 19 18:29:26 +0000 2015,RT @tori_n_fagan: The Klaw!!!! ‚úãüèÄ #GoSpursGo
Thu Nov 19 18:27:06 +0000 2015,#GoTimmyGo #GOAT/No te retires Nunca /#GoSpursGo  https://t.co/o67GslquF7
Thu Nov 19 18:26:13 +0000 2015,Happy B-day to my Spurs sister @NiaLong enjoy your day lady #GoSpursGo
Thu Nov 19 18:25:03 +0000 2015,#GoSpursGo üöÄ/#RaceForSeis https://t.co/RE4Oxr0nP4
Thu Nov 19 18:20:36 +0000 2015,RT @ClaireHBurrus: Warm up so wet #GoSpursGo #SpursNation
Thu Nov 19 18:17:48 +0000 2015,Great Win for #Spurs yesterday #GoSpursGo
Thu Nov 19 18:15:23 +0000 2015,#Spurs #GoSpursGo 2014-15 EXCALIBUR TIM DUNCAN KNIGHT COURT INSERT #Card #3 SAN ANTONIO SPURS https://t.co/zMCNtInAFu #TimDuncan #NBA
Thu Nov 19 18:12:12 +0000 2015,RT @theborisdiaw: Good win at home before going to New Orleans. Thanks for the kind messages everybody and have a great night. #GoSpursGo
Thu Nov 19 18:08:03 +0000 2015,#sanantoniospurs #sanantonio #GoSpursGo LeBron James' Cavs are getting a bit snippy, but this is all part of t.. https://t.co/qHGhPPJXKJ
Thu Nov 19 18:02:43 +0000 2015,Hoje tem Clippers contra Warriors em Los Angeles. Bora secar um pouquinho o GSW e assumir a lideran√ßa do Oeste em breve #GoSpursGo
Thu Nov 19 17:58:53 +0000 2015,RT @SpursCoyote: Look who's on the front page! #BigTime #GoSpursGo https://t.co/IiheNYpfeO
Thu Nov 19 17:58:34 +0000 2015,#Spurs #GoSpursGo 2012-13 PLAYOFF CONTENDERS TIM DUNCAN INSERT #Card #1 SAN ANTONIO SPURS https://t.co/gjLkcla7jn #TimDuncan #NBA
Thu Nov 19 17:45:36 +0000 2015,@ESPNNBA #GoSpursGo
Thu Nov 19 17:44:39 +0000 2015,#gospursgo https://t.co/xgAShhGdm7
Thu Nov 19 17:43:44 +0000 2015,RT @VisitSanAntonio: #GoSpursGo! Add a @Spurs game to your visit with our deal on tickets: https://t.co/AisZV51ZWS
Thu Nov 19 17:42:33 +0000 2015,#Spurs #GoSpursGo TIM DUNCAN 1997/98 #Topps CHROME #115 BGS 9 RARE MINT REFRACTOR ROOKIE RC MK017 https://t.co/Wpg8gHTnqW #TimDuncan #NBA
Thu Nov 19 17:32:49 +0000 2015,#GoSpursGo  https://t.co/ett7w7ZhWS
Thu Nov 19 17:28:06 +0000 2015,RT @SpursCoyote: Look who's on the front page! #BigTime #GoSpursGo https://t.co/IiheNYpfeO
Thu Nov 19 17:27:05 +0000 2015,#Spurs #GoSpursGo 2014-15 EXCALIBUR TIM DUNCAN NOBILITY INSERT #Card #19 SAN ANTONIO SPURS https://t.co/4AbCe4npXB #TimDuncan #NBA
Thu Nov 19 17:13:13 +0000 2015,Didn't get a chance to post this last night all we do is #Win #SpursBitch #GoSpursGo #SanAntonioSpurs‚Ä¶ https://t.co/vY7CrmHOwc
Thu Nov 19 17:11:05 +0000 2015,#Spurs #GoSpursGo 1997-98 SP Authentic Tim Duncan RC Miscut Rookie Very Rare https://t.co/fD3brBlwgR #TimDuncan #NBA
Thu Nov 19 17:05:08 +0000 2015,RT @theborisdiaw: Good win at home before going to New Orleans. Thanks for the kind messages everybody and have a great night. #GoSpursGo
Thu Nov 19 17:02:33 +0000 2015,RT @theborisdiaw: Good win at home before going to New Orleans. Thanks for the kind messages everybody and have a great night. #GoSpursGo
Thu Nov 19 16:58:47 +0000 2015,RT @theborisdiaw: Good win at home before going to New Orleans. Thanks for the kind messages everybody and have a great night. #GoSpursGo
Thu Nov 19 16:49:01 +0000 2015,My second-favorite player surpasses my favorite player. Block fest! #gospursgo  https://t.co/kiJ7mGYe6J
Thu Nov 19 16:30:51 +0000 2015,@DareToDream1225 Thanks for the follow! Like us on Facebook at https://t.co/iLIm9SFo3j #GoSpursGo #Spurs
Thu Nov 19 16:29:56 +0000 2015,@spurs Just another day at the office for #21! #GOAT #GOSPURSGO #TIMMY
Thu Nov 19 16:26:58 +0000 2015,RT @spurs: Another good night at the @attcenter! //#GoSpursGo/https://t.co/aZw7Ke5bvG
Thu Nov 19 16:24:06 +0000 2015,#Spurs #GoSpursGo TIM DUNCAN 1997-98 SKYBOX PREMIUM NEXT GAME INSERT MINT https://t.co/NjlLSn0wox #TimDuncan #NBA
Thu Nov 19 16:23:59 +0000 2015,RT @theborisdiaw: Good win at home before going to New Orleans. Thanks for the kind messages everybody and have a great night. #GoSpursGo
Thu Nov 19 16:23:12 +0000 2015,Sign this petition. Change the name of Lee High School to Popovich High! https://t.co/E5AeAFTtp5 @ipetitions @spurs #GOSPURSGO #SpursNation
Thu Nov 19 16:15:35 +0000 2015,RT @SpursCoyote: Look who's on the front page! #BigTime #GoSpursGo https://t.co/IiheNYpfeO
Thu Nov 19 16:15:32 +0000 2015,RT @VisitSanAntonio: #GoSpursGo! Add a @Spurs game to your visit with our deal on tickets: https://t.co/AisZV51ZWS
Thu Nov 19 16:14:47 +0000 2015,My latest article over @AirAlamo. How well did the #Spurs players perform? Post Game Grades here. https://t.co/0459Kvfl3m #GoSpursGo
Thu Nov 19 16:14:22 +0000 2015,@DCC_DMD_NATION @desireedalilah Perfect choice! She is so pretty. #GoSpursGo
Thu Nov 19 16:13:52 +0000 2015,RT @GoSpursGoMemes: Turn up the volume, this is gold. Lmao/#GoSpursGo #RaceForSeis #Spurs #SpursNation https://t.co/sSlxNXWLRo
Thu Nov 19 16:13:51 +0000 2015,RT @HotTrends8: #Spurs #GoSpursGo 1997-98 Tim Duncan Rookie -Fleer Ultra All-Rookies AR11/15 Mint!!! 9.5 or Better https://t.co/E9d54LF0CV ‚Ä¶
Thu Nov 19 16:13:51 +0000 2015,RT @GoSpursGoMemes: Hilarious. Turn up the volume./#GoSpursGo #Spurs #SpursNation #RaceForSeis #SpursFamily #GoSpursGoMemes... https://t.co‚Ä¶
Thu Nov 19 16:13:48 +0000 2015,RT @HotTrends8: #Spurs #GoSpursGo Tim Duncan, Manu Ginobli, &amp; Tony Parker Lot Of 13 Spurs #Cards https://t.co/e8AJLpxkv9 #TimDuncan #NBA
Thu Nov 19 16:13:37 +0000 2015,RT @AirAlamo: How well did each #Spurs player perform? Co-Editor @texasgmr has you covered in his latest grades. https://t.co/NoXmjHaSoJ #G‚Ä¶
Thu Nov 19 16:13:27 +0000 2015,How well did each #Spurs player perform? Co-Editor @texasgmr has you covered in his latest grades. https://t.co/NoXmjHaSoJ #GoSpursGo
Thu Nov 19 16:08:05 +0000 2015,#Spurs #GoSpursGo Tim Duncan, Manu Ginobli, &amp; Tony Parker Lot Of 13 Spurs #Cards https://t.co/e8AJLpxkv9 #TimDuncan #NBA
Thu Nov 19 16:06:59 +0000 2015,Happy birthday Little Monster ü¶ÅüéâüéàüéÅüéÄüéä  üèÄ #gospursgo üèÄ #sanantonio @ AT&amp;T Center https://t.co/ofcti0stdj
Thu Nov 19 16:01:33 +0000 2015,RT @spurs: Another good night at the @attcenter! //#GoSpursGo/https://t.co/aZw7Ke5bvG
Thu Nov 19 15:53:50 +0000 2015,Hilarious. Turn up the volume./#GoSpursGo #Spurs #SpursNation #RaceForSeis #SpursFamily #GoSpursGoMemes... https://t.co/K8VgAWFdP6
Thu Nov 19 15:53:36 +0000 2015,#SanAntonioSpurs SAN ANTONIO SPURS XXL VINTAGE RETRO NYLON HOODED PULLOVER:  $149.00End Da... https://t.co/Jhx7L9CeBd #SASpurs #GoSpursGo
Thu Nov 19 15:52:35 +0000 2015,#Spurs #GoSpursGo 1997-98 Tim Duncan Rookie -Fleer Ultra All-Rookies AR11/15 Mint!!! 9.5 or Better https://t.co/E9d54LF0CV #TimDuncan #NBA
Thu Nov 19 15:51:32 +0000 2015,A1: I'm excited to see my family and go see the Spurs whoop up on the Mavs #eds2320 #GoSpursGo
Thu Nov 19 15:51:14 +0000 2015,Turn up the volume, this is gold. Lmao/#GoSpursGo #RaceForSeis #Spurs #SpursNation https://t.co/sSlxNXWLRo
Thu Nov 19 15:45:51 +0000 2015,Cupcake schedule no concern of Spurs: SAN ANTONIO ‚Äì The Spurs make no apologies for forging their 9... https://t.co/wacIxvUONw #GoSpursGo
Thu Nov 19 15:40:59 +0000 2015,Look who's on the front page! #BigTime #GoSpursGo https://t.co/IiheNYpfeO
Thu Nov 19 15:38:54 +0000 2015,RT @robyncordova_: Thats my boy #GoSpursGo üòèüî•üèÄ https://t.co/aT2yKOP3zs
Thu Nov 19 15:37:59 +0000 2015,Holy shit. @tonyparker jus walked by me #GoSpursGo
Thu Nov 19 15:37:24 +0000 2015,RT @JeffGarciaPS: Gallinari latest forward to face defense of #Spurs , Leonard - https://t.co/DoaGbjYIlY #gospursgo @PaulGarciaPS
Thu Nov 19 15:37:05 +0000 2015,RT @MaddySkye: Help us name the mascot for the fictional (for now) Gregg Popovich High School https://t.co/VNdGP1Uq7q via @mySA #GoSpursGo ‚Ä¶
Thu Nov 19 15:36:51 +0000 2015,#Spurs #GoSpursGo KAWHI LEONARD TIM DUNCAN LAMARCUS ALDRIDGE 2015-16 NBA HOOPS 8 #Card LOT SPURS https://t.co/nQok82qY7r #TimDuncan #NBA
Thu Nov 19 15:36:07 +0000 2015,Dois lances do @tonyparker contra o Nuggets no NBA top 10. Coisa linda de se ver #GoSpursGo #GoTonyGo
Thu Nov 19 15:32:48 +0000 2015,Jus saw @tonyparker #GoSpursGo
Thu Nov 19 15:30:57 +0000 2015,RT @spurs: Up 31-24 after one! Patty leading the way with 8 and LaMarcus with 6.//#GoSpursGo
Thu Nov 19 15:26:38 +0000 2015,God with us #SpursNation #GoSpursGo lol https://t.co/UWd1iiKcZp
Thu Nov 19 15:23:25 +0000 2015,Help us name the mascot for the fictional (for now) Gregg Popovich High School https://t.co/VNdGP1Uq7q via @mySA #GoSpursGo @SASpurs5
Thu Nov 19 15:23:22 +0000 2015,RT @MdotTwenty5: Hey a win is a win though #GoSpursGo
Thu Nov 19 15:21:25 +0000 2015,RT @JeffGarciaPS: Gallinari latest forward to face defense of #Spurs , Leonard - https://t.co/DoaGbjYIlY #gospursgo @PaulGarciaPS
Thu Nov 19 15:21:14 +0000 2015,#Spurs #GoSpursGo Shaquille O'Neal &amp; Tim Duncan 2013-14 Preferred Game Used Patch 9/25 https://t.co/LQ8O96GrQV #TimDuncan #NBA
Thu Nov 19 15:20:47 +0000 2015,Yeah Baby! Spurs Win! /#GoSpursGo üèÄ https://t.co/XKNxOhA0it
Thu Nov 19 15:18:24 +0000 2015,RT @spurs: Another good night at the @attcenter! //#GoSpursGo/https://t.co/aZw7Ke5bvG
Thu Nov 19 15:01:19 +0000 2015,RT @Alex12Lensois: @ThibaultRCL @Seb_lensois #GoSpursGo
Thu Nov 19 15:00:45 +0000 2015,"üëåüëåüëåüëåüëåüëå@spurs: Another good night at the @attcenter! //#GoSpursGo/https://t.co/nhl3rIurFo"
Thu Nov 19 15:00:11 +0000 2015,@ThibaultRCL @Seb_lensois #GoSpursGo
Thu Nov 19 15:00:00 +0000 2015,#GoSpursGo #CONGRATZ #Day8üèÄüèÄüèÄüèÄüèÄüèÄüèÄüèÄüèÄüèÄüèÄüèÄüèÄüèÄüèÄüèÄüèÄüèÄüèÄüèÄüèÄüèÄüèÄüèÄüèÄüèÄüèÜ
Thu Nov 19 14:59:45 +0000 2015,Parker leads surging #Spurs  past Nuggets - https://t.co/vAiI8ps0fH @ImSteveAnderson #gospursgo
Thu Nov 19 14:59:02 +0000 2015,Gallinari latest forward to face defense of #Spurs , Leonard - https://t.co/DoaGbjYIlY #gospursgo @PaulGarciaPS
Thu Nov 19 14:56:47 +0000 2015,RT @VisitSanAntonio: #GoSpursGo! Add a @Spurs game to your visit with our deal on tickets: https://t.co/AisZV51ZWS
Thu Nov 19 14:52:06 +0000 2015,RT @jmhsrod: My Spurs got dissed last night on Blackish #wasfunnydoe #badhairspurs #5ringsandnofades #truth #gospursgo https://t.co/hxHcIsB‚Ä¶
Thu Nov 19 14:48:35 +0000 2015,@dgreen_14 knocking down a 3 üëåüèæ#GoSpursGo @ AT&amp;T Center https://t.co/0SRLWqJ2ng
Thu Nov 19 14:47:11 +0000 2015,#GoSpursGo https://t.co/U0tDGRLdOc
Thu Nov 19 14:40:13 +0000 2015,#gospursgo the best way to drink my coffee @yeticoolers https://t.co/VC9VlJbr8y
Thu Nov 19 14:34:33 +0000 2015,#Spurs #GoSpursGo TIM DUNCAN 2014-15 PANINI PRIZM PRIZMS #Card #34 https://t.co/7YDJIpC8oK #TimDuncan #NBA
Thu Nov 19 14:28:56 +0000 2015,RT @4ever_Sandy: SPURS WIN!!!!!!!! #SpursWin #SpursNation #SpursFam #GoSpursGo ‚ù§Ô∏èüèÄüëèüèª https://t.co/aNzUnxdnqC
Thu Nov 19 14:27:33 +0000 2015,Shoutout to @GametimeUnited for some great "cheap seats" to last nights @spurs game! #GoSpursGo https://t.co/LgsCGle95Q
Thu Nov 19 14:25:32 +0000 2015,RT @ItzaOnAir: No other way to say it!  I‚ù§Ô∏èmySpurs!!! #WaytoGo #SixinaRow #WWWWWW #GoSpursGo https://t.co/ocIUYg8giP
Thu Nov 19 14:24:43 +0000 2015,RT @theborisdiaw: Good win at home before going to New Orleans. Thanks for the kind messages everybody and have a great night. #GoSpursGo
Thu Nov 19 14:23:49 +0000 2015,RT @BblackRrainbow: Nike air force Spurs üòçüòçüòç #SpursNation #spurs #GoSpursGo https://t.co/MkyHGNtJm9
Thu Nov 19 14:20:34 +0000 2015,Good morning!/#GoSpursGo #Spurs https://t.co/1qnKV2RTZd
Thu Nov 19 14:20:15 +0000 2015,Com uma baita partida de Tony Parker os Spurs venceram mais uma!#GoSpursGo https://t.co/4Ti4Ji0Gpb
Thu Nov 19 14:18:35 +0000 2015,#Spurs #GoSpursGo (6) 2014/15 PANINI GALA BASE /79 TIM DUNCAN, DAMIAN LILLARD, TY LAWSON,......... https://t.co/9jdEPM8yUx #TimDuncan #NBA
Thu Nov 19 14:15:50 +0000 2015,Thats my boy #GoSpursGo üòèüî•üèÄ https://t.co/aT2yKOP3zs
Thu Nov 19 14:15:47 +0000 2015,My Spurs got dissed last night on Blackish #wasfunnydoe #badhairspurs #5ringsandnofades #truth #gospursgo https://t.co/hxHcIsBjVk
Thu Nov 19 14:13:14 +0000 2015,RT @theborisdiaw: Good win at home before going to New Orleans. Thanks for the kind messages everybody and have a great night. #GoSpursGo
Thu Nov 19 14:12:21 +0000 2015,Last Night‚ö™Ô∏è.‚ö´Ô∏è #GoSpursGo https://t.co/vca2ircuIp
Thu Nov 19 14:08:56 +0000 2015,RT @spurs: Up 31-24 after one! Patty leading the way with 8 and LaMarcus with 6.//#GoSpursGo
Thu Nov 19 14:08:04 +0000 2015,#sanantoniospurs #sanantonio #GoSpursGo 'Gregg Popovich High School?' One Texan wants it, Coach Pop does not (.. https://t.co/7FFOUcZo7Z
Thu Nov 19 14:00:45 +0000 2015,@minervabernal72 Thanks for the follow! Like us on Facebook at https://t.co/iLIm9SFo3j #GoSpursGo #Spurs #SpursNation #GoSpursGoMemes
Thu Nov 19 13:59:25 +0000 2015,@ScoreBig Don't want to get hurt by those crazy folks. Possible Finals preview!/#NoMoreLines #GoSpursGo https://t.co/c93XqqCfF1
Thu Nov 19 13:54:58 +0000 2015,My favorite part of this NBA season is seeing how annoyed my boyfriend is with the Rockets being so bad. #GoSpursGo
Thu Nov 19 13:48:25 +0000 2015,#Spurs #GoSpursGo tim duncan rc auto metal universe #Autograph signed #Card with coa https://t.co/bJeFRDCb3O #TimDuncan #NBA
Thu Nov 19 13:44:56 +0000 2015,RT @seanelliott_32: Tonight's #Spurs keys to victory: Leonard Gallinari matchup, solid bench play and jump the Nuggets early. #GoSpursGo
Thu Nov 19 13:43:01 +0000 2015,RT @theborisdiaw: Good win at home before going to New Orleans. Thanks for the kind messages everybody and have a great night. #GoSpursGo
Thu Nov 19 13:41:47 +0000 2015,RT @LFHSHoops: The FALCONS have arrived in San Antonio. #GoFalcons #GoSpursGo https://t.co/BC1Hfgvoem
