Sat May 09 18:17:43 +0000 2015,How excited am I about today? Well....//#Grizzlies http://t.co/dl8exO4VHR
Sat May 09 18:17:20 +0000 2015,RT @sportstv_tr: #NBAsportstvde #NBAPlayoffs #NBA #Grizzlies #Warriors //≈ûifresiz yayƒ±nla, sportstv ekranlarƒ±nda! http://t.co/4PIi3dlZRp
Sat May 09 18:16:17 +0000 2015,Tony Allen When You Need Him: Playoff Edition #Grizzlies #MemphisGrizzlies http://t.co/VtxxtdH29Z http://t.co/UpwBrlHZqP
Sat May 09 18:15:10 +0000 2015,#NBAsportstvde #NBAPlayoffs #NBA #Grizzlies #Warriors //≈ûifresiz yayƒ±nla, sportstv ekranlarƒ±nda! http://t.co/4PIi3dlZRp
Sat May 09 18:15:08 +0000 2015,#Grizzlies' Conley has new mask with swelling easing in cheek http://t.co/Pb2FbeEbHl #NBA
Sat May 09 18:15:08 +0000 2015,#Grizzlies' Conley fitted for new face mask http://t.co/WzZByI3adu #ESPN
Sat May 09 18:14:57 +0000 2015,RT @Regional_Pilsen: As√≠ van las series en la #NBAPlayoffs/#Grizzlies 1 -1 #Warrios /#Hawks 1-1 #Wizards/#Clippers 2-1 #Rockets/#Bulls 2-1 ‚Ä¶
Sat May 09 18:14:21 +0000 2015,RT @CSNAuthentic: NBA Gameday: #Warriors favored vs. #Grizzlies in pivotal Game 3 http://t.co/Ln7kVWUfl6 (@MontePooleCSN) #WarriorsTalk htt‚Ä¶
Sat May 09 18:12:15 +0000 2015,http://t.co/NvAB9WpvYy Grizzlies ' Conley has new mask with swelling easing in chee #Grizzlies http://t.co/RMBWT17Yr6
Sat May 09 18:11:36 +0000 2015,NBA Gameday: #Warriors favored vs. #Grizzlies in pivotal Game 3 http://t.co/Ln7kVWUfl6 (@MontePooleCSN) #WarriorsTalk http://t.co/OJCRQzw04j
Sat May 09 18:10:42 +0000 2015,#NBA #Grizzlies- Memphis Grizzlies Mike Conley #11 Adidas Swingman NBA Jersey Blue Larg... http://t.co/I5yfTv7r7K http://t.co/lQmogZfBKD
Sat May 09 18:10:34 +0000 2015,Could #grizzlies make a come back in WA state? A grizzly hasn't been spotted in the Northern Cascades since 1996. http://t.co/YieRXY8z4A
Sat May 09 18:10:11 +0000 2015,RT @memgrizz: #Grizzlies continue to Paint the Town Blue &amp; Gold for Home Games 3 &amp; 4 vs. #Warriors! Info &gt; http://t.co/cj6o4dEjfH http://t.‚Ä¶
Sat May 09 18:08:51 +0000 2015,RT @memgrizz: #Grizzlies continue to Paint the Town Blue &amp; Gold for Home Games 3 &amp; 4 vs. #Warriors! Info &gt; http://t.co/cj6o4dEjfH http://t.‚Ä¶
Sat May 09 18:07:23 +0000 2015,Inside the mind of the #Grizzlies ' Tony Allen http://t.co/YGs9J60HY8 http://t.co/DSo7bpMXlo
Sat May 09 18:07:14 +0000 2015,#memphisgrizzlies #grizzlies #grizzfans Stephen A.: Grizzlies 'have a very good chance' http://t.co/s5yStDwhMJ
Sat May 09 18:07:04 +0000 2015,#memphis #grizzlies 10 from Tillery: Primer for Game 3 of West semis http://t.co/wIlk2EXnPV
Sat May 09 18:06:08 +0000 2015,#Grizzlies #Memphis Warriors facing adversity at Memphis: On the other hand, Mike Conley, who mis... http://t.co/1Xp6nzUqk0 #GrizzNation
Sat May 09 18:05:05 +0000 2015,http://t.co/NvAB9WpvYy [USA Today] - Grizzlies' Conley has new mask with swelling e #Grizzlies http://t.co/QeC8j4AQTM
Sat May 09 18:04:45 +0000 2015,#NBAPlayoffs today://#Warriors@#Grizzlies/#Hawks@#Wizards//#winz http://t.co/8OH67McIhx
Sat May 09 18:01:28 +0000 2015,Inside the mind of the #Grizzlies' Tony Allen - via @ESPN App null
Sat May 09 18:00:45 +0000 2015,#NBAPlayoffs #Game3-#Grizzlies are Good ATS Option at Home- #Betting Odds #Picks &amp; #Predictions-#Grizz #DubNation http://t.co/Av9yTbPDnG
Sat May 09 18:00:25 +0000 2015,NOTICIAS | TONY ALLEN, respetados por los m√°s grandes: http://t.co/0irqPqfCA7 #Grizzlies #Grizzoffs http://t.co/kVr8xNAX1L
Sat May 09 17:58:46 +0000 2015,RT @StanfordVoice: #Grizzlies paying homage to Mike Conley with fan masks for everybody tonight. #gswarriors @GSWarriors_ #KTVU http://t.co‚Ä¶
Sat May 09 17:58:03 +0000 2015,#Grizzlies Good spot to watch the game near Airport? http://t.co/u4rTOrilAF
Sat May 09 17:55:13 +0000 2015,Ready to cheer on our Grizzlies tonight! We Believe!! #memphis #Grizzlies #WeBelieve #1stteamalldefence #GritNGrind #choose901
Sat May 09 17:54:11 +0000 2015,As√≠ van las series en la #NBAPlayoffs/#Grizzlies 1 -1 #Warrios /#Hawks 1-1 #Wizards/#Clippers 2-1 #Rockets/#Bulls 2-1 #Cavaliers
Sat May 09 17:52:35 +0000 2015,Filming Grizzlies in Yellowstone this weekend with durgan_photography. #yellowstone #grizzlies #filming #nature #‚Ä¶ http://t.co/5o75T6MnqN‚Ä¶
Sat May 09 17:52:14 +0000 2015,The Coach√¢¬Ä¬ôs Changing Role - http://t.co/pecIrRsMQg #Grizzlies
Sat May 09 17:51:33 +0000 2015,Filming Grizzlies in Yellowstone this weekend with @durgan_photography. #yellowstone #grizzlies #filming #nature #‚Ä¶ http://t.co/xiGn28nXg9
Sat May 09 17:48:40 +0000 2015,One ticket for sale for tonight's #Grizzlies game. #Memphis #choose901  http://t.co/z0VdIUoxG1
Sat May 09 17:47:12 +0000 2015,@memgrizz worst part about being a fan and living in #Nashville is I never can find #Grizzlies stuff. #NoLove for the home state team.
Sat May 09 17:45:09 +0000 2015,Inside the mind of the #Grizzlies' Tony Allen http://t.co/HIvD9wzjwO #ESPN
Sat May 09 17:43:45 +0000 2015,RT @SportSouth: Inside the friendship between @memgrizz and one young fan, via @brandonspeck http://t.co/HDqyXElMer #Grizzlies
Sat May 09 17:43:00 +0000 2015,Golden State #GSWarriors vs Memphis #Grizzlies Live Odds &amp; #NBAPlayoffs Game 3 #FreePicks on ABC at 8:00p ET - http://t.co/n6Yk1OepKM
Sat May 09 17:39:39 +0000 2015,RT @memgrizz: #Grizzlies continue to Paint the Town Blue &amp; Gold for Home Games 3 &amp; 4 vs. #Warriors! Info &gt; http://t.co/cj6o4dEjfH http://t.‚Ä¶
Sat May 09 17:38:13 +0000 2015,#Grizzlies Tweets: Follow your #Grizz through Rd 2 of the #NBAPlayoffs v #GSW! Tune in‚Ä¶ http://t.co/HXryufEpvZ #NBA http://t.co/tTkRzWlPbY
Sat May 09 17:37:50 +0000 2015,RT @StanfordVoice: #Grizzlies paying homage to Mike Conley with fan masks for everybody tonight. #gswarriors @GSWarriors_ #KTVU http://t.co‚Ä¶
Sat May 09 17:37:27 +0000 2015,RT @memgrizz: #Grizzlies continue to Paint the Town Blue &amp; Gold for Home Games 3 &amp; 4 vs. #Warriors! Info &gt; http://t.co/cj6o4dEjfH http://t.‚Ä¶
Sat May 09 17:36:29 +0000 2015,RT @CappedIn_Feed: West Semis:Warriors vs Grizzlies Game 3  - http://t.co/cSId8CQzAH #sportsbetting #Grizzlies #Warriors  @PopDibiase
Sat May 09 17:36:08 +0000 2015,#memphisgrizzlies #memphis #grizzlies Tony Allen When You Need Him: Playoff Edition http://t.co/PX58TDPw7s
Sat May 09 17:34:17 +0000 2015,West Semis:Warriors vs Grizzlies Game 3  - http://t.co/cSId8CQzAH #sportsbetting #Grizzlies #Warriors  @PopDibiase
Sat May 09 17:33:52 +0000 2015,Conley @ half the price of Curry is great value, $100K prizes &amp; free entry by joining DK https://t.co/XoYClu8qiU #Grizz #Warriors #Grizzlies
Sat May 09 17:33:40 +0000 2015,RT @memgrizz: #Grizzlies continue to Paint the Town Blue &amp; Gold for Home Games 3 &amp; 4 vs. #Warriors! Info &gt; http://t.co/cj6o4dEjfH http://t.‚Ä¶
Sat May 09 17:32:08 +0000 2015,RT @andriakbrown: We Donut Bluff! #Grizzlies  https://t.co/tcOXST6SOy
Sat May 09 17:30:41 +0000 2015,RT @memgrizz: #Grizzlies continue to Paint the Town Blue &amp; Gold for Home Games 3 &amp; 4 vs. #Warriors! Info &gt; http://t.co/cj6o4dEjfH http://t.‚Ä¶
Sat May 09 17:27:15 +0000 2015,#Grizzlies Marc, Zach, Tony, Mike thank your for everything. http://t.co/1NPOd2uAP3
Sat May 09 17:26:58 +0000 2015,RT @TeresaMWalker: Conley says he's tired of hearing himself called underrated. Says it was fine early in his career but not now. #Grizzlies
Sat May 09 17:26:10 +0000 2015,RT @StanfordVoice: #Grizzlies paying homage to Mike Conley with fan masks for everybody tonight. #gswarriors @GSWarriors_ #KTVU http://t.co‚Ä¶
Sat May 09 17:24:16 +0000 2015,RT @TeresaMWalker: #Warriors Draymond Green on being recognized here in Memphis says "I haven't left the hotel." #Grizzlies
Sat May 09 17:22:24 +0000 2015,RT @STalkWarriors: Tonight is crucial. It's a must win for the Dubs! #DubNation , lets go get this win! #Warriors #Grizzlies http://t.co/iG‚Ä¶
Sat May 09 17:21:50 +0000 2015,RT @RealRichDouglas: #Grizzlies @GamingTodayNews #MLB #ContestGT #GoVIP
Sat May 09 17:21:50 +0000 2015,#Grizzlies paying homage to Mike Conley with fan masks for everybody tonight. #gswarriors @GSWarriors_ #KTVU http://t.co/uc9LKEW0yW
Sat May 09 17:21:44 +0000 2015,Page2/#A's #M's//#NBA/#Hawks -3.5 #Wiz/#GSt. -4.5 #Grizzlies//#NHL /#TB #Habs//#MLS/#Fire -.5 #RSL/#Whitecaps -.5 #Union/#Crew -.5 #Sounders
Sat May 09 17:21:37 +0000 2015,"They call us the #Grizzlies, beat em with our bear hands." -DJ Paul #WeDontBluff #MemphisVsErrrbody
Sat May 09 17:18:37 +0000 2015,RT @page2soccer: #Grizzlies handing out masks to everyone in the crowd so everyone will look like Mike Conley haha that's awesome. #NBAPlay‚Ä¶
Sat May 09 17:16:47 +0000 2015,RT @abc15: 5:15PM: Watch the Memphis #Grizzlies and Golden State #Warriors face off in Game 3 of the #NBA Playoffs TODAY on #ABC15.
Sat May 09 17:14:39 +0000 2015,#Grizzlies' Mike Conley has new mask with swelling easing in his face (from @AP) #warriors  http://t.co/dZ4QztfMMA
Sat May 09 17:12:28 +0000 2015,New #grizzlies SnapBack now in shop #MySoler http://t.co/YdUVfWWXmz
Sat May 09 17:12:18 +0000 2015,RT @page2soccer: #Grizzlies handing out masks to everyone in the crowd so everyone will look like Mike Conley haha that's awesome. #NBAPlay‚Ä¶
Sat May 09 17:11:15 +0000 2015,RT @page2soccer: #Grizzlies handing out masks to everyone in the crowd so everyone will look like Mike Conley haha that's awesome. #NBAPlay‚Ä¶
Sat May 09 17:11:03 +0000 2015,5:15PM: Watch the Memphis #Grizzlies and Golden State #Warriors face off in Game 3 of the #NBA Playoffs TODAY on #ABC15.
Sat May 09 17:11:02 +0000 2015,5:15PM: Watch the Memphis #Grizzlies and Golden State #Warriors face off in Game 3 of the #NBA Playoffs TODAY on #ABC15.
Sat May 09 17:08:56 +0000 2015,RT @ASUN3XS: #CurrentMood #MemphisVsErrrbody #Grizzlies #Grindhouse #FirstTeamAllDefense http://t.co/bO6CzTy3VO
Sat May 09 17:08:07 +0000 2015,#memphisgrizzlies #memphis #grizzlies New Memphis Grizzlies Rumors. Saturday, May 9 2015 http://t.co/lxWQZAwvqn
Sat May 09 17:08:01 +0000 2015,I'm not saying we have a chip on our shoulder, yeah I guess I am!!! We do!!! @memgrizz #Grizzlies #MemphisVsErrrbody http://t.co/Xi9fIadhET
Sat May 09 17:07:10 +0000 2015,My #NBAPlayoffs preview of tonight's #Grizzlies #Warriors game, check it out if you have the opportunity. http://t.co/jR3cYUDioK #GNG
Sat May 09 17:05:42 +0000 2015,#Grizzlies Tweets: #IronMike #BelieveMemphis RT @jcandj9: @3Shadesofblue @mconley11 @memgrizz‚Ä¶ #NBA http://t.co/tTkRzWlPbY
Sat May 09 17:05:08 +0000 2015,A leak at FedEx Forum forced #Grizzlies to hold AM shootaround at their practice facility, while #Warriors (-4.5) got work in as scheduled.
Sat May 09 17:03:08 +0000 2015,RT @SportSouth: Inside the friendship between @memgrizz and one young fan, via @brandonspeck http://t.co/HDqyXElMer #Grizzlies
Sat May 09 17:03:07 +0000 2015,RT @FSTennessee: Inside the friendship between @memgrizz and one young fan, via @brandonspeck http://t.co/vNAPc0HOdc #Grizzlies
Sat May 09 17:02:30 +0000 2015,So ready for this game tonight I love my city and I love my Grizzlies! #unsungheroes #grizzlies #gameday #playoffs ‚Ä¶ http://t.co/UCxrXrmXRe
Sat May 09 17:01:56 +0000 2015,#Grizzlies #Memphis Watch NBA Playoffs Online: Memphis Grizzlies vs Golden State Warriors: Provin... http://t.co/ctv8XyONnm #GrizzNation
Sat May 09 17:00:25 +0000 2015,#Warriors Draymond Green on being recognized here in Memphis says "I haven't left the hotel." #Grizzlies
Sat May 09 17:00:18 +0000 2015,V√çDEO | M√°s jugadas como esta, POR FAVOR: http://t.co/uwaYYamhLd #KK47 #Grizzlies #GNG http://t.co/LjF51SyDMK
Sat May 09 17:00:07 +0000 2015,RT @SportSouth: Inside the friendship between @memgrizz and one young fan, via @brandonspeck http://t.co/HDqyXElMer #Grizzlies
Sat May 09 17:00:01 +0000 2015,Will Tony Allen and the #Grizzlies be able to bully their way to another win in #Game3 against the #Warriors? http://t.co/JiIUgImLkY
Sat May 09 16:59:40 +0000 2015,RT @TShirtChampions: Get your gear for the Grit and Grind here: http://t.co/Endx5id0pm #Grizzlies #GrizzNation
Sat May 09 16:58:20 +0000 2015,RT @FSTennessee: Inside the friendship between @memgrizz and one young fan, via @brandonspeck http://t.co/vNAPc0HOdc #Grizzlies
Sat May 09 16:57:47 +0000 2015,Inside the friendship between @memgrizz and one young fan, via @brandonspeck http://t.co/vNAPc0HOdc #Grizzlies
Sat May 09 16:57:37 +0000 2015,Inside the friendship between @memgrizz and one young fan, via @brandonspeck http://t.co/HDqyXElMer #Grizzlies
Sat May 09 16:57:06 +0000 2015,Get your gear for the Grit and Grind here: http://t.co/Endx5id0pm #Grizzlies #GrizzNation
Sat May 09 16:56:32 +0000 2015,Golden State Warriors vs Memphis Grizzlies Pick - http://t.co/WrZm9scHaq #sportsbetting #Grizzlies #Warriors  @greekan32
Sat May 09 16:54:09 +0000 2015,Game day!! #Grizzlies #BelieveMemphis #901 https://t.co/oeoWUbJNkV
Sat May 09 16:53:18 +0000 2015,RT @STalkWarriors: Tonight is crucial. It's a must win for the Dubs! #DubNation , lets go get this win! #Warriors #Grizzlies http://t.co/iG‚Ä¶
Sat May 09 16:49:23 +0000 2015,idc what anyone says tony allen is the best defensive player in the league #grizzlies
Sat May 09 16:49:08 +0000 2015,RT @STalkWarriors: Tonight is crucial. It's a must win for the Dubs! #DubNation , lets go get this win! #Warriors #Grizzlies http://t.co/iG‚Ä¶
Sat May 09 16:44:43 +0000 2015,#Grizzlies Tweets: If the @memgrizz are the grit 'n grind kings, the one-of-a-kind‚Ä¶ http://t.co/SG2KK8NWpJ #NBA http://t.co/tTkRzWlPbY
Sat May 09 16:42:51 +0000 2015,RT @TeresaMWalker: #Grizzlies coach Dave Joerger says 3 days between games has been great for Memphis' health, especially Mike Conley.
Sat May 09 16:42:11 +0000 2015,I wish I was at the game tonight so I could get a mask üò≠üòî #grizzlies
Sat May 09 16:40:44 +0000 2015,#Grizzlies coach Dave Joerger says 3 days between games has been great for Memphis' health, especially Mike Conley.
Sat May 09 16:39:42 +0000 2015,gonna be super disappointed if Tony Allen doesn't come out tonight to Undertaker's music #Grizzlies #NBA #Grindfather
Sat May 09 16:37:24 +0000 2015,#Grizzlies Tweets: . @JLeu30 delivers his masterpiece to @BrooksMuseum.‚Ä¶ http://t.co/86pMhJ8lls #NBA http://t.co/tTkRzWlPbY
Sat May 09 16:36:10 +0000 2015,#memphisgrizzlies #grizzlies #grizzfans Memphis Grizzlies, Golden State Warriors alter practice schedules due .. http://t.co/yqby6BbIUI
Sat May 09 16:35:13 +0000 2015,^@FrasierSein "@jbcday: game day vibes #grizzlies #memphis #grit #grind #oneeyedcharlie by thegrindmemphis http://t.co/kHaqdqYh90"
Sat May 09 16:33:14 +0000 2015,RT @TeresaMWalker: Conley says he's tired of hearing himself called underrated. Says it was fine early in his career but not now. #Grizzlies
Sat May 09 16:31:23 +0000 2015,#Grizzlies Tweets: 7pm/ct Tip-off! #MemphisVsErrrbody RT @clreed87: Somebody should tell Google that #FEF is‚Ä¶ #NBA http://t.co/tTkRzWlPbY
Sat May 09 16:29:14 +0000 2015,I'm so excited to see Nick play for the @memgrizz tonight!! #Memphis #Grizzlies
Sat May 09 16:27:26 +0000 2015,#Grizzlies Mike Conley will wear a new mask for Game 3 which will adjust to a slightly less swollen left side ...  http://t.co/ojOABVyels
Sat May 09 16:26:40 +0000 2015,#Grizzlies to give away masks to fans at Game 3: Free masks! (@memgrizz) The Grizzlies‚Ä¶ http://t.co/08DqsqMnr6
