Sat May 09 18:01:51 +0000 2015,Stephen A.: Grizzlies 'have a very good chance' #GoldenStateWarriors #GSWarriors http://t.co/jv2ucSskjp http://t.co/si0vbudNEx
Sat May 09 17:59:46 +0000 2015,Pacific Gas and Electric Company is on a tear like the #gswarriors! Check out our Equipment Mecha.../http://t.co/Ss5DTXsXjG #job
Sat May 09 17:58:46 +0000 2015,RT @StanfordVoice: #Grizzlies paying homage to Mike Conley with fan masks for everybody tonight. #gswarriors @GSWarriors_ #KTVU http://t.co‚Ä¶
Sat May 09 17:43:00 +0000 2015,Golden State #GSWarriors vs Memphis #Grizzlies Live Odds &amp; #NBAPlayoffs Game 3 #FreePicks on ABC at 8:00p ET - http://t.co/n6Yk1OepKM
Sat May 09 17:42:26 +0000 2015,RT @StanfordVoice: Klay looking to find his stroke after rough Game 2. #gswarriors #KTVU http://t.co/2APVQyG4Fq
Sat May 09 17:42:00 +0000 2015,RT @StanfordVoice: Draymond: "When you go on the road and silence the opponents' crowd, there is no better feeling." #gswarriors #KTVU http‚Ä¶
Sat May 09 17:37:54 +0000 2015,RT @StanfordVoice: Scene of the dreaded wet spot.  It's dry now.  #gswarriors #KTVU http://t.co/Tmslh8FEV5
Sat May 09 17:37:50 +0000 2015,RT @StanfordVoice: #Grizzlies paying homage to Mike Conley with fan masks for everybody tonight. #gswarriors @GSWarriors_ #KTVU http://t.co‚Ä¶
Sat May 09 17:37:47 +0000 2015,RT @StanfordVoice: So there is still a bit of water on one side of the court, #gswarriors practiced only at the other end.  #KTVU
Sat May 09 17:37:43 +0000 2015,RT @StanfordVoice: Klay looking to find his stroke after rough Game 2. #gswarriors #KTVU http://t.co/2APVQyG4Fq
Sat May 09 17:37:40 +0000 2015,RT @StanfordVoice: Draymond: "When you go on the road and silence the opponents' crowd, there is no better feeling." #gswarriors #KTVU http‚Ä¶
Sat May 09 17:31:36 +0000 2015,Warriors vs. Grizzles: Game 3 Showdown! #GSWarriors #WarriorsNation http://t.co/rBnGdXzgx1 http://t.co/qSk0ed4BBz
Sat May 09 17:27:00 +0000 2015,Our Daily Free 2 Team #Parlay Picks on #Reds vs #WhiteSox vs &amp; #GSWarriors vs #MemGrizz  - http://t.co/kap3rpm4Qt
Sat May 09 17:26:10 +0000 2015,RT @StanfordVoice: #Grizzlies paying homage to Mike Conley with fan masks for everybody tonight. #gswarriors @GSWarriors_ #KTVU http://t.co‚Ä¶
Sat May 09 17:21:50 +0000 2015,#Grizzlies paying homage to Mike Conley with fan masks for everybody tonight. #gswarriors @GSWarriors_ #KTVU http://t.co/uc9LKEW0yW
Sat May 09 17:16:08 +0000 2015,Scene of the dreaded wet spot.  It's dry now.  #gswarriors #KTVU http://t.co/Tmslh8FEV5
Sat May 09 17:13:01 +0000 2015,So there is still a bit of water on one side of the court, #gswarriors practiced only at the other end.  #KTVU
Sat May 09 17:04:08 +0000 2015,LIVE on #Periscope: #gswarriors shoot around in Memphis https://t.co/G1PY00eOwP
Sat May 09 17:03:11 +0000 2015,Klay looking to find his stroke after rough Game 2. #gswarriors #KTVU http://t.co/2APVQyG4Fq
Sat May 09 17:00:38 +0000 2015,Draymond: "When you go on the road and silence the opponents' crowd, there is no better feeling." #gswarriors #KTVU http://t.co/PsbxFtOVP3
Sat May 09 16:54:29 +0000 2015,RT @warriorsviews: #gswarriors #goldenstate #wearewarriors Arena leak forces Griz, Warriors to alter routine http://t.co/DPIJkEviGe
Sat May 09 16:36:10 +0000 2015,#gswarriors #goldenstate #wearewarriors Arena leak forces Griz, Warriors to alter routine http://t.co/DPIJkEviGe
Sat May 09 16:17:27 +0000 2015,RT @lasvegasbetting: #NBAPlayoffs Betting Odds &amp; Game 3 Free ATS Picks on Golden State #GSWarriors vs Memphis #Grizzlies on ABC - http://t.‚Ä¶
Sat May 09 16:12:00 +0000 2015,#NBAPlayoffs Betting Odds &amp; Game 3 Free ATS Picks on Golden State #GSWarriors vs Memphis #Grizzlies on ABC - http://t.co/n6Yk1OepKM
Sat May 09 15:11:14 +0000 2015,Golden State Warriors Look to Rebound in Game 3 #GSWarriors #WarriorsNation http://t.co/N1FOUFA1F8 http://t.co/HzS8DkXeyW
Sat May 09 13:23:25 +0000 2015,W2W 2nite #TV #NBAPlayoffs2015: 8pm @NBAonABC-#WARRIORSvGRIZZLIES! Who U got- #Grizzlies/#Warriors?/#GSWarriors /@memgrizz /#GSW /#memgrizz
Sat May 09 12:07:09 +0000 2015,#gswarriors #goldenstate #warriors Warriors vs Grizzles: Game 3 Showdown! http://t.co/oA4dJ8jklm
Sat May 09 06:36:07 +0000 2015,#goldenstatewarriors #gswarriors Injured point guards major impact in East, West semifinals (The Associated Pr.. http://t.co/O6dmOw265h
Sat May 09 05:59:46 +0000 2015,Pacific Gas and Electric Company is on a tear like the #gswarriors! Check out our Supervisor, Pub.../http://t.co/3wwmYLPPts #job
Sat May 09 02:35:23 +0000 2015,Tony Allen: Steph Curry 'ain't nothing I ain't... #GoldenStateWarriors #GSWarriors http://t.co/Gd70S6aLsD http://t.co/AhT7LYOfnX
Sat May 09 02:34:09 +0000 2015,Stephen Curry nails shot from hallway prior to... #GoldenStateWarriors #GSWarriors http://t.co/QG3KhV81V9 http://t.co/CiEQlTd75Y
Sat May 09 02:34:00 +0000 2015,Mike Conley comes back, leads Grizzlies past Warrio... #GSWarriors #WarriorsNation http://t.co/VMKQT8sW7y http://t.co/GW1bbFMyMv
Sat May 09 02:33:36 +0000 2015,Tony Allen can't stop screaming his accomplis... #GoldenStateWarriors #GSWarriors http://t.co/XU1EhD39kJ http://t.co/vXTtnfE6Oy
Sat May 09 02:33:24 +0000 2015,'The Mike Conley Broken Face Game' (and why he's th... #GSWarriors #WarriorsNation http://t.co/LgxLZasJpp http://t.co/md1CzCTMZM
Sat May 09 02:33:01 +0000 2015,Stephen Curry says he'll beat Kobe Bryant's gift t... #GSWarriors #WarriorsNation http://t.co/xuKSAEOabS http://t.co/BJSyECSZF5
Sat May 09 02:32:37 +0000 2015,Klay Thompson is living a nightmare against t... #GoldenStateWarriors #GSWarriors http://t.co/dsVjhlYml9 http://t.co/jkpOjWH6ay
Sat May 09 02:32:02 +0000 2015,Stephen Curry could have played pro baseball accord... #GSWarriors #WarriorsNation http://t.co/QcL2m16bgg http://t.co/siHKQ02FYB
Sat May 09 02:31:52 +0000 2015,The fun is just starting in the NBA Playoffs #GSWarriors #WarriorsNation http://t.co/c4WCW0yVFg http://t.co/YeJW6H3BXb
Sat May 09 02:31:36 +0000 2015,Bulls' Butler wins NBA's Most Improved Player in ... #GSWarriors #WarriorsNation http://t.co/aCVKYe79sw http://t.co/RzyesErWho
Sat May 09 01:08:19 +0000 2015,#goldenstatewarriors #gswarriors Golden State Warriors' Tough Guys Need to Step Up vs. Memphis Grizzlies http://t.co/QKWsHxyotr
Sat May 09 01:08:18 +0000 2015,#goldenstatewarriors #gswarriors Mark Jackson says 'easy route' was picking Stephen Curry for MVP http://t.co/A33uTKUJci
Sat May 09 00:56:43 +0000 2015,Player Spotlight: Stephen Curry #GoldenStateWarriors #GSWarriors http://t.co/aPYeDqSjJ2 http://t.co/my25QxCSr7
Sat May 09 00:08:06 +0000 2015,#gswarriors #goldenstate #warriors Cavs at Bulls Game 3, Rockets at Clippers Game 3, NBA Playoffs 2015: Can hi.. http://t.co/wtHrlzAFdM
Fri May 08 23:09:55 +0000 2015,RT @warriorsviews: #goldenstatewarriors #gswarriors Warriors-Grizzlies Preview (The Associated Press) http://t.co/ZGWPVa0Gev
Fri May 08 23:09:46 +0000 2015,RT @warriorsviews: #gswarriors #goldenstate #warriors Top Five Warriors News of the Week http://t.co/XKVcHmR1l3
Fri May 08 23:09:38 +0000 2015,RT @warriorsviews: #gswarriors #goldenstate #warriors Warriors vs. Grizzlies: What to Look for in Game Three http://t.co/BRjSkuIC7s
Fri May 08 23:08:11 +0000 2015,#gswarriors #goldenstate #warriors Warriors vs. Grizzlies: What to Look for in Game Three http://t.co/BRjSkuIC7s
Fri May 08 23:08:10 +0000 2015,#gswarriors #goldenstate #warriors Top Five Warriors News of the Week http://t.co/XKVcHmR1l3
Fri May 08 23:08:10 +0000 2015,#goldenstatewarriors #gswarriors Warriors-Grizzlies Preview (The Associated Press) http://t.co/ZGWPVa0Gev
Fri May 08 22:58:51 +0000 2015,RT @warriorsviews: #gswarriors #goldenstate #warriors Pacific Notes: Lakers, Brown, Bhullar http://t.co/Eix0oy2mMH
Fri May 08 22:57:03 +0000 2015,RT @warriorsviews: #gswarriors #goldenstate #warriors Pacific Notes: Jordan, Price, Suns http://t.co/RhG8AZcmVq
Fri May 08 22:56:04 +0000 2015,RT @warriorsviews: #gswarriors #goldenstate #warriors Poll: Is Draymond Green Worth The Max? http://t.co/buWjD2Bw8x
Fri May 08 22:25:54 +0000 2015,WHEELS UP FOR MEMPHIS: #GSWarriors vs. Grizzlies, Game 3, Saturday, 5pm PDT. http://t.co/11reb6d3jH
Fri May 08 22:12:05 +0000 2015,RT @BigMeeze: Two Cowboys for the #Warriors game tomorrow #GSWarriors #gswhoops https://t.co/5lluQLRajz
Fri May 08 22:10:09 +0000 2015,Two Cowboys for the #Warriors game tomorrow #GSWarriors #gswhoops https://t.co/5lluQLRajz
Fri May 08 22:08:07 +0000 2015,#goldenstatewarriors #gswarriors Grizzlies to give away masks ‚Äî in honor of Mike Conley ‚Äî before Game 3 http://t.co/TKi2l9Cpia
Fri May 08 22:06:45 +0000 2015,Grizzlies to give away masks ‚Äî in honor of Mike Con... #GSWarriors #WarriorsNation http://t.co/qr2fxLIO6B http://t.co/HhuBVN7Prh
Fri May 08 22:06:02 +0000 2015,#gswarriors #goldenstate #warriors Western Notes: Green, Davis, Jazz http://t.co/ky2R1bMsub
Fri May 08 22:01:26 +0000 2015,#gswarriors #goldenstate #warriors Pacific Notes: Robinson, Clippers, Warriors http://t.co/qIjpgf3MF4
Fri May 08 21:56:02 +0000 2015,#gswarriors #goldenstate #warriors 2015/16 Salary Commitments: Warriors http://t.co/faGlNqQfRu
Fri May 08 21:50:59 +0000 2015,#gswarriors #goldenstate #warriors Pacific Notes: Casspi, Scott, Warriors http://t.co/tpAyyUUL91
Fri May 08 21:46:01 +0000 2015,#gswarriors #goldenstate #warriors And-Ones: Lopez, Crawford, Holiday http://t.co/fRYlOs7tjt
Fri May 08 21:40:58 +0000 2015,#gswarriors #goldenstate #warriors Poll: Is Draymond Green Worth The Max? http://t.co/buWjD2Bw8x
Fri May 08 21:39:56 +0000 2015,RT @warriorsviews: #gswarriors #goldenstate #warriors Pacific Notes: Karl, Cousins, Price, McAdoo http://t.co/dOMA442tlZ
Fri May 08 21:36:21 +0000 2015,#goldenstatewarriors #gswarriors Injured point guards major impact in East, West semifinals (The Associated Pr.. http://t.co/3lk2B63Q7Z
Fri May 08 21:36:17 +0000 2015,#gswarriors #goldenstate #warriors College Notes: Hoiberg, Russell, Johnson http://t.co/6kpvNzH7IH
Fri May 08 21:31:13 +0000 2015,#gswarriors #goldenstate #warriors Pacific Notes: Robinson, Goodwin, Kuzmic http://t.co/yCr8HRPzsp
Fri May 08 21:26:01 +0000 2015,#gswarriors #goldenstate #warriors Western Notes: Clippers, Green, Stokes, Rondo http://t.co/16i2qNlFe5
Fri May 08 21:21:02 +0000 2015,#gswarriors #goldenstate #warriors Pacific Notes: Jordan, Price, Suns http://t.co/RhG8AZcmVq
Fri May 08 21:16:02 +0000 2015,#gswarriors #goldenstate #warriors Pacific Notes: Karl, Cousins, Price, McAdoo http://t.co/dOMA442tlZ
Fri May 08 21:11:01 +0000 2015,#gswarriors #goldenstate #warriors Warriors Co-Owner On Green, Lee, Luxury Tax http://t.co/gXfaCn3qet
Fri May 08 21:05:59 +0000 2015,#gswarriors #goldenstate #warriors And-Ones: Rondo, Mavs, Dragic http://t.co/UNCln0lhbH
Fri May 08 21:02:08 +0000 2015,RT @warriorsviews: #gswarriors #goldenstate #warriors Pacific Notes: Lakers, Scott, Lin http://t.co/b32d3vVXeo
Fri May 08 21:01:26 +0000 2015,#gswarriors #goldenstate #warriors Pacific Notes: Lakers, Scott, Lin http://t.co/b32d3vVXeo
Fri May 08 20:56:02 +0000 2015,#gswarriors #goldenstate #warriors And-Ones: Wright, Kuzmic, McAdoo, Cooley http://t.co/Zk0PBEn4mF
Fri May 08 20:51:17 +0000 2015,#gswarriors #goldenstate #warriors Warriors Rumors: McAdoo, Kerr, Green http://t.co/XkB3jQOlN5
Fri May 08 20:45:58 +0000 2015,#gswarriors #goldenstate #warriors Pacific Notes: Lakers, Brown, Bhullar http://t.co/Eix0oy2mMH
Fri May 08 20:41:13 +0000 2015,#gswarriors #goldenstate #warriors Western Notes: Conley, Powell, Gentry http://t.co/HX8KssMZsy
Fri May 08 20:36:13 +0000 2015,#gswarriors #goldenstate #warriors D-League Notes: Stokes, Nogueira, McAdoo http://t.co/DIRaL4dtyM
Fri May 08 20:26:17 +0000 2015,Bloggers Roundtable: On To Memphis #GSWarriors #WarriorsNation http://t.co/6jfO8XdE3q http://t.co/2E6VUq8jS4
Fri May 08 18:37:31 +0000 2015,#gswarriors #goldenstate #warriors Warriors' Game 2 Loss Could Be Blessing in Disguise http://t.co/5F8mKywhQQ
Fri May 08 17:59:46 +0000 2015,Pacific Gas and Electric Company is on a tear like the #gswarriors! Check out our Supervisor, Pub.../http://t.co/ThE8nfgWfE #job
Fri May 08 17:47:48 +0000 2015,I hope the #MemphisGrizzlies keep running their mouths and charge up the @warriors!!! #GSWARRIORS #GSWvMEM
Fri May 08 17:37:07 +0000 2015,#gswarriors #goldenstate #warriors Warriors Notes: Curry, Thompson, Green http://t.co/qzih1kQZ27
Fri May 08 16:36:17 +0000 2015,#goldenstatewarriors #gswarriors Stephen Curry trying to win California amateur golf tournament, could have pl.. http://t.co/stmtMfGaqs
Fri May 08 16:22:53 +0000 2015,RT @warriors_fanly: Stephen Curry trying to win California amateur golf... #GSWarriors #WarriorsNation http://t.co/niT88YToRD http://t.co/P‚Ä¶
Fri May 08 16:21:48 +0000 2015,Stephen Curry trying to win California amateur golf... #GSWarriors #WarriorsNation http://t.co/niT88YToRD http://t.co/POMNgHw2EP
Fri May 08 16:11:25 +0000 2015,Draymond Green: The Most Important Player for the ... #GSWarriors #WarriorsNation http://t.co/jZU6To3v5J http://t.co/LMh4xUq6zA
Fri May 08 16:09:28 +0000 2015,RT @JohnSheaHey: Klay and Trayce Thompson of #gswarriors and #whitesox, from childhood to the pros w/photos, video: http://t.co/oQozQpBvSv ‚Ä¶
Fri May 08 15:37:03 +0000 2015,#gswarriors #goldenstate #warriors Stephen Curry: His Story in the Making http://t.co/5rhIpSIJIT
Fri May 08 14:56:31 +0000 2015,Warriors' new opponent? Adversity #GoldenStateWarriors #GSWarriors http://t.co/alalD9cOCJ http://t.co/qRdGbNFJp6
Fri May 08 14:37:20 +0000 2015,#gswarriors #goldenstate #wearewarriors Warriors' new opponent? Adversity http://t.co/8mZz5CX2KD
Fri May 08 11:02:05 +0000 2015,Team Warriors!/#GSWarriors @letsgowarriors https://t.co/2h4qSUh2qH
Fri May 08 06:57:08 +0000 2015,NBA: Most exclusive club when it comes to winning... #GSWarriors #WarriorsNation http://t.co/Q3cmoFWJ93 http://t.co/dB6en2J9bK
Fri May 08 06:36:04 +0000 2015,#goldenstatewarriors #gswarriors NBA: Most exclusive club when it comes to winning titles (The Associated Press) http://t.co/Z7GEFw7rxJ
Fri May 08 06:08:02 +0000 2015,#gswarriors #goldenstate #warriors Warriors-Grizzlies, State of the NBA &amp; MVP Talk | WW Podcast 94 http://t.co/fWEiJy3mgL
Fri May 08 05:09:01 +0000 2015,Is it Saturday yet? #gswarriors myboo üòç http://t.co/bqiRmgSroU
Fri May 08 03:37:03 +0000 2015,#gswarriors #goldenstate #warriors Warriors News: Klay Thompson Wants To Show More Poise http://t.co/IT1Fw3Xuzh
Fri May 08 02:27:06 +0000 2015,#dubnation #gswarriors #strengthinnumbers #nbaplayoffs #goalltheway https://t.co/RkJFbtsINB
Fri May 08 02:23:00 +0000 2015,Atlanta #AtlHawks vs Golden State #GSWarriors 2015 #NBAFinal Matchup Prediction Will pay 6/1 at Bovada - http://t.co/DEJWXnT4b8
