Sat May 09 18:17:01 +0000 2015,Sigue la #NBAenDEPORTV y los premios no paran. Hoy, durante #Hawks - #Wizards,  sale gorra oficial de los #Spurs. http://t.co/fvurbU4FSF
Sat May 09 18:16:53 +0000 2015,Respect the sibling support smack talk but since she started it, there are ways to rotate photos #Wizards #Hawks https://t.co/rENg8rBaHw
Sat May 09 18:15:51 +0000 2015,Peachtree Hoops Podcast: Previewing Hawks-Wizards Game 3 http://t.co/D38RVlrGGe @chatsports @Teague0 #Hawks #NBA
Sat May 09 18:14:57 +0000 2015,RT @Regional_Pilsen: As√≠ van las series en la #NBAPlayoffs/#Grizzlies 1 -1 #Warrios /#Hawks 1-1 #Wizards/#Clippers 2-1 #Rockets/#Bulls 2-1 ‚Ä¶
Sat May 09 18:10:40 +0000 2015,L NBA #AtlantaHawks NEW/Retro Atlanta Hawks Basketball Logo Athletic "Shark" Snap Back Red/White Hat #Hawks #Sports http://t.co/XGZa52ZsoJ
Sat May 09 18:10:38 +0000 2015,#NBAPlayoffs: #Wizards v #Hawks (22:00): Game 3 takes place in Washington. Check the latest odds http://t.co/Qp55v21ctr
Sat May 09 18:10:38 +0000 2015,#NBAPlayoffs: #Wizards v #Hawks (22:00): Game 3 takes place in Washington. Check the latest odds http://t.co/hEfHQS5UDz
Sat May 09 18:10:38 +0000 2015,#NBAPlayoffs: #Wizards v #Hawks (22:00): Game 3 takes place in Washington. Check the latest odds http://t.co/vNA4N2GFIm
Sat May 09 18:10:38 +0000 2015,#NBAPlayoffs: #Wizards v #Hawks (22:00): Game 3 takes place in Washington. Check the latest odds http://t.co/ApEciOjViF
Sat May 09 18:10:38 +0000 2015,#NBAPlayoffs: #Wizards v #Hawks (22:00): Game 3 takes place in Washington. Check the latest odds http://t.co/9GHqj47Dr6
Sat May 09 18:10:38 +0000 2015,#NBAPlayoffs: #Wizards v #Hawks (22:00): Game 3 takes place in Washington. Check the latest odds http://t.co/hXNSOFb1Mj
Sat May 09 18:10:38 +0000 2015,#NBAPlayoffs: #Wizards v #Hawks (22:00): Game 3 takes place in Washington. Check the latest odds http://t.co/pPf6k5DOdV
Sat May 09 18:10:38 +0000 2015,#NBAPlayoffs: #Wizards v #Hawks (22:00): Game 3 takes place in Washington. Check the latest odds http://t.co/Bdys65aMpe
Sat May 09 18:10:38 +0000 2015,#NBAPlayoffs: #Wizards v #Hawks (22:00): Game 3 takes place in Washington. Check the latest odds http://t.co/pFsIPu14eb
Sat May 09 18:10:38 +0000 2015,#NBAPlayoffs: #Wizards v #Hawks (22:00): Game 3 takes place in Washington. Check the latest odds http://t.co/a7DXK1DPls
Sat May 09 18:10:38 +0000 2015,#NBAPlayoffs: #Wizards v #Hawks (22:00): Game 3 takes place in Washington. Check the latest odds http://t.co/wfhgmtDlkC
Sat May 09 18:10:38 +0000 2015,#NBAPlayoffs: #Wizards v #Hawks (22:00): Game 3 takes place in Washington. Check the latest odds http://t.co/2s39htH0y7
Sat May 09 18:10:38 +0000 2015,#NBAPlayoffs: #Wizards v #Hawks (22:00): Game 3 takes place in Washington. Check the latest odds http://t.co/68Nkq0SVBO
Sat May 09 18:10:38 +0000 2015,#NBAPlayoffs: #Wizards v #Hawks (22:00): Game 3 takes place in Washington. Check the latest odds http://t.co/NwleglCtPs
Sat May 09 18:10:37 +0000 2015,#NBAPlayoffs: #Wizards v #Hawks (22:00): Game 3 takes place in Washington. Check the latest odds http://t.co/A9qCTbZLeh
Sat May 09 18:10:37 +0000 2015,#NBAPlayoffs: #Wizards v #Hawks (22:00): Game 3 takes place in Washington. Check the latest odds http://t.co/qOKYv66iUe
Sat May 09 18:10:37 +0000 2015,#NBAPlayoffs: #Wizards v #Hawks (22:00): Game 3 takes place in Washington. Check the latest odds http://t.co/Ee7T1Efeyf
Sat May 09 18:10:31 +0000 2015,#NBAPlayoffs: #Wizards v #Hawks (22:00): Game 3 takes place in Washington. Check the latest odds http://t.co/QRw5BgjBJz
Sat May 09 18:10:28 +0000 2015,#NBAPlayoffs: #Wizards v #Hawks (22:00): Game 3 takes place in Washington. Check the latest odds http://t.co/vIeZN4euU6
Sat May 09 18:10:24 +0000 2015,#NBAPlayoffs: #Wizards v #Hawks (22:00): Game 3 takes place in Washington. Check the latest odds http://t.co/GGQJQ0Ba6v
Sat May 09 18:10:24 +0000 2015,#NBAPlayoffs: #Wizards v #Hawks (22:00): Game 3 takes place in Washington. Check the latest odds http://t.co/ils67dUZ7k
Sat May 09 18:10:24 +0000 2015,#NBAPlayoffs: #Wizards v #Hawks (22:00): Game 3 takes place in Washington. Check the latest odds http://t.co/8GQrWjuCdJ
Sat May 09 18:10:23 +0000 2015,#NBAPlayoffs: #Wizards v #Hawks (22:00): Game 3 takes place in Washington. Check the latest odds http://t.co/q1THgXZCBe
Sat May 09 18:10:23 +0000 2015,#NBAPlayoffs: #Wizards v #Hawks (22:00): Game 3 takes place in Washington. Check the latest odds http://t.co/FxS8Wo3IEE
Sat May 09 18:10:23 +0000 2015,#NBAPlayoffs: #Wizards v #Hawks (22:00): Game 3 takes place in Washington. Check the latest odds http://t.co/701Ci7bynh
Sat May 09 18:10:23 +0000 2015,#NBAPlayoffs: #Wizards v #Hawks (22:00): Game 3 takes place in Washington. Check the latest odds http://t.co/c62Q44Y70D
Sat May 09 18:10:23 +0000 2015,#NBAPlayoffs: #Wizards v #Hawks (22:00): Game 3 takes place in Washington. Check the latest odds http://t.co/wpY3WQftje
Sat May 09 18:10:23 +0000 2015,#NBAPlayoffs: #Wizards v #Hawks (22:00): Game 3 takes place in Washington. Check the latest odds http://t.co/idgueUFUIH
Sat May 09 18:10:21 +0000 2015,#NBAPlayoffs: #Wizards v #Hawks (22:00): Game 3 takes place in Washington. Check the latest odds http://t.co/kZzijEGA3I
Sat May 09 18:07:44 +0000 2015,RT PhiladelphiaNqr: Blackhawks Defeat Wild 4-1 in Game 2 http://t.co/TjYrLotdBT¬† #chicago #hawks #minnesota #theg‚Ä¶ http://t.co/Lt2hK8O3w2
Sat May 09 18:07:22 +0000 2015,#Health #Solution doctor_oz published Best and Fastest Weight Loss only with Garcinia Cambogia ... http://t.co/FlCshpJvH8 #Hawks #Fitness
Sat May 09 18:07:12 +0000 2015,#atlantahawks #ATLHawks #Hawks #atlanta Grizzlies' Conley has new mask with swelling easing in cheek http://t.co/92xP76Ve6Y
Sat May 09 18:07:10 +0000 2015,Blackhawks Defeat Wild 4-1 in Game 2   http://t.co/0CrunfX75W  #chicago #hawks #minnesota #thegame
Sat May 09 18:04:45 +0000 2015,#NBAPlayoffs today://#Warriors@#Grizzlies/#Hawks@#Wizards//#winz http://t.co/8OH67McIhx
Sat May 09 18:04:35 +0000 2015,Al Horford's sister has no sympathy for John Wall. #Wizards #Hawks (screenshot via #Ello_Chop, h/t #HoopDistrictDC)‚Ä¶ http://t.co/7dFkHyqlbH
Sat May 09 18:03:16 +0000 2015,L C #Sports #Basketball WALT BELLAMY 1971-72 Atlanta #Hawks NBA Mitch.&amp;amp;amp;amp;amp;amp;amp; Ness Auth. Vint.‚Ä¶ http://t.co/g0bSfffXK8
Sat May 09 18:01:32 +0000 2015,HA!  Here are 9 thing u had time to do between #hawks Games 2&amp;3: http://t.co/gaQKtZ9UcJ http://t.co/anR35Hxbuk via @ATLHawks #TrueToAtlanta
Sat May 09 18:00:09 +0000 2015,#Hawks Tweets: As @AnaheimAmigos explains, "Point Forward" @Paulmillsap4 is doing some‚Ä¶ http://t.co/oHwFE5XLEA #NBA http://t.co/WOWHUPGuaq
Sat May 09 17:58:44 +0000 2015,Le get it #hawks #tru2atl
Sat May 09 17:58:15 +0000 2015,L L NBA #AtlantaHawks Atlanta Hawks throwback warm up jersey shooting jersey by Majestic Men's 2XL #Hawks #Sports http://t.co/uQbRPtTkRl
Sat May 09 17:56:55 +0000 2015,#Atlanta #Hawks at #Washington #Wizards 5/9/15 - #NBA #nbaPicks &amp; Predictions ¬ª Picks and Parlays http://t.co/mdGsjlIq1U via @po_st
Sat May 09 17:56:44 +0000 2015,Really don't who i like more #Wizards or #Hawks
Sat May 09 17:54:56 +0000 2015,RT @LukePetela: Congrats to @hthslax2015 for their first varsity WIN in program history! Young team with endless potential. #hawks
Sat May 09 17:54:42 +0000 2015,RT @TodaysFastbreak: It didn't take long for everyone to forget about the @ATLHawks, @Ryan_Davis17 writes. http://t.co/8KGvSFepMa #Hawks
Sat May 09 17:54:11 +0000 2015,As√≠ van las series en la #NBAPlayoffs/#Grizzlies 1 -1 #Warrios /#Hawks 1-1 #Wizards/#Clippers 2-1 #Rockets/#Bulls 2-1 #Cavaliers
Sat May 09 17:52:22 +0000 2015,@TreeGang__ : Might be time for me to eat some crow this week, no Wall for the #Wizards and this should help the #Hawks punch a ticket to
Sat May 09 17:52:12 +0000 2015,#Health #Solution The Top Weight Loss Program Is a Healthy Weight Loss Program - Here's Why http://t.co/w6L6j4rkQ4 #Hawks #Fitness
Sat May 09 17:52:07 +0000 2015,Early arrival at Verizon Center for #Wizards #Hawks tonight at 5pm. Kicking off 3 straight days of playoff games here. In May. For real
Sat May 09 17:52:04 +0000 2015,Kyrie Irving Has Played Through Foot Injury Since Game 2 Of 1st Round| http://t.co/dJZrreFLgT #Hawks #NBA
Sat May 09 17:50:10 +0000 2015,http://t.co/b0Od0fW8od [Bloguin: NBA Draft Blog] - DeMarre Carroll A Los Angeles Lak #Hawks http://t.co/Yrkhs73lDx
Sat May 09 17:46:53 +0000 2015,@OpTic_NaDeSHoT #AskNade who's Winning the playoffs? #hawks
Sat May 09 17:46:43 +0000 2015,It didn't take long for everyone to forget about the @ATLHawks, @Ryan_Davis17 writes. http://t.co/8KGvSFepMa #Hawks
Sat May 09 17:44:36 +0000 2015,L NBA #AtlantaHawks Adidas Atlanta Hawks navy youth Polyester zip front jacket size 10-12 exc cond #Hawks #Sports http://t.co/E5NxwboqQ4
Sat May 09 17:44:01 +0000 2015,RT @HSpringsSoccer: Congrats to Daniel Ligons of Holly Springs for winning state championship in shot put.  Well Done Champ! #Hawks #Impres‚Ä¶
Sat May 09 17:42:13 +0000 2015,http://t.co/EEkB0NdMH9: Atlanta Hawks vs Indiana Pacers... http://t.co/RfIGgTtVTr #atlanta #hawks #highlights #indiana #pacers #playoffs
Sat May 09 17:41:20 +0000 2015,It is game day for my #ATLHawks....üèÜüëçüèΩüèÄüëâüèΩ‚ù§Ô∏è‚ù§Ô∏è #NBAPlayoffs #Hawks
Sat May 09 17:40:56 +0000 2015,#atlantahawks #ATLHawks #Hawks #atlanta Official Game Thread: Hawks - Wizards GAME 3 (5 PM Tip!) http://t.co/xZh9w6TsTw
Sat May 09 17:40:07 +0000 2015,Atlanta Hawks vs Washington Wizards Pick - http://t.co/o9qpD9zjTp #sportsbetting #Wizards #Hawks  @JbunitedStates
Sat May 09 17:39:38 +0000 2015,RT @HSpringsSoccer: Congrats to Daniel Ligons of Holly Springs for winning state championship in shot put.  Well Done Champ! #Hawks #Impres‚Ä¶
Sat May 09 17:39:24 +0000 2015,RT @CappedIn_Feed: East Semis: Hawks vs Wizards Game 3 - http://t.co/XGbtQWPKBF #sportsbetting #Wizards #Hawks  @PopDibiase
Sat May 09 17:38:51 +0000 2015,RT @HSpringsSoccer: Congrats to Daniel Ligons of Holly Springs for winning state championship in shot put.  Well Done Champ! #Hawks #Impres‚Ä¶
Sat May 09 17:38:24 +0000 2015,East Semis: Hawks vs Wizards Game 3 - http://t.co/XGbtQWPKBF #sportsbetting #Wizards #Hawks  @PopDibiase
Sat May 09 17:37:13 +0000 2015,[ÂÆöÊúü] Á¶èÂ≤° „É§„Éï„Ç™„ÇØ!„Éâ„Éº„É†„ÅÆ„Éö„Éº„Ç∏„ÇíÂÖ¨Èñã„Åó„Åæ„Åó„Åü„ÄÇ/http://t.co/853ZwHaOjm ‚Ä¶ „Åß„Åô„ÄÇ/#sbhawks #fukuoka #Á¶èÂ≤° #yahoo #yahuoku #hawks
Sat May 09 17:36:07 +0000 2015,#atlantahawks #ATLHawks #Hawks #atlanta Peachtree Hoops: Peachtree Hoops Podcast: Previewing Hawks-Wizards Gam.. http://t.co/UHwPCDyFjw
Sat May 09 17:35:06 +0000 2015,#Health #Solution White Kidney Bean Extract - State Sturdy And Healthy http://t.co/EsZf9Z9rLF #Hawks #Fitness
Sat May 09 17:34:51 +0000 2015,I'm trying to go to this #Hawks vs. #Wizards game tonight... Who's tryna go tho?
Sat May 09 17:31:20 +0000 2015,L L #Sports #Basketball DOC RIVERS UNSIGNED ATLANTA #Hawks 8X10 PHOTO #Bestseller #Buy http://t.co/oMlnRibpyl
Sat May 09 17:28:43 +0000 2015,RT @_JakeRussell: Al Horford's sister has no sympathy for John Wall. #Wizards #Hawks (screenshot via @Ello_Chop, h/t @HoopDistrictDC) http:‚Ä¶
Sat May 09 17:28:29 +0000 2015,#Sports #Basketball Adidas Atlanta #Hawks navy youth Polyester zip front jacket size 10-12 exc cond http://t.co/Nx1QBBh5n0 #Bestseller #Buy
Sat May 09 17:28:28 +0000 2015,#NBA #AtlantaHawks White Spud Webb Atlanta Hawks #4 jersey Size S, M, L, XL, XXL http://t.co/aHfq7Wdi0m #Hawks #Sports
Sat May 09 17:26:40 +0000 2015,West Semis: Hawks vs Wizards Game 3 - http://t.co/XGbtQWPKBF #sportsbetting #Wizards #Hawks  @PopDibiase
Sat May 09 17:25:23 +0000 2015,L L L NBA #AtlantaHawks Atlanta Hawks flag 3x5 sale #Hawks #Sports http://t.co/zyJDa0vour
Sat May 09 17:25:12 +0000 2015,#Hawks Tweets: Spotted at UGA graduation yesterday. #TrueToAtlanta (via @shelbster1993) http://t.co/N5FPNsNzvq #NBA http://t.co/WOWHUPGuaq
Sat May 09 17:24:06 +0000 2015,RT @_JakeRussell: Al Horford's sister has no sympathy for John Wall. #Wizards #Hawks (screenshot via @Ello_Chop, h/t @HoopDistrictDC) http:‚Ä¶
Sat May 09 17:23:03 +0000 2015,RT @LukePetela: Congrats to @hthslax2015 for their first varsity WIN in program history! Young team with endless potential. #hawks
Sat May 09 17:21:44 +0000 2015,Page2/#A's #M's//#NBA/#Hawks -3.5 #Wiz/#GSt. -4.5 #Grizzlies//#NHL /#TB #Habs//#MLS/#Fire -.5 #RSL/#Whitecaps -.5 #Union/#Crew -.5 #Sounders
Sat May 09 17:21:19 +0000 2015,#NBA #HAWKS - White Spud Webb Atlanta Hawks #4 jersey Size S, M, L, XL, XXL:  $43.99End... http://t.co/UKfWkPUk6l http://t.co/k33Sm3HFUt
Sat May 09 17:21:19 +0000 2015,#NBA #HAWKS - Adidas Atlanta Hawks navy youth Polyester zip front jacket size 10-12  ex... http://t.co/3BLNuykU8L http://t.co/k33Sm3HFUt
Sat May 09 17:19:07 +0000 2015,#Health #Solution How to Speed Up Your Metabolism Without Exercise http://t.co/wfEYRouwVD #Hawks #Fitness
Sat May 09 17:16:45 +0000 2015,RT @_JakeRussell: Al Horford's sister has no sympathy for John Wall. #Wizards #Hawks (screenshot via @Ello_Chop, h/t @HoopDistrictDC) http:‚Ä¶
Sat May 09 17:16:12 +0000 2015,Report: #Hawks stash rookie #Spain Gran Canaria C Walter Tavares' deal contains outs, and he could land in the NBA or with a Euro powerhouse
Sat May 09 17:15:39 +0000 2015,Report: #Hawks love stash rookie #Spain Gran Canaria C Walter Tavares.
Sat May 09 17:15:03 +0000 2015,RT @_JakeRussell: Al Horford's sister has no sympathy for John Wall. #Wizards #Hawks (screenshot via @Ello_Chop, h/t @HoopDistrictDC) http:‚Ä¶
Sat May 09 17:14:35 +0000 2015,„ÉØ„Ç§„ÄåÂ∑•Ëó§„Åã„ÇâÁÑ°ËÉΩËá≠„Åå„Åô„Çã„É≥„Ç¥„Éª„Éª„Éª„Äç /#Hawks #npb #„Éó„É≠ÈáéÁêÉ /http://t.co/ttvCKWEqdN /https://t.co/OxTOHntIJ1
Sat May 09 17:12:43 +0000 2015,Atlanta, whassup? Your #Hawks going down tonight. PSYCH.
Sat May 09 17:11:52 +0000 2015,RT @_JakeRussell: Al Horford's sister has no sympathy for John Wall. #Wizards #Hawks (screenshot via @Ello_Chop, h/t @HoopDistrictDC) http:‚Ä¶
Sat May 09 17:11:37 +0000 2015,L D #Sports #Basketball Dominique Wilkins Atlanta #Hawks 11x14 Custom Basketball Photo #Bestseller #Buy http://t.co/1hM9ORLxEt
Sat May 09 17:11:07 +0000 2015,#Sports #Basketball White Spud Webb Atlanta #Hawks #4 jersey Size S, M, L, XL, XXL http://t.co/aBoMkiBRyb #Bestseller #Buy
Sat May 09 17:11:06 +0000 2015,#NBA #AtlantaHawks NEW/Retro Atlanta Hawks Basketball Logo Athletic "Shark" Snap Back Red/White Hat http://t.co/sHFAxVui59 #Hawks #Sports
Sat May 09 17:09:43 +0000 2015,RT @GeoffBakerTIMES: New documents show hotel clerk told police Frank Clark threatened her, admitting hitting GF night of arrest. #Hawks ht‚Ä¶
Sat May 09 17:09:06 +0000 2015,TIX http://t.co/MY3Vif2208 L L D Washington Wizards vs Atlanta #Hawks 05/11 NBA Playoffs VIP ALL-INCLUSIVE‚Ä¶ http://t.co/68pu8ibJpa NBA‚Ä¶
Sat May 09 17:08:26 +0000 2015,#Hawks &amp; #Warriors lose today prepare for MANDO FURY
Sat May 09 17:08:05 +0000 2015,#atlantahawks #ATLHawks #Hawks #atlanta Peachtree Hoops Podcast: Previewing Hawks-Wizards Game 3 http://t.co/42VIaDf8yr
Sat May 09 17:07:34 +0000 2015,RT @HunterAthletics: #Hawks defeat sagegators 8-4 behind Sara Beck's 12 K performance and a 6-run 6th inning!! The #Hawks‚Ä¶ https://t.co/3Em‚Ä¶
Sat May 09 17:06:00 +0000 2015,#Wizards star PG John Wall (wrist/hand) very unlikely to play in today's Game 3. #Hawks.
