Sat May 09 18:15:15 +0000 2015,Rounding up a few mock drafts http://t.co/D8z64fKqIj #Hornets #NBA
Sat May 09 17:54:54 +0000 2015,@Hazzasmith67 @HornetsX2 Fans get FREE AmazonPrime! Get 40,000+ Movies/TV Shows &amp; 500K+ Ebooks. http://t.co/HNN9nfgk7G RT! #Hornets
Sat May 09 17:50:14 +0000 2015,2014-15 Report Cards :Michael Jordan http://t.co/fwahmHIXes #Hornets #NBA
Sat May 09 17:46:20 +0000 2015,Rare 1947 American Hockey League players ID card - Jack Hamilton/http://t.co/uWLAC7x0wF?/#AHL #hockey #pittsburgh #hornets #memorabilia
Sat May 09 17:25:14 +0000 2015,Top five Charlotte Hornets links of the week (May 8) http://t.co/DvOsEePEMD #Hornets #NBA
Sat May 09 17:24:39 +0000 2015,http://t.co/lcd6IZhCv1: Charlotte Hornets vs Indiana Pacers... http://t.co/GcQZYTHH1K #charlotte #hornets #indiana #pacers #streaming
Sat May 09 17:21:57 +0000 2015,In desperate need of a celebratory take away #champions #netball #Hornets #Winners
Sat May 09 17:15:17 +0000 2015,@edy_fu1 @HornetsX2 Fans get FREE AmazonPrime! Get 40,000+ Movies/TV Shows &amp; 500K+ Ebooks. http://t.co/HNN9nfgk7G RT! #Hornets
Sat May 09 17:01:15 +0000 2015,#NBA #Hornets - Vtg Charlotte Hornets Big Logo Snapback Hat:  $25.00End Date: Saturday ... http://t.co/H6QO073kGY http://t.co/lQmogZfBKD
Sat May 09 17:01:15 +0000 2015,#NBA #Hornets - Vtg Charlotte Hornets Big Logo Snapback Hat:  $25.00End Date: Saturday ... http://t.co/BpkMBbjSUC http://t.co/k33Sm3HFUt
Sat May 09 17:00:13 +0000 2015,Top 10 Plays and Moments from Charlotte Hornets' 2014-15 Season http://t.co/6y2XAPBr05 #Hornets #NBA
Sat May 09 16:06:49 +0000 2015,Matt Barnes Fined $50,000 For Comments To Harden's Mom - http://t.co/VAd8MDRbK8 #Hornets
Sat May 09 15:56:49 +0000 2015,#NBA #Hornets - Mitchell &amp; Ness Spot Mesh Shooting Jersey Charlotte Hornets M:  $70.00E... http://t.co/OvzjGjggDT http://t.co/lQmogZfBKD
Sat May 09 15:50:14 +0000 2015,@MNM0213 1Tweet4 @HornetsX2 Fans, Follow Team/Player Tweets, UTubes, Stats, Pics &amp; MORE! Visit http://t.co/qaOE6otQR0 RT! #Hornets
Sat May 09 15:49:08 +0000 2015,RT @CoachTompsHomes: Great team win tonight! Movin on to the next. #DmasLax #Hornets thanks for the support @DHS_Hornets @DHS_Principal  ht‚Ä¶
Sat May 09 15:31:47 +0000 2015,Pau Gasol Leaves Game 3 With Hamstring Strain - http://t.co/sgVbnp3jmN #Hornets
Sat May 09 15:26:50 +0000 2015,#NBA #Hornets - Charlotte Hornets Black Size 7 1/8 Baseball Cap by New Era 100% Wool:  ... http://t.co/0IDvQAF57I http://t.co/lQmogZfBKD
Sat May 09 15:13:54 +0000 2015,RT @LSCBaseball: The hive during family dinner tonight with freshman catcher Dave Laroche.  #family #Hornets‚Ä¶ https://t.co/CE273qkHkh
Sat May 09 15:12:04 +0000 2015,RT @CB_Ih3: Blessed to say I received my second Division 1 offer from Sac State. I want to thank the staff of Sacramento #Hornets http://t.‚Ä¶
Sat May 09 15:06:45 +0000 2015,6 years ago today I graduated from THE Alabama State University. Congrats to the #Hornets graduating today! #ProudAlum @ASUHornetNation
Sat May 09 15:06:38 +0000 2015,@PaKhO2424 1Tweet4 @HornetsX2 Fans, Follow Team/Player Tweets, UTubes, Stats, Pics &amp; MORE! Visit http://t.co/qaOE6otQR0 RT! #Hornets
Sat May 09 14:54:28 +0000 2015,Congrats #2015 #ASU15 #ASU #Hornets üëèüéì http://t.co/7S8daLio2c
Sat May 09 14:48:54 +0000 2015,RT @mitchdezort: Happy Birthday bro @D_Martink ! üòÇ #LBU #1 #hornets http://t.co/xzrnl1u08S
Sat May 09 14:44:31 +0000 2015,RT @romellopresley: Blessed to say that I just got accepted into Alabama State University &amp; a preferred walk on #Hornets ASU 19 üêùüèà
Sat May 09 14:37:00 +0000 2015,New Charlotte Hornet Troy Daniels says he can create space - http://t.co/crFpOA7uj5 #Hornets
Sat May 09 14:01:58 +0000 2015,2014-15 Season in Review | Cody Zeller - http://t.co/P860MGcz6v #Hornets
Sat May 09 13:47:13 +0000 2015,#NBA #Hornets - Charlotte Hornets Adidas NBA Primary Logo Men's Teal T-Shirt:  $17.95En... http://t.co/Ec5wqrrInq http://t.co/k33Sm3HFUt
Sat May 09 13:17:51 +0000 2015,#NBA #Hornets - Charlotte Hornets Adidas NBA Primary Logo Men's Teal T-Shirt:  $17.95En... http://t.co/ER8xqLLTP5 http://t.co/lQmogZfBKD
Sat May 09 13:13:06 +0000 2015,@JeffNelms1 #Hornets He is a Hornets legend for sure.
Sat May 09 13:06:15 +0000 2015,@2506Mnu13 @HornetsX2 Fans get FREE AmazonPrime! Get 40,000+ Movies/TV Shows &amp; 500K+ Ebooks. http://t.co/HNN9nfgk7G RT! #Hornets
Sat May 09 13:00:07 +0000 2015,üíúüê¨üíúüê¨üíúüê¨üíúüê¨üíúüê¨üíúüê¨üíú/    /#JORDAN5 ‚úñÔ∏è #HORNETS  /#WHITE ‚úñÔ∏è #GRAPE//üíúüê¨üíúüê¨üíúüê¨üíúüê¨üíúüê¨üíúüê¨üíú https://t.co/60TCx778YW
Sat May 09 13:00:03 +0000 2015,RT @ChrisSteinbruck: Congrats to @Brewer_9 for picking up his second offer yesterday, this one from @SHSUFootball. #EatEmUpKats #Hornets ht‚Ä¶
Sat May 09 12:52:34 +0000 2015,RT @ChrisSteinbruck: Congrats to @Brewer_9 for picking up his second offer yesterday, this one from @SHSUFootball. #EatEmUpKats #Hornets ht‚Ä¶
Sat May 09 12:43:06 +0000 2015,#NBA #Hornets - Charlotte Hornets Black 3XL Mitchell &amp; Ness Jumpball Henley Shirt:  $23... http://t.co/Zqtq266pZ9 http://t.co/lQmogZfBKD
Sat May 09 12:43:06 +0000 2015,#NBA #Hornets - Charlotte Hornets MEDIUM Mitchell &amp; Ness Drop Step Mesh Tank Top Jersey... http://t.co/OpboG1YqBW http://t.co/lQmogZfBKD
Sat May 09 12:43:05 +0000 2015,#NBA #Hornets - Charlotte Hornets Black XL Mitchell &amp; Ness Jumpball Henley Shirt:  $23.... http://t.co/4vuJUjSFT9 http://t.co/lQmogZfBKD
Sat May 09 12:43:05 +0000 2015,#NBA #Hornets - Charlotte Hornets XS Mitchell &amp; Ness Drop Step Mesh Tank Top Jersey Rar... http://t.co/auwy3xWonY http://t.co/lQmogZfBKD
Sat May 09 12:43:05 +0000 2015,#NBA #Hornets - Charlotte Hornets Large Mitchell &amp; Ness Drop Step Mesh Tank Top Jersey ... http://t.co/7tThqwVt3c http://t.co/lQmogZfBKD
Sat May 09 12:32:04 +0000 2015,@RMFreePicks 1Tweet4 @HornetsX2 Fans, Follow Team/Player Tweets, UTubes, Stats, Pics &amp; MORE! Visit http://t.co/qaOE6otQR0 RT! #Hornets
Sat May 09 12:29:04 +0000 2015,Great team win tonight! Movin on to the next. #DmasLax #Hornets thanks for the support #DHS_Hornets #DHS_Principal‚Ä¶ http://t.co/JBphfgg1gE
Sat May 09 12:16:52 +0000 2015,1st 2012 NBA MOCK DRAFT! - http://t.co/j6Kqo4jDSR #Hornets
Sat May 09 12:03:16 +0000 2015,RT @CoachTompsHomes: Great team win tonight! Movin on to the next. #DmasLax #Hornets thanks for the support @DHS_Hornets @DHS_Principal  ht‚Ä¶
Sat May 09 11:55:52 +0000 2015,@charlyrauljimen @HornetsX2 Fans get FREE AmazonPrime! Get 40,000+ Movies/TV Shows &amp; 500K+ Ebooks. http://t.co/HNN9nfgk7G RT! #Hornets
Sat May 09 11:44:21 +0000 2015,At least you can see both goals!  #foggy #soccer #hornets #earlymorningdadduty https://t.co/1zTAD16Nmw
Sat May 09 11:43:38 +0000 2015,http://t.co/fsVGuR9Nzh Los Angeles Clippers vs Charlotte Hornets 03/17/2015 (Los Ange #Hornets http://t.co/S4XI1JjmWf
Sat May 09 11:33:52 +0000 2015,RT @ChrisSteinbruck: Congrats to @Brewer_9 for picking up his second offer yesterday, this one from @SHSUFootball. #EatEmUpKats #Hornets ht‚Ä¶
Sat May 09 11:14:35 +0000 2015,@MrCemore @HornetsX2 Fans get FREE AmazonPrime! Get 40,000+ Movies/TV Shows &amp; 500K+ Ebooks. http://t.co/HNN9nfgk7G RT! #Hornets
Sat May 09 11:09:08 +0000 2015,Does P.J. Hairston Have a Future In Charlotte?: P.J. Hairston‚Äòs road to the NBA was not typ... http://t.co/OU6ocQVhZ9 #hornets #fansided
Sat May 09 11:06:49 +0000 2015,Hand Of JEHOVAH, JESUS CHRIST repels Heat, Lebron - http://t.co/CknCHX1qlV #Hornets
Sat May 09 10:42:19 +0000 2015,#Hornets Daftar Lengkap Iklan PPC CPC CPM CPL CPA Pop ads Membayar Mahal:  http://t.co/naAGn2hqf3 #MensionForFolBack
Sat May 09 10:42:18 +0000 2015,#Hornets Pengertian Iklan PPC CPC CPM CPL CPA:  http://t.co/PriaBdJ3CD #MensionForFolBack
Sat May 09 10:36:05 +0000 2015,#CharlotteHornets #Hornets Where Carolinas players stand entering the NBA Draft Combine http://t.co/TbVq1qvsGU
Sat May 09 10:33:58 +0000 2015,#NBA #Hornets - NBA Official  Licensed Charlotte Hornets Dangle Earrings Aminco:  $15.0... http://t.co/xH6LNy4ZqE http://t.co/k33Sm3HFUt
Sat May 09 10:30:25 +0000 2015,@kimberlyrojas58 @HornetsX2 Fans get FREE AmazonPrime! Get 40,000+ Movies/TV Shows &amp; 500K+ Ebooks. http://t.co/HNN9nfgk7G RT! #Hornets
Sat May 09 10:18:43 +0000 2015,Why do daily dcsions hav to b so hard &amp; cmplicted? #Jordan5 #WhiteGrapes #MidnightNavy #Hornets #SneakerHead #KOTD http://t.co/qEcUYXBgUi
Sat May 09 10:04:20 +0000 2015,#NBA #Hornets - NBA Official  Licensed Charlotte Hornets Dangle Earrings Aminco:  $15.0... http://t.co/kpdCggl8BN http://t.co/lQmogZfBKD
Sat May 09 09:57:08 +0000 2015,Charlotte Hornets at Chicago Bulls preview 02.25.15 - http://t.co/KtiR5R7MIN #Hornets
Sat May 09 09:53:34 +0000 2015,Getting boys up at 4:30 in the morning for a tournament that will probably be canceled. #Hornets
Sat May 09 09:32:21 +0000 2015,RT @CoachTompsHomes: Great team win tonight! Movin on to the next. #DmasLax #Hornets thanks for the support @DHS_Hornets @DHS_Principal  ht‚Ä¶
Sat May 09 09:26:02 +0000 2015,@guillermogaitan @HornetsX2 Fans get FREE AmazonPrime! Get 40,000+ Movies/TV Shows &amp; 500K+ Ebooks. http://t.co/HNN9nfgk7G RT! #Hornets
Sat May 09 09:15:13 +0000 2015,FINAL SCORE: #Brooklyn 101 def. #Hornets 97./B.Lopez finishes with 20pt, 7reb, 5ast, and 4blk, D.Williams with 33pts and 8reb./#Nets
Sat May 09 08:47:04 +0000 2015,dedman's Final 2012 NBA Mockery - http://t.co/BbF6azfTxI #Hornets
Sat May 09 08:26:06 +0000 2015,#NBA #Hornets - VINTAGE Snapback Hat: Official NBA Charlotte Hornets by TWINS ENTERPRIS... http://t.co/3Ds76I4MQj http://t.co/k33Sm3HFUt
Sat May 09 08:26:06 +0000 2015,#NBA #Hornets - Mens Vtg NBA CHARLOTTE HORNETS #2 L. JOHNSON Champion PRINTED Jersey LA... http://t.co/WlvIuR68I3 http://t.co/k33Sm3HFUt
Sat May 09 08:12:02 +0000 2015,2014-15 Season in Review | Al Jefferson - http://t.co/d3zQvZhYWI #Hornets
Sat May 09 08:05:09 +0000 2015,Atlantic Notes :Celtics, Teletovic, Saric http://t.co/JxLO7kVOfL #Hornets #NBA
Sat May 09 08:02:27 +0000 2015,@CrowsGal19 1Tweet4 @HornetsX2 Fans, Follow Team/Player Tweets, UTubes, Stats, Pics &amp; MORE! Visit http://t.co/qaOE6otQR0 RT! #Hornets
Sat May 09 07:40:09 +0000 2015,2014/15 D-League Usage Report :Knicks http://t.co/GNuX1lvlcG #Hornets #NBA
Sat May 09 07:37:00 +0000 2015,Top 10 Plays and Moments from Charlotte Hornets' 2014-15 Season - http://t.co/XjvvfURMkT #Hornets
Sat May 09 07:30:25 +0000 2015,@scott3901 1Tweet4 @HornetsX2 Fans, Follow Team/Player Tweets, UTubes, Stats, Pics &amp; MORE! Visit http://t.co/qaOE6otQR0 RT! #Hornets
Sat May 09 07:15:08 +0000 2015,Western Notes :D-League, Donovan, Williams http://t.co/YbOqxrUd3Y #Hornets #NBA
Sat May 09 06:50:54 +0000 2015,@49erbest_7 1Tweet4 @HornetsX2 Fans, Follow Team/Player Tweets, UTubes, Stats, Pics &amp; MORE! Visit http://t.co/qaOE6otQR0 RT! #Hornets
Sat May 09 06:50:03 +0000 2015,2015 Prospect Profile Series http://t.co/wRBwT1nT2w #Hornets #NBA
Sat May 09 06:26:56 +0000 2015,Heat Sweep the Bobcats as James Scores 31 Points - http://t.co/AkqLMJQrVW #Hornets
Sat May 09 06:20:13 +0000 2015,NBA Playoffs open thread (May 6) http://t.co/FQn08zkTx5 #Hornets #NBA
Sat May 09 06:14:34 +0000 2015,@0289f3dcbd1c419 1Tweet4 @HornetsX2 Fans, Follow Team/Player Tweets, UTubes, Stats, Pics &amp; MORE! Visit http://t.co/qaOE6otQR0 RT! #Hornets
Sat May 09 05:55:13 +0000 2015,2014-15 Player Report Cards :PJ Hairston http://t.co/WkVeN6gKXx #Hornets #NBA
Sat May 09 05:49:25 +0000 2015,#NBA #Hornets - VINTAGE Snapback Hat: Official NBA Charlotte Hornets by TWINS ENTERPRIS... http://t.co/zGIf1qzpJh http://t.co/lQmogZfBKD
Sat May 09 05:49:25 +0000 2015,#NBA #Hornets - Mens Vtg NBA CHARLOTTE HORNETS #2 L. JOHNSON Champion PRINTED Jersey LA... http://t.co/l0zWfeDb7K http://t.co/lQmogZfBKD
Sat May 09 05:30:12 +0000 2015,Rounding up a few mock drafts http://t.co/D8z64fKqIj #Hornets #NBA
Sat May 09 05:16:52 +0000 2015,Hornets Sports &amp;amp; Entertainment Announces Intent To Launch Owned-and-Operated NBA D-League Team - http://t.co/LSSgkt035T #Hornets
Sat May 09 05:13:41 +0000 2015,#NBA #Hornets - NBA Charlotte Hornets Two Pin Lot Peter David Wincraft 1990's OOP:  $3.... http://t.co/kj4rFZuZJM http://t.co/lQmogZfBKD
Sat May 09 05:13:41 +0000 2015,#NBA #Hornets - NBA Charlotte Hornets Basketball Club Pin 1994 Peter David Vintage OOP:... http://t.co/imAcMPTysD http://t.co/lQmogZfBKD
Sat May 09 05:13:41 +0000 2015,#NBA #Hornets - NBA Charlotte Hornets Coca-Cola Pin #2 Peter David Coke OOP Rare HOT:  ... http://t.co/cUSg9jF9cg http://t.co/lQmogZfBKD
Sat May 09 05:13:41 +0000 2015,#NBA #Hornets - NBA Charlotte Hornets Coca-Cola Pin HOT Highly Limited Coke Peter David... http://t.co/44DPJo34rs http://t.co/lQmogZfBKD
Sat May 09 05:13:40 +0000 2015,#NBA #Hornets - NBA Charlotte Hornets Two Pin Lot Peter David Wincraft 1990's OOP:  $3.... http://t.co/ARqOpUItGn http://t.co/k33Sm3HFUt
Sat May 09 05:13:40 +0000 2015,#NBA #Hornets - NBA Charlotte Hornets Basketball Club Pin 1994 Peter David Vintage OOP:... http://t.co/oZTUjEhjqA http://t.co/k33Sm3HFUt
Sat May 09 05:13:40 +0000 2015,#NBA #Hornets - NBA Charlotte Hornets Coca-Cola Pin #2 Peter David Coke OOP Rare HOT:  ... http://t.co/qaoKCXqrCm http://t.co/k33Sm3HFUt
Sat May 09 05:13:39 +0000 2015,#NBA #Hornets - NBA Charlotte Hornets Coca-Cola Pin HOT Highly Limited Coke Peter David... http://t.co/XAGkpd4Tdx http://t.co/k33Sm3HFUt
Sat May 09 05:09:01 +0000 2015,Can't wait baby. Game day. #Hornets #HornetNation #Team2AllDay https://t.co/WUlKM9NNO0
Sat May 09 05:05:11 +0000 2015,2014-15 Report Cards :Michael Jordan http://t.co/fwahmHIXes #Hornets #NBA
Sat May 09 04:59:08 +0000 2015,RT @BeforeFamePics: Happy birthday to: /Kemba Walker (#Hornets)üéâ/Lovie Smith (#Bucs)üéâ http://t.co/uR24plC5vl
Sat May 09 04:58:55 +0000 2015,Comment: Encouraging signs formula for top flight survival could be found http://t.co/QXu1Q87yki #watfordfc #hornets
Sat May 09 04:53:03 +0000 2015,Shoutttttouttttt to the mf'n softball team !!!!!!! #MyASU !!!! #Hornets we taking over the SWAC !!!!!! No doubt‚Ä¶ http://t.co/ExxI5uft1x
Sat May 09 04:41:50 +0000 2015,Charlotte Hornets center Al Jefferson limited by constant double-teams - http://t.co/PkFHLRwBsn #Hornets
Sat May 09 04:34:58 +0000 2015,RT @britney_ciara: Shoutttttouttttt to the mf'n softball team !!!!!!! #MyASU !!!! #Hornets we taking over the SWAC !!!!!! No doubt ‚ò∫Ô∏è‚ò∫Ô∏è‚ò∫Ô∏èüòéüòé‚Ä¶
Sat May 09 04:26:14 +0000 2015,Happy Birthday bro @D_Martink ! üòÇ #LBU #1 #hornets http://t.co/xzrnl1u08S
Sat May 09 04:23:26 +0000 2015,RT @britney_ciara: Shoutttttouttttt to the mf'n softball team !!!!!!! #MyASU !!!! #Hornets we taking over the SWAC !!!!!! No doubt ‚ò∫Ô∏è‚ò∫Ô∏è‚ò∫Ô∏èüòéüòé‚Ä¶
Sat May 09 04:22:45 +0000 2015,RT @britney_ciara: Shoutttttouttttt to the mf'n softball team !!!!!!! #MyASU !!!! #Hornets we taking over the SWAC !!!!!! No doubt ‚ò∫Ô∏è‚ò∫Ô∏è‚ò∫Ô∏èüòéüòé‚Ä¶
Sat May 09 04:21:19 +0000 2015,Great team win tonight! Movin on to the next. #DmasLax #Hornets thanks for the support @DHS_Hornets @DHS_Principal  https://t.co/PrhdhPfgND
