Sat May 09 18:14:09 +0000 2015,#Knicks #Cards Patrick Ewing Lot of (20) Knicks Cards Excellent to Mint, no duplicates http://t.co/4RwwnzdGMy #Card #Deals
Sat May 09 18:14:07 +0000 2015,#Apparel #Souvenirs #NewYork #Knicks NBA Fashion Tee Women L Gray Blue Orange http://t.co/d78uYq8Bg8 #NBA #Auction
Sat May 09 18:13:12 +0000 2015,#Baseball #NBA 1972 Topps Phil Jackson Rookie #NewYork #Knicks RC Basketball Card #32 *Nm Mint* http://t.co/BOyiU99YYu #onsale #Discount
Sat May 09 18:13:11 +0000 2015,#NBA #Knicks WALT FRAZIER #10 #NewYork KNICKS LEGEND HOF NBA BASKETBALL EXCLUSIVE MSG #Jersey http://t.co/EB0OMmFpfA #Offers #Deals
Sat May 09 18:12:06 +0000 2015,L #Apparel #Souvenirs #NewYork #Knicks NBA Game Shorts Home White L+2 #NBA #Auction http://t.co/DDTlQCRADj
Sat May 09 18:10:09 +0000 2015,#WeightLoss #Fit Three Reasons Why Hypnotherapy for Weight Loss Works http://t.co/MnH1Zx6BlK #Knicks #Sports
Sat May 09 18:07:10 +0000 2015,#Knicks #Clothing new york Knicks #Jacket http://t.co/uO91VbcN4f #eBay #Auction
Sat May 09 18:05:32 +0000 2015,Seattle Storm Express Concern After Libertys Hiring of Isiah Thomas http://t.co/D5zmrRRhBM #knicks #NBA
Sat May 09 18:05:08 +0000 2015,L L #NBA #Knicks Pablo Prigioni 12-13 Panini Gold Standard RC #Jersey #'d/99 KNICKS #Offers #Deals http://t.co/HrsrnZDghB
Sat May 09 17:58:08 +0000 2015,L L #Apparel #Souvenirs New H.W.C. N.Y. #Knicks hat #NBA #Auction http://t.co/m6Y4Qn2ETs
Sat May 09 17:57:32 +0000 2015,@IanBegley Having failed 2 lead the #Knicks anywhere, Melo now wants 2 try his hnd at being GM. Meddlesome loser. #fail
Sat May 09 17:57:19 +0000 2015,RT @NYKNotifi: #Knicks http://t.co/LV53BN1yHF
Sat May 09 17:57:06 +0000 2015,#Knicks #Cards 1989 FleerNew York Knicks w/ Patrick Ewing team set lot xmas special http://t.co/YvtjtFfgUK #Card #Deals
Sat May 09 17:57:05 +0000 2015,#Apparel #Souvenirs NWT Youth Medium NY #Knicks ANTONIO MCDYESS #34 #Reebok #Jersey http://t.co/PKwakYKfQH #NBA #Auction
Sat May 09 17:56:32 +0000 2015,RT @AdamZagoria: Ed Bright of Sports U says @katis32 would thrive with the #Knicks if chosen No. 1 overall http://t.co/vXIcgj7E2n
Sat May 09 17:56:07 +0000 2015,RT @NYKNotifi: #Knicks http://t.co/LV53BN1yHF
Sat May 09 17:55:37 +0000 2015,#Baseball #NBA Nike Air Foamposite One #Knicks size 13 PADS READ DESCRIPTION Jordan 11 4 5 6 12 http://t.co/8tNmpglnew #onsale #Discount
Sat May 09 17:55:37 +0000 2015,#NBA #Knicks LARRY JOHNSON 2013-14 Panini Prizm Basketball Auto SP #57 - #NewYork KNICKS http://t.co/00i4lNqKiH #Offers #Deals
Sat May 09 17:52:09 +0000 2015,L #Apparel #Souvenirs #Adidas #NewYork #Knicks Replica #Carmelo #Anthony NBA #Jersey 7 Size 2XL #NBA #Auction http://t.co/RrGEZ2W7Og
Sat May 09 17:50:51 +0000 2015,RT @NYKNotifi: #Knicks http://t.co/LV53BN1yHF
Sat May 09 17:50:35 +0000 2015,#Knicks #Clothing New York Knicks 47 Brand Clean Up Curved Bill Adjustable Hat #NBA Baseball Cap http://t.co/aNss3HaJUu #eBay #Auction
Sat May 09 17:48:10 +0000 2015,RT @NYKNotifi: #Knicks http://t.co/LV53BN1yHF
Sat May 09 17:46:24 +0000 2015,L L #Apparel #Souvenirs BRAND NEW NBA MEN'S #NewYork #Knicks ANTHONY #7 PREMIUM COTTON T-SHIRT 4X 4XL #NBA #Auction http://t.co/zwI771z62X
Sat May 09 17:42:06 +0000 2015,RT @nyknicks: On This Date in 1993…Ewing’s 33 points lead #Knicks past Charlotte in Gm 1.//READ MORE:/http://t.co/XkdX7NIj07 http://t.co/cX…
Sat May 09 17:41:06 +0000 2015,#Knicks #Cards 2009 Upper deck SP #Jersey Hoyas Patrick Ewing Roy Hibbert Jeff Green 50/299 http://t.co/0xhd3lvNRc #Card #Deals
Sat May 09 17:41:05 +0000 2015,#Apparel #Souvenirs #NewYork #Knicks NY Made Orange NBA T-Shirt NWOT - Men's Large http://t.co/owpTKA3iLK #NBA #Auction
Sat May 09 17:40:57 +0000 2015,RT @NYKNotifi: #Knicks http://t.co/LV53BN1yHF
Sat May 09 17:40:31 +0000 2015,Knicks will be without Jose Calderon for at least another two weeks http://t.co/bdcjV7I5YC #knicks #NBA
Sat May 09 17:40:11 +0000 2015,#Baseball #NBA 2013-14 Spectra LARRY JOHNSON #Jersey AUTO Marks Memorabilia 34/75 #Knicks http://t.co/VIJIbQgDdW #onsale #Discount
Sat May 09 17:40:11 +0000 2015,#NBA #Knicks Nike Air Foamposite One Knicks size 13 PADS READ DESCRIPTION Jordan 11 4 5 6 12 http://t.co/skWbgCAugE #Offers #Deals
Sat May 09 17:40:10 +0000 2015,L #Knicks #Cards 1986 Star Patrick Ewing Best Of The Best Rookie BGS Gem Mint 9.5 Knicks HOF #Card #Deals http://t.co/gCCjEXFv36
Sat May 09 17:37:09 +0000 2015,RT @NYKNotifi: #Knicks http://t.co/LV53BN1yHF
Sat May 09 17:36:30 +0000 2015,RT @NYKNotifi: #Knicks http://t.co/LV53BN1yHF
Sat May 09 17:35:11 +0000 2015,RT @nyknicks: On This Date in 1993…Ewing’s 33 points lead #Knicks past Charlotte in Gm 1.//READ MORE:/http://t.co/XkdX7NIj07 http://t.co/cX…
Sat May 09 17:33:06 +0000 2015,L #Apparel #Souvenirs New NY #Knicks Throw by MetLife - 50" x 60" - Black #NBA #Auction http://t.co/JjW0v2IVcT
Sat May 09 17:31:22 +0000 2015,http://t.co/nkEx41cbQj [http://t.co/TFyn4LdwPF: The Knicks Blog] - Carmelo Anthony &amp; Justise Winslow c #Knicks http://t.co/fHCXGD4DPy
Sat May 09 17:26:23 +0000 2015,http://t.co/PCWFETeh2o CARMELO ANTHONY SIGNED AUTOGRAPHED 8X10 PHOTO NEW YORK KNICKS #Knicks http://t.co/ETEcSfZ5uy
Sat May 09 17:26:05 +0000 2015,L L #Baseball #NBA EUC Stephon Marbury #3 #NewYork #Knicks Blue NBA Reebok Basketball #Jersey L 14 16 #onsale… http://t.co/SVywDPiMPp
Sat May 09 17:25:37 +0000 2015,@PhilJackson11 http://t.co/dFu9gjPMIw Do this and Get some picks Very Nice Trade a Fair For Both Sides #KNICKS #Timberwolves
Sat May 09 17:24:13 +0000 2015,RT @NYKNotifi: #Knicks http://t.co/LV53BN1yHF
Sat May 09 17:24:05 +0000 2015,#Knicks #Cards LEBRON JAMES 2003-04 03-04 #Topps MATRIX ROOKIE CARD RC w/ Chris Bosh http://t.co/B2dTEocRpa #Card #Deals
Sat May 09 17:23:36 +0000 2015,#Apparel #Souvenirs #NewYork #Knicks NBA Game Shorts Home White L+2 http://t.co/TP3W2GeC6J #NBA #Auction
Sat May 09 17:23:36 +0000 2015,#Baseball #NBA Pablo Prigioni 12-13 Panini Gold Standard RC #Jersey #'d/99 #Knicks http://t.co/a66yfOjmMy #onsale #Discount
Sat May 09 17:23:35 +0000 2015,#NBA #Knicks 2012-13 MARCUS CAMBY Panini Gold Standard Black Gold #Jersey #'d/149 KNICKS http://t.co/LQxTcz4cit #Offers #Deals
Sat May 09 17:19:52 +0000 2015,RT @NYKNotifi: #Knicks http://t.co/LV53BN1yHF
Sat May 09 17:19:35 +0000 2015,L #NBA #Knicks Pablo Prigioni 12-13 Panini Gold Standard RC #Jersey #'d/99 KNICKS #Offers #Deals http://t.co/vvfTIkWEFB
Sat May 09 17:15:34 +0000 2015,Rough year for Knicks| http://t.co/8yyPNsTDjq #Knicks
Sat May 09 17:15:31 +0000 2015,The Spurs, who face the Knicks at MSG Tuesday night, are a good team to emulate http://t.co/h4aK7VroQ6 #knicks #NBA
Sat May 09 17:13:54 +0000 2015,http://t.co/QZcryIwD3O What's the Right Price for New York Knicks to Bring Back Andrea B #Knicks http://t.co/wN1mLfqYtY
Sat May 09 17:13:35 +0000 2015,L #Apparel #Souvenirs New H.W.C. N.Y. #Knicks hat #NBA #Auction http://t.co/vHsbex6t85
Sat May 09 17:12:30 +0000 2015,RT @nyknicks: On This Date in 1993…Ewing’s 33 points lead #Knicks past Charlotte in Gm 1.//READ MORE:/http://t.co/XkdX7NIj07 http://t.co/cX…
Sat May 09 17:12:16 +0000 2015,RT @NYKNotifi: #Knicks http://t.co/LV53BN1yHF
Sat May 09 17:11:24 +0000 2015,RT @NYKNotifi: #Knicks http://t.co/LV53BN1yHF
Sat May 09 17:07:15 +0000 2015,L L L #Baseball #NBA Vintage #NewYork #Knicks NBA Latrell Sprewell # 8 #Jersey Lover Champion XXL #onsale #Discount http://t.co/6g2BwmlTEn
Sat May 09 17:07:14 +0000 2015,#Knicks #Cards JR Smith Calderon Panini #Basketball #Autograph Auto Lot Knicks Cle#Anthony x 7 http://t.co/vt31ewze7C #Card #Deals
Sat May 09 17:07:14 +0000 2015,#Baseball #NBA DRAPAC TEAM RAZOR CARBON BIB SHORT #Knicks VERY GOOD SMALL RED sram http://t.co/IBhJUHHG1W #onsale #Discount
Sat May 09 17:07:13 +0000 2015,#NBA #Knicks Knicks Disney Vinylmation NEW NBA Collectible http://t.co/HB9xtwID9Y #Offers #Deals
Sat May 09 17:07:12 +0000 2015,#Apparel #Souvenirs #Adidas #NewYork #Knicks Replica #Carmelo #Anthony NBA #Jersey 7 Size 2XL http://t.co/4aftdHAski #NBA #Auction
Sat May 09 17:05:41 +0000 2015,RT @NYKNotifi: #Knicks http://t.co/LV53BN1yHF
Sat May 09 17:05:36 +0000 2015,#WeightLoss #Fit Best Way to Lose Weight: 10 Easy to Do Weight Loss Tips http://t.co/nEOvyOeFCX #Knicks #Sports
Sat May 09 17:01:34 +0000 2015,L #Apparel #Souvenirs BRAND NEW NBA MEN'S #NewYork #Knicks ANTHONY #7 PREMIUM COTTON T-SHIRT 4X 4XL #NBA #Auction http://t.co/xF3EWsm0Zx
Sat May 09 17:00:01 +0000 2015,RT @NYKNotifi: #Knicks http://t.co/LV53BN1yHF
Sat May 09 16:59:08 +0000 2015,#Knicks #Clothing New York Knicks Snapback - Orange and Blue http://t.co/iq20BGHqS6 #eBay #Auction
Sat May 09 16:58:35 +0000 2015,RT @nyknicks: On This Date in 1993…Ewing’s 33 points lead #Knicks past Charlotte in Gm 1.//READ MORE:/http://t.co/XkdX7NIj07 http://t.co/cX…
Sat May 09 16:57:46 +0000 2015,RT @nyknicks: On This Date in 1993…Ewing’s 33 points lead #Knicks past Charlotte in Gm 1.//READ MORE:/http://t.co/XkdX7NIj07 http://t.co/cX…
Sat May 09 16:56:59 +0000 2015,RT @DwightfromJerz: #RIP: Anthony Mason dies at age of 48 http://t.co/gh5BoDeUD5 -via ESPN http://t.co/cWiLtJlS4D #Knicks
Sat May 09 16:55:27 +0000 2015,L #NBA #Knicks 2013-14 Spectra LARRY JOHNSON #Jersey AUTO Marks Memorabilia 34/75 KNICKS #Offers #Deals http://t.co/JN2EDfTmPt
Sat May 09 16:54:23 +0000 2015,RT @nyknicks: On This Date in 1993…Ewing’s 33 points lead #Knicks past Charlotte in Gm 1.//READ MORE:/http://t.co/XkdX7NIj07 http://t.co/cX…
Sat May 09 16:53:52 +0000 2015,RT @NYKNotifi: #Knicks http://t.co/LV53BN1yHF
Sat May 09 16:51:07 +0000 2015,#Baseball #NBA LARRY JOHNSON 2013-14 Panini Prizm Basketball Auto SP #57 - #NewYork #Knicks http://t.co/meBArdlTEn #onsale #Discount
Sat May 09 16:50:37 +0000 2015,#NBA #Knicks 14-15 Immaculate RPA Rookie RC Patch Auto Parallel Cleanthony Early /17 Knicks http://t.co/Ke9iAnmtrU #Offers #Deals
Sat May 09 16:50:37 +0000 2015,RT @nyknicks: On This Date in 1993…Ewing’s 33 points lead #Knicks past Charlotte in Gm 1.//READ MORE:/http://t.co/XkdX7NIj07 http://t.co/cX…
Sat May 09 16:50:36 +0000 2015,#Knicks #Cards 1986 Star Patrick Ewing Best Of The Best Rookie BGS Gem Mint 9.5 Knicks HOF http://t.co/ef8QuHvEgC #Card #Deals
Sat May 09 16:50:35 +0000 2015,#Apparel #Souvenirs New NY #Knicks Throw by MetLife - 50" x 60" - Black http://t.co/syTE3jNzMP #NBA #Auction
Sat May 09 16:50:30 +0000 2015,Knicks fire D-League coach Kevin Whitted http://t.co/y7OnBdbYFP #knicks #NBA
Sat May 09 16:50:11 +0000 2015,RT @NYKNotifi: #Knicks http://t.co/LV53BN1yHF
Sat May 09 16:50:00 +0000 2015,RT @NYKNotifi: #Knicks http://t.co/LV53BN1yHF
Sat May 09 16:49:51 +0000 2015,L #Baseball #NBA EUC Stephon Marbury #3 #NewYork #Knicks Blue NBA Reebok Basketball #Jersey L 14 16 #onsale… http://t.co/elEXYCC6CC
Sat May 09 16:49:49 +0000 2015,RT @nyknicks: On This Date in 1993…Ewing’s 33 points lead #Knicks past Charlotte in Gm 1.//READ MORE:/http://t.co/XkdX7NIj07 http://t.co/cX…
Sat May 09 16:49:13 +0000 2015,RT @NYKNotifi: #Knicks http://t.co/LV53BN1yHF
Sat May 09 16:47:07 +0000 2015,#Knicks #Autographs CHARLIE WARD Autograph/AUTO 1994-95 SkyBox New York KNICKS Rookie SIGNED http://t.co/AfVGjep2MT #Autograph #Sale
Sat May 09 16:44:36 +0000 2015,L L #Apparel #Souvenirs #NewYork #Knicks New Era 5950 Scribbler 2 fitted hat 7 5/8 #NBA #Auction http://t.co/IrRQoUXETH
Sat May 09 16:43:48 +0000 2015,@NYKNotifi Top of #knicks today! Tired of unwanted subscription emails? Try Unroll.Me: http://t.co/iSEvsh9w8U
Sat May 09 16:40:32 +0000 2015,Jerry West wanted to be drafted by Knicks -- and was pursued by George Steinbrenner| http://t.co/jY3KM96ygj #Knicks
Sat May 09 16:39:59 +0000 2015,RT @NYKNotifi: #Knicks http://t.co/LV53BN1yHF
Sat May 09 16:38:26 +0000 2015,RT @NYKNotifi: #Knicks http://t.co/LV53BN1yHF
Sat May 09 16:36:13 +0000 2015,@Delblogo @DappperMax @saquino34 @StrayaNYsports ...all prospects I would consider in a trade down as my 2nd pick in the 1st round. #Knicks
Sat May 09 16:36:00 +0000 2015,RT @NYKNotifi: #Knicks http://t.co/LV53BN1yHF
Sat May 09 16:35:38 +0000 2015,RT @nyknicks: On This Date in 1993…Ewing’s 33 points lead #Knicks past Charlotte in Gm 1.//READ MORE:/http://t.co/XkdX7NIj07 http://t.co/cX…
Sat May 09 16:35:27 +0000 2015,Carmelo Anthony Nasty! Offensive Highlights #Knicks #Knicks Tape #Melo https://t.co/pgAd20udfA
Sat May 09 16:34:48 +0000 2015,#Baseball #NBA #Knicks Disney Vinylmation NEW NBA Collectible http://t.co/g240ERVhKr #onsale #Discount
Sat May 09 16:34:47 +0000 2015,#NBA #Knicks Pablo Prigioni 12-13 Panini Gold Standard RC #Jersey #'d/99 KNICKS http://t.co/7YDi0mTIKe #Offers #Deals
Sat May 09 16:34:47 +0000 2015,#WeightLoss #Fit How To Lose Weight With Ease In 2 Weeks http://t.co/l3y1b72WwA #Knicks #Sports
Sat May 09 16:34:46 +0000 2015,#Apparel #Souvenirs New H.W.C. N.Y. #Knicks hat http://t.co/TlPPlqDBiE #NBA #Auction
Sat May 09 16:34:45 +0000 2015,#Knicks #Cards #Carmelo #Anthony rookie card lot (6) - 2003-04 New York Knicks star RC http://t.co/v8jMnIN4o2 #Card #Deals
Sat May 09 16:34:09 +0000 2015,RT @nyknicks: On This Date in 1993…Ewing’s 33 points lead #Knicks past Charlotte in Gm 1.//READ MORE:/http://t.co/XkdX7NIj07 http://t.co/cX…
Sat May 09 16:33:15 +0000 2015,RT @NYKNotifi: #Knicks http://t.co/LV53BN1yHF
Sat May 09 16:33:07 +0000 2015,L #Apparel #Souvenirs LOT OF 8 DIFFERENT-#NewYork #Knicks SCHEDULES #NBA #Auction http://t.co/RAWlmYXTki
Sat May 09 16:31:07 +0000 2015,RT @nyknicks: On This Date in 1993…Ewing’s 33 points lead #Knicks past Charlotte in Gm 1.//READ MORE:/http://t.co/XkdX7NIj07 http://t.co/cX…
Sat May 09 16:29:54 +0000 2015,On this date in 2007: #Knicks Isiah Thomas fires attorney Peter Parcher, his lawyer in sexual harassment case. http://t.co/h7sIOq1ABB
