Sat May 09 18:17:10 +0000 2015,#Lakers #NBA Los Angeles Lakers #Adidas Brand #NBA #Basketball Baby Onesie Size 24 Months http://t.co/8XZXTb2HnU #Collectibles #Offer
Sat May 09 18:17:10 +0000 2015,#Lakers #Deals 2012-13 Panini #Kobe #Bryant Anthology Lot of (12) LAKERS http://t.co/tMJqhKZHlF #Collection #Sale
Sat May 09 18:16:23 +0000 2015,L L #Lakers #Deals VF Imagewear Los Angeles LA Lakers #Kobe #Bryant #24 Black Mamba 2 Sided Shirt L #Collectionâ€¦ http://t.co/eDi3FsgGvg
Sat May 09 18:16:10 +0000 2015,L L D #NBA #Lakers #JeremyLin 2014-15 Totally Certified Clear Cloth Jerseys Red #69 (Sk#14288) #eBay #Auction http://t.co/FEJDQ7IPvB
Sat May 09 18:15:52 +0000 2015,http://t.co/riqBJWslKV 2012-13 Fleer Retro Magic Johnson Raise The Roof BGS 9.5 /100  #Lakers http://t.co/3RE1hV3Onf
Sat May 09 18:13:51 +0000 2015,@praxsh @ArseneAnger hate #Lakers/They and their fans are so like Utd scum. Band wagon plastic mob.
Sat May 09 18:12:08 +0000 2015,#NBA #Lakers James Harden #JeremyLin 2013-14 Intrigue Jersey #/49 LOT 9 http://t.co/ECKlV2Ey6P #eBay #Auction
Sat May 09 18:12:06 +0000 2015,#JeremyLin #Lakers James Harden Jeremy Lin 2013-14 Intrigue Jersey #/49 LOT 9 http://t.co/ewkD0oqjOm #Deals #Online
Sat May 09 18:12:06 +0000 2015,#Apparel #Souvenirs #LosAngeles LA #Lakers Basic Purple Pre-Faded #TShirt EUC - Youth Medium http://t.co/x1ggPsXObr #Forsale #onsale
Sat May 09 18:10:30 +0000 2015,L B #JeremyLin #Lakers 2013-14 PANINI NBA HOOPS RED BACK JEREMY LIN #89 #Deals #Online http://t.co/yW7Caj1TIl
Sat May 09 18:10:29 +0000 2015,#Lakers #Cards 1996-97 #Topps #Kobe #Bryant RC No.138 Los Angeles Lakers http://t.co/Q2BQdP55uc #Card #Bargains
Sat May 09 18:10:28 +0000 2015,L #Apparel #Souvenirs JH DESIGN LADIES #Lakers LEATHER JACKET #Forsale #onsale http://t.co/5urufbdPWo
Sat May 09 18:10:27 +0000 2015,#Sports #Memorabilia 1980 #LosAngeles #Lakers CHAMPIONS 8X10 TEAM PHOTO BASKETBALL #NBA HOF http://t.co/vkccHbSN1j #eBay #Bestseller
Sat May 09 18:10:12 +0000 2015,Western Notes :D-League, Donovan, Williams http://t.co/Z56wCuCkkr #Lakers #NBA
Sat May 09 18:07:20 +0000 2015,#Health #Fatloss Three Reasons Why Hypnotherapy for Weight Loss Works http://t.co/SVp0NmZKd9 #Deals #Lakers
Sat May 09 18:05:28 +0000 2015,LA @aldridge_12 for LA! #Lakers
Sat May 09 18:02:12 +0000 2015,L D #NBA #Lakers 2013-14 Prestige #137 #JeremyLin Sogned Card Houston Rockets #eBay #Auction http://t.co/FV3MRb6ury
Sat May 09 18:01:38 +0000 2015,#Lakers #NBA mitchell and ness hardwood classic magic johnson lakers #Jersey http://t.co/XTwHecgnw7 #Collectibles #Offer
Sat May 09 18:01:38 +0000 2015,#Lakers #Deals NIKE LOS ANGELES LAKERS #8 #Kobe #Bryant AUTHENTIC #Basketball #Jersey 56 http://t.co/Rp13oWWuKe #Collection #Sale
Sat May 09 18:00:48 +0000 2015,http://t.co/riqBJWslKV [Los Angeles Times: Lakers Now] - Earthquake: Magnitude 3.0 qua #Lakers http://t.co/hSewm7mGOk
Sat May 09 17:59:46 +0000 2015,RT @cfraz1love: You keep your filthy hands off of Jimmy G. BUCKETS! #Bulls #Lakers  https://t.co/GnqawOJuvr
Sat May 09 17:58:35 +0000 2015,You keep your filthy hands off of Jimmy G. BUCKETS! #Bulls #Lakers  https://t.co/GnqawOJuvr
Sat May 09 17:55:37 +0000 2015,#NBA #Lakers #JeremyLin ADIDAS Houston Rockets Red Away REV 30 Swingman Jersey Men's 2XL http://t.co/UPwDA3FvnE #eBay #Auction
Sat May 09 17:55:37 +0000 2015,#JeremyLin #Lakers Jeremy Lin ADIDAS Houston Rockets Red Away Swingman Jersey Men's XL http://t.co/QfB7LPF94B #Deals #Online
Sat May 09 17:55:36 +0000 2015,#Apparel #Souvenirs #Lakers officially licensed #NBA product by Starter warm up jacket size XL inâ€¦ http://t.co/6hcQjMQxVw #Forsale #onsale
Sat May 09 17:55:36 +0000 2015,L #JeremyLin #Lakers Houston Rockets Jeremy Lin Bobblehead SGA 4-6-14 1/3000 LA Angeles Lakers Jersey #Deals #Online http://t.co/13HUOajfmj
Sat May 09 17:53:06 +0000 2015,#Lakers #Cards 2014-15 Panini Select Magic Johnson Lot of 2 USA, Blue and Purple Prizm Lakers http://t.co/HAsgttaC8I #Card #Bargains
Sat May 09 17:52:28 +0000 2015,L B #Lakers #Cards 2012-13 Panini #Kobe #Bryant Anthology Lot of (12) LAKERS #Card #Bargains http://t.co/61auoJDjEw
Sat May 09 17:52:28 +0000 2015,#Health #Fatloss How To Lose Weight With Ease In 2 Weeks http://t.co/FK024FtDf1 #Deals #Lakers
Sat May 09 17:50:12 +0000 2015,2015 Prospect Profile Series http://t.co/xmC7bVAZup #Lakers #NBA
Sat May 09 17:49:19 +0000 2015,L D #JeremyLin #Lakers 2013-14 Prestige #137 Jeremy Lin Sogned Card Houston Rockets #Deals #Online http://t.co/N84lnHtGDF
Sat May 09 17:48:51 +0000 2015,#lakers hmm http://t.co/7QavyfyNtN
Sat May 09 17:48:06 +0000 2015,#Lakers #GoLakers DeMarre Carroll A Los Angeles Lakers Target? http://t.co/Stx27lXSiD #SportsRoadhouse
Sat May 09 17:48:06 +0000 2015,#WeLoveLA #Lakers DeMarre Carroll A Los Angeles Lakers Target? http://t.co/T7qM685oCG #SportsRoadhouse
Sat May 09 17:45:06 +0000 2015,L #Apparel #Souvenirs Vintage #LosAngeles #Lakers #24 #Kobe #Bryant #NBA #Jersey #adidas Adult Sizeâ€¦ #Forsaleâ€¦ http://t.co/hynefgQDOE
Sat May 09 17:44:07 +0000 2015,#Lakers #NBA LAKERS LICENSE LEATHER WALLET (MENS) http://t.co/YohkG1kc9u #Collectibles #Offer
Sat May 09 17:44:05 +0000 2015,#Lakers #Deals #Kobe #Bryant RC 1996-97 Flair Showcase Row 2 #31 Rookie BGS 9 MINT http://t.co/64nJOw9PpV #Collection #Sale
Sat May 09 17:40:31 +0000 2015,http://t.co/riqBJWslKV Los Angeles Lakers HC short sleeve snap front basketball jacket #Lakers http://t.co/kCwRdSlNVs
Sat May 09 17:40:27 +0000 2015,#NBA #Lakers #JeremyLin ADIDAS Houston Rockets Red Away Swingman Jersey Men's XL http://t.co/h4c4WIra7U #eBay #Auction
Sat May 09 17:40:26 +0000 2015,#JeremyLin #Lakers Jeremy Lin ADIDAS Houston Rockets Red Away REV 30 Swingman Jersey Men's 2XL http://t.co/cCDMv0veWP #Deals #Online
Sat May 09 17:40:08 +0000 2015,#Apparel #Souvenirs #LosAngeles #Lakers Blue Women's Jacket Hoody - #NBA - NO RESERVE http://t.co/D4GvQlWkTF #Forsale #onsale
Sat May 09 17:39:07 +0000 2015,L B #Lakers #NBA 2 Julius Randle Lakers Panini The National rookie short print and patch #Collectibles #Offer http://t.co/TdDcL7JShX
Sat May 09 17:38:09 +0000 2015,L #NBA #Lakers #JeremyLin Shirt XL New York Knicks NBA Black Pre-Season Unisex Adult #eBay #Auction http://t.co/rg2jCNuUH7
Sat May 09 17:37:38 +0000 2015,Dans ma tÃªte c'est les Lakers contre les Celtics #NBA #Bryant #Lakers https://t.co/DYtZAUR9Um
Sat May 09 17:37:24 +0000 2015,#Lakers #Cards #NBA PANINI 6 STICKER SHEET 2014-15 CARMELO ANTHONY DIRK NOWITZKI #Kobe #Bryant http://t.co/5r2LyN2Uyh #Card #Bargains
Sat May 09 17:37:13 +0000 2015,#NBA #Lakers - LA Lakers Lithograph print of  Magic Johnson  17 x 11:  $26.00End Date: ... http://t.co/6LSnsA7nw2 http://t.co/k33Sm3HFUt
Sat May 09 17:37:12 +0000 2015,#NBA #Lakers - Los Angeles LA Lakers Basic Purple Pre-Faded T-Shirt EUC - Youth Medium:... http://t.co/Q29elLsiIK http://t.co/k33Sm3HFUt
Sat May 09 17:37:12 +0000 2015,#NBA #Lakers - LA Lakers Lithograph print of  Kobe Bryant  17 x 11:  $26.00End Date: Mo... http://t.co/pkRqtZp66o http://t.co/k33Sm3HFUt
Sat May 09 17:37:12 +0000 2015,#NBA #Lakers - Majestic Los Angeles LA Lakers JAMES WORTHY #42 Hardwood Classics Shirt ... http://t.co/6Aib2T87Ut http://t.co/k33Sm3HFUt
Sat May 09 17:37:12 +0000 2015,#NBA #Lakers - VF Imagewear Los Angeles LA Lakers KOBE BRYANT #24 Black Mamba 2 Sided S... http://t.co/gGoguzMhgp http://t.co/k33Sm3HFUt
Sat May 09 17:36:59 +0000 2015,RT @kc1nyk: Report: Outside of the #Bulls, teams are already preparing possible max offer sheets for star SG Jimmy Butler in RFA, includingâ€¦
Sat May 09 17:36:05 +0000 2015,#Lakers #LakerNation #LA Lakers Rumors: Team 'Preparing Possible Maximum-Salary' Offer For Jimmy Butler http://t.co/B1ThcycKtS
Sat May 09 17:35:19 +0000 2015,Report: Outside of the #Bulls, teams are already preparing possible max offer sheets for star SG Jimmy Butler in RFA, including the #Lakers.
Sat May 09 17:35:05 +0000 2015,#Health #Fatloss You're Body Building - NOT on a Weight Loss Diet http://t.co/R1LZ0m9XzS #Deals #Lakers
Sat May 09 17:33:08 +0000 2015,L #Lakers #Deals VF Imagewear Los Angeles LA Lakers #Kobe #Bryant #24 Black Mamba 2 Sided Shirt L #Collection #Sale http://t.co/YaqyWc5Ogc
Sat May 09 17:31:15 +0000 2015,L #JeremyLin #Lakers Jeremy Lin Shirt XL New York Knicks NBA Black Pre-Season Unisex Adult #Deals #Online http://t.co/QttgYIy2c6
Sat May 09 17:30:43 +0000 2015,RT @HoopsHabit: The @Lakers need to keep a close eye on DeMarre Carroll, says @BrotherWalton. #nba #lakers //http://t.co/0MhDFTHBZh http://â€¦
Sat May 09 17:30:11 +0000 2015,Week In Review 5/3/15-5/9/15 http://t.co/ugRmJlIann #Lakers #NBA
Sat May 09 17:29:25 +0000 2015,#GTA #nigga #blackguy #lakers #game #lol /Bramacity version ðŸ˜‚ https://t.co/OnjYMhfflI
Sat May 09 17:28:16 +0000 2015,Vintage Retro Los Angeles Lakers Satin Starter Swingster Jacket Large NBA #shaq #basketball #lakers  http://t.co/efFfBgbhAl via @eBay
Sat May 09 17:28:11 +0000 2015,RT @BrotherWalton: @J30_RANDLE has been putting in work already! What do the #Lakers have in store for him? //http://t.co/iJ0JeOeTYm @Hoopsâ€¦
Sat May 09 17:28:10 +0000 2015,http://t.co/riqBJWslKV 6/28/2010 Sports Illustrated Kobe Bryant Los Angeles Lakers  #Lakers http://t.co/SingPp9ysk
Sat May 09 17:28:10 +0000 2015,#Lakers #NBA Los Angeles LA Lakers #Kobe #Bryant 8 Swingman Throwback #Jersey Men Size: 2XLâ€¦ http://t.co/l2M9IFTldv #Collectibles #Offer
Sat May 09 17:28:09 +0000 2015,#Lakers #Deals JH DESIGN LADIES LAKERS LEATHER JACKET http://t.co/wBRFcm6x9Q #Collection #Sale
Sat May 09 17:27:11 +0000 2015,The @Lakers need to keep a close eye on DeMarre Carroll, says @BrotherWalton. #nba #lakers //http://t.co/0MhDFTHBZh http://t.co/ROVfwASKZb
Sat May 09 17:26:55 +0000 2015,Check out this item in my Etsy shop https://t.co/CooP4RtjPz #bottlecap #NBA #pistons #Lakers #mavericks #nets #heat #pacers #basketball
Sat May 09 17:26:07 +0000 2015,L #Lakers #Cards #Kobe #Bryant 2001-02 Upper Deck Breakout Performers #BP8 Los Angeles Lakers $6 #Card #Bargains http://t.co/8S0JWfmkHn
Sat May 09 17:24:46 +0000 2015,Check out this item in my Etsy shop https://t.co/Tfxkn8I8jc #basketballfan #bottlecap #Warriors #Bulls #heat #Lakers #mavericks #nets #heat
Sat May 09 17:24:27 +0000 2015,@Assumiing @DannyLogic shout out the real mvp drose 4 hittin dat buzzerbeater 3 in cavs face 4 dat big w #nbafinals #lakers wacthin lol
Sat May 09 17:23:42 +0000 2015,#Apparel #Souvenirs JH DESIGN LADIES #Lakers LEATHER JACKET http://t.co/GNumEJhkBp #Forsale #onsale
Sat May 09 17:20:40 +0000 2015,RT @ismailkidd: #Lakers Remember to make plans to join us today at 5:30 PM when your #LAGalaxy hit the road to face FC Dallas. #LAvâ€¦ http:/â€¦
Sat May 09 17:19:39 +0000 2015,L #Lakers #Deals Los Angeles Lakers #Bryant #8 #Jersey Shirt XXL 2XL #NBA LA Champion 52 Vintage XXL #Collectionâ€¦ http://t.co/4jAJeSdBeB
Sat May 09 17:19:38 +0000 2015,#Lakers #Cards #Kobe #Bryant $$ GOLD ROOKIE Card LAKERS #Basketball RARE Insert RC!! http://t.co/rmkbZr8oh6 #Card #Bargains
Sat May 09 17:19:26 +0000 2015,L D #NBA #Lakers #JeremyLin 2014-15 Totally Certified Clear Cloth Jerseys Red #69 (Sk#14288) #eBay #Auction http://t.co/jKa3jFbbQp
Sat May 09 17:18:05 +0000 2015,#Health #Fatloss The Top Weight Loss Program Is a Healthy Weight Loss Program - Here's Why http://t.co/UlSd4aiRSQ #Deals #Lakers
Sat May 09 17:15:31 +0000 2015,@J30_RANDLE has been putting in work already! What do the #Lakers have in store for him? //http://t.co/iJ0JeOeTYm @HoopsHabit
Sat May 09 17:14:27 +0000 2015,@jimnorton @venicemase   Kareem Abdul-Jabbar - Scoring Skills https://t.co/JJc9DG6IGQ #lakers #showtime
Sat May 09 17:13:35 +0000 2015,L L L #Lakers #Deals Wilt Chamberlain- '69/'70 Topps #1 - No Creases - Some Corner Wear - Excellent #Collectionâ€¦ http://t.co/e546BGU5lB
Sat May 09 17:11:54 +0000 2015,#Lakers #LakerNation #LA PHOTOS: Nike Kobe X 'Fundamentals' http://t.co/JZyK3ARhtp
Sat May 09 17:11:38 +0000 2015,#Lakers Remember to make plans to join us today at 5:30 PM when your #LAGalaxy hit the road to face FC Dallas. #LAvâ€¦ http://t.co/KKLvACttNg
Sat May 09 17:11:06 +0000 2015,#Lakers #NBA 2013-14 Panini Innovation Steve Nash #Jersey Auto #Jersey #'d 23/25 http://t.co/EFN5cZCs5j #Collectibles #Offer
Sat May 09 17:11:05 +0000 2015,#Lakers #Deals 2012-13 Prizm Magic Johnson Green Prizm Refractor #13 http://t.co/clchfpTJiQ #Collection #Sale
Sat May 09 17:08:08 +0000 2015,#LaLakers #Lakers #LA New Los Angeles Lakers Rumors. Saturday, May 9 2015 http://t.co/q50eDb36vH
Sat May 09 17:07:10 +0000 2015,L L L #Lakers #Cards 2012-13 Panini #Kobe #Bryant Anthology Lot of (12) LAKERS #Card #Bargains http://t.co/npcKHGeBjO
Sat May 09 17:07:10 +0000 2015,#Apparel #Souvenirs Vintage #LosAngeles #Lakers #24 #Kobe #Bryant #NBA #Jersey #adidas Adult Sizeâ€¦ http://t.co/cl4FQ8AN7F #Forsale #onsale
Sat May 09 17:07:10 +0000 2015,#Lakers #LakerNation #LA Lakers Nation Roundtable: Odds Of Landing Kevin Love This Off-Season http://t.co/cvix5HeDqy
Sat May 09 17:05:38 +0000 2015,L L L #JeremyLin #Lakers 2013-14 PANINI NBA HOOPS RED BACK JEREMY LIN #89 #Deals #Online http://t.co/8EahZGom5w
Sat May 09 17:05:01 +0000 2015,#Lakers declined #DLeague Los Angeles D-Fenders head coach Phil Hubbard's team option.
Sat May 09 17:03:10 +0000 2015,#Lakers #Cards 2014/15 Panini Select JAMES WORTHY FAME GAME AUTO 31/60 LAKERS http://t.co/oyfY7meDsc #Card #Bargains
Sat May 09 17:03:09 +0000 2015,#Sports #Memorabilia Sports Illustrated 1971 #LosAngeles #Lakers Gail Goodrich No Label Excellent http://t.co/fZJTquuEM9 #eBay #Bestseller
Sat May 09 17:01:37 +0000 2015,L L L #Lakers #NBA 2 Julius Randle Lakers Panini The National rookie short print and patch #Collectibles #Offer http://t.co/dAOa4Ld8rX
Sat May 09 17:01:36 +0000 2015,#Health #Fatloss Weight Loss Program Before The Wedding Day http://t.co/GTmCaAsMFm #Deals #Lakers
Sat May 09 16:55:31 +0000 2015,L #Lakers #Autographs BYRON SCOTT AUTOGRAPH Jersey LOS ANGELES LAKERS PSA DNA CERTIFIED 3 X CHAMP #Autographâ€¦ http://t.co/bnBs4HJCaa
Sat May 09 16:55:30 +0000 2015,#Lakers #NBA LA Lakers AUTHENTIC #Kobe #Bryant team Purple Yellow warmup pants Pratice #NBA Szâ€¦ http://t.co/dpJ1UrkK26 #Collectibles #Offer
Sat May 09 16:55:30 +0000 2015,#Lakers #Deals VF Imagewear Los Angeles LA Lakers #Kobe #Bryant #24 Black Mamba 2 Sided Shirt L http://t.co/J7pb37NlPA #Collection #Sale
Sat May 09 16:52:13 +0000 2015,L L C #NBA #Lakers 2013-14 Prestige #137 #JeremyLin Sogned Card Houston Rockets #eBay #Auction http://t.co/gDdfjJ802u
Sat May 09 16:51:08 +0000 2015,#NBA #Lakers Houston Rockets #JeremyLin Bobblehead SGA 4-6-14 1/3000 LA Angeles Lakers Jersey http://t.co/Z0jGCdgkjd #eBay #Auction
Sat May 09 16:51:08 +0000 2015,#JeremyLin #Lakers Houston Rockets Jeremy Lin Bobblehead SGA 4-6-14 1/3000 LA Angeles Lakers Jersey http://t.co/tOCOOuWVs8 #Deals #Online
Sat May 09 16:50:36 +0000 2015,#Apparel #Souvenirs Majestic #LosAngeles LA #Lakers JAMES WORTHY #42 Hardwood Classics Shirt XLâ€¦ http://t.co/8ZWp6DTY7y #Forsale #onsale
Sat May 09 16:47:07 +0000 2015,#Lakers #Autographs Autographed Magic Johnson Lakers 8x10 Photo Fanatics Authentic COAâ€¦ http://t.co/pcYYEreZcN #Autograph #Auction
