Sat May 09 18:18:40 +0000 2015,RT @fishsports: #Mavs Brainstorming: Hill, Green, Lawson trades using Monta &amp; Rondo  as bait http://t.co/ySMeIWTpgN http://t.co/konuuEszsj
Sat May 09 18:13:02 +0000 2015,@rodgerdat dropping into the weekend. Now representing Lucid Eyewear. #Mavs #SpreadTheShade http://t.co/Mvi3BNnEQy http://t.co/KMcg4kOYsp
Sat May 09 18:07:09 +0000 2015,#Mavs #dallasmavericks #mavericks Mavs Greg Smith: Season In Review http://t.co/S8N6N7eRfw
Sat May 09 18:04:34 +0000 2015,RT @Maciejewski24: Great morning of golf w a few Mauldin alumni &amp; former Spartan teammates/coaches @bwingo Twitterless A. Runion @coachremb‚Ä¶
Sat May 09 17:52:16 +0000 2015,RT @IowaMavsAAU: Mavs 17U Huisman open up with a convincing win over Green Bay Gunners.  @UncleBrandt led with 18! #Mavs
Sat May 09 17:49:48 +0000 2015,Great morning of golf w a few Mauldin alumni &amp; former Spartan teammates/coaches @bwingo Twitterless A. Runion @coachrembert #Mavs #Spartans
Sat May 09 17:48:15 +0000 2015,RT @fishsports: #Mavs Player-by-Player Season In Review: Greg Smith http://t.co/yKRLtIzR5F http://t.co/VyookM5FBQ
Sat May 09 17:45:30 +0000 2015,RT @fishsports: #Mavs Player-by-Player Season In Review: Greg Smith http://t.co/yKRLtIzR5F http://t.co/VyookM5FBQ
Sat May 09 17:38:27 +0000 2015,http://t.co/jaS6zrerJI Slam Magazine - Dirk Nowitzki, Dallas Mavericks  #Mavs http://t.co/SFYZ1Pa8EL
Sat May 09 17:29:05 +0000 2015,#SBNation #Mavs The biggest Mavs disappointment, besides Rondo http://t.co/0vWF8LLCSE http://t.co/Qgb7v50D7o
Sat May 09 17:27:11 +0000 2015,http://t.co/2b0FFRiu83 Hawks-Wizards: Game 3 Preview  #Mavs http://t.co/L9AnpUcdSA
Sat May 09 17:15:42 +0000 2015,17U Lassen lose a close game in their opener by 6! Still have bracket game this afternoon! #Mavs
Sat May 09 17:14:05 +0000 2015,Mavs 17U Huisman open up with a convincing win over Green Bay Gunners.  @UncleBrandt led with 18! #Mavs
Sat May 09 16:59:12 +0000 2015,RT @DylanDuell: http://t.co/PSmYWeWQR3/Big summer coming up for the #Mavs. Who should they keep? #NBAPlayoffs #NBA @TexSportsReview @TexSRa‚Ä¶
Sat May 09 16:58:30 +0000 2015,RT @DylanDuell: http://t.co/PSmYWeWQR3/Big summer coming up for the #Mavs. Who should they keep? #NBAPlayoffs #NBA @TexSportsReview @TexSRa‚Ä¶
Sat May 09 16:41:02 +0000 2015,RT @MavsFansForLife: One of the big reasons #Mavs never got a big fish is because Dirk never recruits and he's not close w/ young NBA stars‚Ä¶
Sat May 09 16:34:09 +0000 2015,RT @IowaMavsAAU: Check out @24Rydog (Dubuque Wahlert) on @Hudl http://t.co/YHBR1XEBE3 #hudl #Mavs
Sat May 09 16:33:41 +0000 2015,Way to go @24Rydog &amp; #Mavs! https://t.co/RojImz6PfF
Sat May 09 16:30:42 +0000 2015,RT @360Cowboys: If anyone is interested in writing about the Dallas Mavericks, DM me. Uncompensated, but great exposure. #Mavs #Mavericks #‚Ä¶
Sat May 09 16:27:06 +0000 2015,RT @kc1nyk: #Clippers star C DeAndre Jordan said the UFA process is going to be a fun one, wants to see what it's like. #Mavs #Mavericks #S‚Ä¶
Sat May 09 16:26:36 +0000 2015,#Clippers star C DeAndre Jordan said the UFA process is going to be a fun one, wants to see what it's like. #Mavs #Mavericks #Spurs.
Sat May 09 16:25:59 +0000 2015,Report: Keep your eyes on #Clippers star C DeAndre Jordan as a sleeper candidate for the #Spurs in UFA. #Mavs #Mavericks.
Sat May 09 16:23:04 +0000 2015,EARTHQUAKE !!!!!!! #Cowboys #Rangers #Mavs #NFL #NBA #MLB #Stars http://t.co/YeIp6ISRQ6
Sat May 09 16:14:09 +0000 2015,RT @Dallas__Nation: EARTHQUAKE !!!!!!! //#Cowboys #Rangers #Mavs #NFL #NBA #MLB #Stars
Sat May 09 16:13:52 +0000 2015,RT @Dallas__Nation: EARTHQUAKE !!!!!!! //#Cowboys #Rangers #Mavs #NFL #NBA #MLB #Stars
Sat May 09 16:13:42 +0000 2015,EARTHQUAKE !!!!!!! //#Cowboys #Rangers #Mavs #NFL #NBA #MLB #Stars
Sat May 09 16:13:05 +0000 2015,Mavs 17U Cleveland open up with a 17 point win, over East Troy. @24Rydog led with 12, a balanced scoring attack! #Mavs
Sat May 09 15:59:39 +0000 2015,This morning I got to go on a tour of the #Mavs quarters at the #AAC. //Some places I couldn't take pictures of because there was classifie‚Ä¶
Sat May 09 15:48:08 +0000 2015,http://t.co/PSmYWeWQR3/Big summer coming up for the #Mavs. Who should they keep? #NBAPlayoffs #NBA @TexSportsReview @TexSRadioDFW
Sat May 09 15:31:31 +0000 2015,http://t.co/2b0FFRiu83 Extra Stuff: Stephen Curry  #Mavs http://t.co/6kTNfwkqXO
Sat May 09 15:27:20 +0000 2015,RT @RedHRolling: Vintage Mavs/http://t.co/zVU3iZequA//#Dallas #MAVS #NBAPlayoffs #etsy #vintage #follow #etsysale #ShopSmall http://t.co/Hs‚Ä¶
Sat May 09 14:57:05 +0000 2015,RT @OlivianSanders: @wyatt_romaine happy birthday fetty, luv u so much and hope u have a great dayüíì #mavs http://t.co/8TuntDNTX1
Sat May 09 14:48:27 +0000 2015,"@RoteLaterneNBA: DeAndre Might Be Hesitant to Join #Mavs http://t.co/1hv6hzd2sx"//This is why I wanted hou to beat clips
Sat May 09 14:41:43 +0000 2015,@wyatt_romaine happy birthday fetty, luv u so much and hope u have a great dayüíì #mavs http://t.co/8TuntDNTX1
Sat May 09 14:26:34 +0000 2015,The biggest disappointment of the Mavericks season, besides Rondo: In the‚Ä¶ http://t.co/E1RslvZ09O #Mavs #MFFL‚Ä¶ http://t.co/ekZI0PKMbs
Sat May 09 14:16:10 +0000 2015,http://t.co/7R8Q4b6nbw [SB Nation: Mavs Moneyball] - The biggest disappointment of the M #Mavs http://t.co/N6u9ukYCjv
Sat May 09 14:16:00 +0000 2015,If anyone is interested in writing about the Dallas Mavericks, DM me. Uncompensated, but great exposure. #Mavs #Mavericks #GoMavs #MavSpirit
Sat May 09 14:14:16 +0000 2015,RT @RoteLaterneNBA: The biggest disappointment of the Mavericks season, besides Rondo: In the‚Ä¶ http://t.co/ZgTGwuQ5bE #Mavs #MFFL http://t.‚Ä¶
Sat May 09 14:13:57 +0000 2015,Race for dreams!!! Rain can't stop us from Reppin the children!!! #Mavs #community http://t.co/E7lhDS326m http://t.co/t6gwdLqalG
Sat May 09 14:05:34 +0000 2015,RT @Stephroyalty: Yum new posts up https://t.co/AfQXaVjIeI @RT_Bloggers @promotersunite @UBloggerRT #wizards #StephGonnaSteph #playoffs #ma‚Ä¶
Sat May 09 13:56:40 +0000 2015,RT @RoteLaterneNBA: DeAndre Might Be Hesitant to Join #Mavs http://t.co/D48yPQWpxh
Sat May 09 13:54:12 +0000 2015,RT RoteLaterneNBA: DeAndre Might Be Hesitant to Join #Mavs http://t.co/O7h19tzlEM
Sat May 09 13:51:50 +0000 2015,RT @RoteLaterneNBA: DeAndre Might Be Hesitant to Join #Mavs http://t.co/D48yPQWpxh
Sat May 09 13:51:46 +0000 2015,RT @RoteLaterneNBA: The biggest disappointment of the Mavericks season, besides Rondo: In the‚Ä¶ http://t.co/ZgTGwuQ5bE #Mavs #MFFL http://t.‚Ä¶
Sat May 09 13:07:12 +0000 2015,#Mavs #dallasmavericks #mavericks The biggest disappointment of the Mavericks season, besides Rondo http://t.co/BPPTAgSNPe
Sat May 09 13:04:36 +0000 2015,The biggest disappointment of the Mavericks season, besides Rondo: In the‚Ä¶ http://t.co/ZgTGwuQ5bE #Mavs #MFFL http://t.co/KRWtGCjjcO
Sat May 09 12:47:26 +0000 2015,DeAndre Might Be Hesitant to Join #Mavs http://t.co/D48yPQWpxh
Sat May 09 12:15:55 +0000 2015,With Roster Wide Open, #Mavs Seek Winning Pieces http://t.co/2ta0oHIW9G
Sat May 09 11:04:48 +0000 2015,I still think the #mavs should have made a play for Harden. But he has played very McGrady-esque thus far.
Sat May 09 09:27:33 +0000 2015,http://t.co/jaS6zrerJI Lot of two DIRK nowitzki number 41 t shirts size large DALLAS MAV #Mavs http://t.co/YbxiHDDCrB
Sat May 09 07:25:51 +0000 2015,http://t.co/7R8Q4b6nbw [Mavs Outsider Report] - MOR Podcast ‚Äì Episode 95  #Mavs http://t.co/rhRxcyhGaO
Sat May 09 06:56:35 +0000 2015,http://t.co/2b0FFRiu83 Clippers on Game 3 Victory  #Mavs http://t.co/QiQXnUFOdn
Sat May 09 06:37:11 +0000 2015,RT @BeenHad__09: #Mavs fans and #MFFL get no pass unless I really mess with you. You team is trash and was bounced in 5 games. You have no ‚Ä¶
Sat May 09 05:49:08 +0000 2015,@__JB3 @jasonterry31 that loser got a ring my boy #mavs
Sat May 09 05:27:59 +0000 2015,RT @kc1nyk: #Mavs #Mavericks PG J.J. Barea said he thinks their roster has to get more athletic.
Sat May 09 05:26:22 +0000 2015,#Mavs #Mavericks PG J.J. Barea said he thinks their roster has to get more athletic.
Sat May 09 05:25:10 +0000 2015,Congrats to #dflat15 on his commitment to Nebraska-Omaha #D1 #Mavs http://t.co/N9w3QLI7zR
Sat May 09 05:18:49 +0000 2015,Even though I am a #mavs fan
Sat May 09 05:18:49 +0000 2015,#Mavs fans and #MFFL get no pass unless I really mess with you. You team is trash and was bounced in 5 games. You have no room to troll. üòÇ
Sat May 09 05:04:57 +0000 2015,The McGrady-Yao led Rockets I couldn't even hate. And I'm a #Mavs fan. Harden/Howard made it too easy for me.
Sat May 09 05:00:15 +0000 2015,@JoshuaCarraway #mavs still playing?
Sat May 09 04:58:57 +0000 2015,Oops ejected! @jasonterry31 You should know better dude. #rockets #clippers #mavs #mffl
Sat May 09 04:58:38 +0000 2015,http://t.co/2b0FFRiu83 Cleveland-Bulls Game 4 Lookahead  #Mavs http://t.co/Qq8u0YHhrQ
Sat May 09 04:57:28 +0000 2015,I'm the only #Mavs fan that hates Jason Terry. He's been a bitch since Arizona. Bibby too.
Sat May 09 04:53:17 +0000 2015,"Perfection is the enemy of profitability." - @mcuban #KBLife #mavs #moneybytheminute
Sat May 09 04:47:21 +0000 2015,Are you Freaking kidding me Austin Rivers!/WOW WHAT A QUARTER I'M A #MAVS FAN AND I'M CHANTING UR NAME/#HOUvsLAC #Clippers #NBAPlayoffs
Sat May 09 04:45:55 +0000 2015,Watching the Rockets lose is almost as good as watching the Eagles lose. #Mavs #WeDemBoyz http://t.co/RmuktWlTdC
Sat May 09 04:41:33 +0000 2015,Haven't seen a single play but it sounds like #Rockets making Austin Rivers look legit, just like how the #Mavs made Houston look legit...?
Sat May 09 03:57:58 +0000 2015,http://t.co/jaS6zrerJI NBA Dallas Mavericks Genuine Pangea Leather Black Tote Travel Sho #Mavs http://t.co/C1BsTqPyoy
Sat May 09 03:57:48 +0000 2015,Report: #Mavs #Mavericks PG-SG Raymond Felton is filing paperwork to opt-in to his $3.9 million player option.
Sat May 09 03:47:18 +0000 2015,#Mavs #Mavericks upcoming UFA PF-SF Charlie Villanueva said he'd love to return to the Mavs.
Sat May 09 03:42:02 +0000 2015,http://t.co/7R8Q4b6nbw [Dallas Morning News] - 10 things to know about LaMarcus Aldridge #Mavs http://t.co/QC2UhkLOma
Sat May 09 03:30:10 +0000 2015,RT @Collison2: Congrats to @dflat15 on his commitment to Nebraska-Omaha #D1 #Mavs
Sat May 09 03:15:53 +0000 2015,http://t.co/2b0FFRiu83 Griffin Finishes  #Mavs http://t.co/xLbpqOmKfT
Sat May 09 03:03:40 +0000 2015,RT @ZombieFrog: I want to see the Mavs with an all high energy bench! Al-Farouq Aminu, JJ.Barea, Dwight Powell, Eric Griffin! #mavs #mffl
Sat May 09 02:51:48 +0000 2015,Josh Smith average 8 points this series but against my #Mavs averaged 17! Smh!
Sat May 09 02:45:34 +0000 2015,@jajorkam IONT LIKE LEBRON #MAVS
Sat May 09 02:10:46 +0000 2015,http://t.co/jaS6zrerJI Dallas Mavericks "Mav-elous!" NBA 2010-11 Championship Headline ( #Mavs http://t.co/y2UJk889PW
Sat May 09 02:08:47 +0000 2015,Go #Cavs cause my #mavs are gone. Damn and blast.  #NBAPlayoffs
Sat May 09 01:31:14 +0000 2015,#SBNation #Mavs Top 10 plays from the 2014-2015 season http://t.co/FZZjZjze45 http://t.co/Qgb7v50D7o
Sat May 09 01:31:14 +0000 2015,#SBNation #Mavs Dallas Mavericks top 5 stories of¬†the¬†week http://t.co/HxO8kh0Bem http://t.co/Qgb7v50D7o
Sat May 09 01:23:37 +0000 2015,http://t.co/2b0FFRiu83 Oop to Thompson  #Mavs http://t.co/UzLu3PmS7Y
Sat May 09 00:50:41 +0000 2015,RT @Collison2: Congrats to @dflat15 on his commitment to Nebraska-Omaha #D1 #Mavs
Sat May 09 00:10:38 +0000 2015,#SharkTank is the only time I find Mark Cuban tolerable. Now that the #Rockets sent his #Mavs home he'll have plenty of time to film.
Sat May 09 00:09:36 +0000 2015,Mark Cuban's gunshot gesture was hilariously ironic considering it was him shooting at Lori. Clearly she is a horse emoji. #SharkTank #Mavs
Sat May 09 00:02:21 +0000 2015,http://t.co/jaS6zrerJI GAP Kids Junk Food Graphic Tee Shirt Size XL 12 Dallas Mavericks  #Mavs http://t.co/NKsM0c6zan
Fri May 08 23:50:22 +0000 2015,Did any of my #Mavs followers look at what we do this summer?
Fri May 08 23:22:39 +0000 2015,Really starting to like Iman Shumpert as a player. I wonder if the #Mavs should have interest in him.
Fri May 08 23:19:43 +0000 2015,http://t.co/2b0FFRiu83 NBA Playoffs Mini-Movie Week Three  #Mavs http://t.co/q6BrrWgUNM
Fri May 08 23:00:13 +0000 2015,Report: #Mavs G Felton to exercise 2016 option http://t.co/X4rB6Yem3D #CBSSports
Fri May 08 22:55:16 +0000 2015,RT @schlade24: Ready for this weekend! üç¥ #Mavs http://t.co/esJANXmbZp
Fri May 08 22:54:51 +0000 2015,RT @MavsFansForLife: THIS JUST IN: Raymond Felton is picking up his player option for next season. (Via @ShamsCharania) #Mavs
Fri May 08 22:51:53 +0000 2015,RT @MavsFansForLife: Mark Cuban, Rick Carlisle, Donnie Nelson, Dirk, &amp; CP could all meet up to see who #Mavs like then he could recruit the‚Ä¶
Fri May 08 22:30:31 +0000 2015,RT @MavsFansForLife: Dirk Nowitzki ranks 22nd on the top 100 NBA playoff performers of all-time. #Mavs (Via @BleacherReport)
Fri May 08 22:30:10 +0000 2015,RT @MavsFansForLife: Dirk Nowitzki ranks 22nd on the top 100 NBA playoff performers of all-time. #Mavs (Via @BleacherReport)
Fri May 08 22:22:59 +0000 2015,My Wake Forest dude @farouq1 was hoopin in the playoffs! #wakethenation #mavs
Fri May 08 22:21:56 +0000 2015,RT @fishsports: Blueprint  piece by @DLord_DBdotcom on how #Mavs could flip Monta for Jimmy Butler//¬ª http://t.co/ySMeIWTpgN http://t.co/vw‚Ä¶
Fri May 08 22:18:45 +0000 2015,Go #Mavs! //  Principal caught in car with shirt unbuttoned, smoking marijuana with student, police say http://t.co/jXJkH1pFRH
Fri May 08 22:14:41 +0000 2015,http://t.co/jaS6zrerJI Mitchell &amp; Ness Dallas Mavericks Snapback Hat Black/Grey Jersey M #Mavs http://t.co/1lIo7rd7Wp
Fri May 08 22:06:20 +0000 2015,RT @LobosFanNMphs: @SealsKevin @memgrizz @dallasmavs was rooting for your #Mavs and #BelieveMemphis can do some #Bronze-ing on those #golde‚Ä¶
