Sat May 09 18:17:08 +0000 2015,#DwyaneWade #Deals 04/05 FLEER HOOPS SUPREME COURT "DWYANE WADE" GAME/WORN JSY..!!! HEAT..!! http://t.co/PJY41XVhyZ #NBA #MiamiHeat
Sat May 09 18:17:07 +0000 2015,#DwyaneWade #NBA 2003-04 SPX DWYANE WADE RC JERSEY AUTO #750 ROOKIE SIGNED AUTOGRAPH http://t.co/oQq8XbdUhA #MiamiHeat #HEATwin
Sat May 09 18:16:37 +0000 2015,L #Apparel #Souvenirs Dwyane Wade #3 #MiamiHeat Red Away Road Swingman Size S #Basketball Adult #Jersey #eBay… http://t.co/IFabV2xchZ
Sat May 09 18:16:16 +0000 2015,L L #DwyaneWade #NBA 2014-15 Prizm Representatives DWYANE WADE #11 HEAT (A2H) #MiamiHeat #HEATwin http://t.co/92DoI4VVfH
Sat May 09 18:13:33 +0000 2015,Easily just lost 4 pounds in water weight by turning on my car. #MiamiHeat
Sat May 09 18:12:07 +0000 2015,#Cards #Card CHRIS BOSH KIRK HINRICH ROOKIE 2003-04 M3 MATRIX #Topps #MiamiHeat ATLANTA HAWKS http://t.co/gEmr8h2xuA #Bargain #Deal
Sat May 09 18:10:14 +0000 2015,#Sport #Clothing Mitchell &amp; Ness #MiamiHeat Velcro Back http://t.co/Yh6hYol25U #onsale #Discount
Sat May 09 18:08:33 +0000 2015,#downTown #Miami bout to see this #MiamiHeat stadium https://t.co/Jyp9JpDBv0
Sat May 09 18:07:12 +0000 2015,#Apparel #Souvenirs #MiamiHeat Shaquille O'neal #32 #Jersey http://t.co/SSWrBbHnPA #eBay #Auction
Sat May 09 18:05:13 +0000 2015,#Autographs #onsale #MiamiHeat 1992-1993 SEASON SMALL #Basketball SIGNED BY TEAM + #PhotoGRAPHS! http://t.co/RjpjjOtl4e #Autograph #Forsale
Sat May 09 18:01:41 +0000 2015,#DwyaneWade #Deals Dwyane Wade 2003-04 Bowman RC Jersey Auto/249 BGS NM-Mint Rookie 9 Autograph $$ http://t.co/a6G7lrXZS3 #NBA #MiamiHeat
Sat May 09 18:01:41 +0000 2015,#DwyaneWade #NBA 2007 SPx #12 DWYANE WADE HEAT POP 2 PSA 10 K1527328 http://t.co/257qES2hMk #MiamiHeat #HEATwin
Sat May 09 17:58:23 +0000 2015,L L L #Apparel #Souvenirs #Reebok #NBA Pullover Hooded Sweatshirt "#MiamiHeat" Size XL #eBay #Auction http://t.co/4pGjLQ5lhN
Sat May 09 17:58:10 +0000 2015,L L L #DwyaneWade #Deals 2014-15 Panini Immaculate Team Logo Jumbo Patch Dwyane Wade 1/11 #NBA #MiamiHeat http://t.co/oT1xeup6xF
Sat May 09 17:56:45 +0000 2015,Mijn nieuwe mascotte voor volgend seizoen! #heatbuddies #miamiheat #heat4life #heater #nico… https://t.co/mmnr7JIvyT
Sat May 09 17:55:37 +0000 2015,#picstitch #thought #process #love #soccer #miami #milan #miamiheat  #miamilife #miamivice  #paris… https://t.co/GI4chcokst
Sat May 09 17:52:15 +0000 2015,L L L #DwyaneWade #Deals 2012 12-13 Panini Base GOLD Knight #55 Dwyane Wade Heat #NBA #MiamiHeat http://t.co/tK4g8wEpgE
Sat May 09 17:50:37 +0000 2015,#Apparel #Souvenirs #Adidas #NBA #MiamiHeat #LeBron James Youth Swingman #Jersey NWT L http://t.co/MZoNCCnjZf #eBay #Auction
Sat May 09 17:46:28 +0000 2015,L L #DwyaneWade #NBA DWYANE WADE 2014-15 PANINI DONRUSS GAMERS GAME USED JERSEY #MiamiHeat #HEATwin http://t.co/oEf4FGOdod
Sat May 09 17:45:07 +0000 2015,L L #CellPhone #Phone Tribecka Gear #MiamiHeat USB Wall Charger NBA Licensed Great Gift NEW #Buy #Shopping http://t.co/MVcNnc3KQS
Sat May 09 17:44:35 +0000 2015,#DwyaneWade #Deals 2014-15 Prizm Representatives DWYANE WADE #11 HEAT (A2H) http://t.co/qeaAxpm3mQ #NBA #MiamiHeat
Sat May 09 17:44:35 +0000 2015,#DwyaneWade #NBA 2004 Fleer USA Dwyane Wade Olympic Dream Team BGS 9.5 GEM MINT http://t.co/ajXXcn8PTV #MiamiHeat #HEATwin
Sat May 09 17:40:41 +0000 2015,http://t.co/3K1XyjOa7r New M&amp;N Miami Heat Bespoke Cut &amp; Sew Custom Strapback Hat! Must  #MiamiHeat  http://t.co/XMCb8NXvDu
Sat May 09 17:40:17 +0000 2015,#Cards #Card 1997 - 1998 Fleer Dan Majerle #MiamiHeat #168 Basketball Card http://t.co/skI7HAdv27 #Bargain #Deal
Sat May 09 17:40:09 +0000 2015,L #DwyaneWade #NBA Dwyane Wade 2003-04 Bowman RC Jersey Auto/249 BGS NM-Mint Rookie 9 Autograph $$ #MiamiHeat… http://t.co/ubKws3yW2D
Sat May 09 17:39:09 +0000 2015,L L L #Cards #Card 2014-15 Panini Prizm NBA Basketball #271 SHABAZZ NAPIER #MiamiHeat Rookie RC #Bargain #Deal http://t.co/Xr4OCEUq0I
Sat May 09 17:33:28 +0000 2015,@youngwhiteside thx for stopping to take photo w/ me today mate! Looking fwd to next season! #MiamiHeat http://t.co/5d0V4kzgJw
Sat May 09 17:32:54 +0000 2015,#Apparel #Souvenirs Dwyane Wade #3 #MiamiHeat Red Away Road Swingman Size S #Basketball Adult #Jersey http://t.co/CFc6qJ8Hoi #eBay #Auction
Sat May 09 17:30:07 +0000 2015,#Autographs #onsale Udonis Haslem #MiamiHeat autograph 11x14 #Photo w/COA http://t.co/axrzbkmUfj #Autograph #Forsale
Sat May 09 17:28:09 +0000 2015,#DwyaneWade #Deals 2007 SPx #12 DWYANE WADE HEAT POP 2 PSA 10 K1527328 http://t.co/8tI4frBhHD #NBA #MiamiHeat
Sat May 09 17:28:09 +0000 2015,#DwyaneWade #NBA 2003-04 Bowman Fabric of the Future Jersey DWYANE WADE (A1S) http://t.co/qn0hZtnRKo #MiamiHeat #HEATwin
Sat May 09 17:27:07 +0000 2015,#NBA #MiamiHeat - Miami Heat Shaquille O'neal #32 jersey:  $25.99End Date: Monday Jun-8... http://t.co/mlc1oj0BJD http://t.co/lQmogZfBKD
Sat May 09 17:27:07 +0000 2015,#NBA #MiamiHeat - Miami Heat Shaquille O'neal #32 jersey:  $25.99End Date: Monday Jun-8... http://t.co/E8LOLuazD4 http://t.co/k33Sm3HFUt
Sat May 09 17:26:37 +0000 2015,L #DwyaneWade #NBA 2014-15 Prizm Representatives DWYANE WADE #11 HEAT (A2H) #MiamiHeat #HEATwin http://t.co/A7VgbMZ5VZ
Sat May 09 17:26:08 +0000 2015,L B #Cards #Card Dwyane Wade 2009-10 Bowman 48 #Autograph Auto #MiamiHeat #Bargain #Deal http://t.co/f9a7QMyjQh
Sat May 09 17:23:40 +0000 2015,#Cards #Card Dwyane Wade 2003-04 #Topps Pristine RC Lot # 113 114 115 /999 /499 #MiamiHeat http://t.co/orbP4DNR9W #Bargain #Deal
Sat May 09 17:20:07 +0000 2015,L L #DwyaneWade #Deals DWYANE WADE 08-09 Bowman Draft Picks and Stars Relics Jersey ORANGE #ed 15/25 #NBA #MiamiHeat http://t.co/xHWIoNmIpF
Sat May 09 17:19:40 +0000 2015,#Sport #Clothing New #MiamiHeat Adjustible Velcro #Cap Hat - Black - by Match Up http://t.co/7r7GcQRNBI #onsale #Discount
Sat May 09 17:13:36 +0000 2015,L L #Apparel #Souvenirs #Reebok #NBA Pullover Hooded Sweatshirt "#MiamiHeat" Size XL #eBay #Auction http://t.co/fUTK6hhqU7
Sat May 09 17:13:34 +0000 2015,L L L #DwyaneWade #Deals 2008 FLEER #95 DWYANE WADE HEAT POP 1 PSA 10 K1527326 #NBA #MiamiHeat http://t.co/uJzqJ7LYXp
Sat May 09 17:11:05 +0000 2015,#DwyaneWade #Deals Dwyane Wade SPX 2005 Upper Deck 44 http://t.co/sWFjRptkv9 #NBA #MiamiHeat
Sat May 09 17:11:04 +0000 2015,#DwyaneWade #NBA 04/05 FLEER HOOPS SUPREME COURT "DWYANE WADE" GAME/WORN JSY..!!! HEAT..!! http://t.co/NM1Rkui3Yo #MiamiHeat #HEATwin
Sat May 09 17:07:09 +0000 2015,L #Apparel #Souvenirs #Adidas #NBA Youth Size #MiamiHeat #LeBron James Name &amp;amp; Number Shirt NWT M #eBay #Auction http://t.co/edHiyjP35x
Sat May 09 17:07:06 +0000 2015,L L #DwyaneWade #Deals 2014-15 Panini Immaculate Team Logo Jumbo Patch Dwyane Wade 1/11 #NBA #MiamiHeat http://t.co/zwG25tjGZQ
Sat May 09 17:01:41 +0000 2015,L #CellPhone #Phone Tribecka Gear #MiamiHeat USB Wall Charger NBA Licensed Great Gift NEW #Buy #Shopping http://t.co/HqkDc00LhM
Sat May 09 17:01:36 +0000 2015,L L #DwyaneWade #Deals 2012 12-13 Panini Base GOLD Knight #55 Dwyane Wade Heat #NBA #MiamiHeat http://t.co/zlhgol9UN2
Sat May 09 16:59:08 +0000 2015,#Sporting #Goods #MiamiHeat 15"x25" EMBROIDERED TEAM LOGO GOLF TOWEL CLIP BRAND NEW http://t.co/0R8NHfYN81 #Mall #TopSeller
Sat May 09 16:59:07 +0000 2015,#Apparel #Souvenirs Dwayne Wade #Reebok #MiamiHeat red #Jersey with sewn letters 3XL - USED http://t.co/fYN8SafrrS #eBay #Auction
Sat May 09 16:55:24 +0000 2015,L #DwyaneWade #NBA DWYANE WADE 2014-15 PANINI DONRUSS GAMERS GAME USED JERSEY #MiamiHeat #HEATwin http://t.co/vzt4DI7o6E
Sat May 09 16:55:22 +0000 2015,#DwyaneWade #Deals 2004 Fleer USA Dwyane Wade Olympic Dream Team BGS 9.5 GEM MINT http://t.co/6wKc3djTIJ #NBA #MiamiHeat
Sat May 09 16:55:21 +0000 2015,#DwyaneWade #NBA Dwyane Wade 2003-04 Bowman RC Jersey Auto/249 BGS NM-Mint Rookie 9 Autograph $$ http://t.co/HNRAJvav4B #MiamiHeat #HEATwin
Sat May 09 16:55:14 +0000 2015,L L #Cards #Card 2014-15 Panini Prizm NBA Basketball #271 SHABAZZ NAPIER #MiamiHeat Rookie RC #Bargain #Deal http://t.co/NUGAOwEdJp
Sat May 09 16:51:09 +0000 2015,#CellPhone #Phone #MiamiHeat Hardwood Classics inkFusion Lite Case for #iPhone 5/5s http://t.co/t12RlElDih #Buy #Shopping
Sat May 09 16:50:46 +0000 2015,#Cards #Card Shaquille O'Neal 2006-07 SP Game Used jersey card #MiamiHeat http://t.co/ZcjZrK6mNU #Bargain #Deal
Sat May 09 16:49:42 +0000 2015,L L L #Cards #Card Dwyane Wade 2009-10 Bowman 48 #Autograph Auto #MiamiHeat #Bargain #Deal http://t.co/FxB636EOb3
Sat May 09 16:47:13 +0000 2015,#Sport #Clothing Don Alleson Mens #MiamiHeat #11 #NBA Basketball 2 Side #Jersey Sz XS S Or Womens… http://t.co/RQBgZMU5Rg #onsale #Discount
Sat May 09 16:46:33 +0000 2015,http://t.co/3K1XyjOa7r LEBRON JAMES MIAMI HEAT NBA CHAMPIONS SLAM MAGAZINE AUGUST 2012  #MiamiHeat  http://t.co/t1W2F4R82J
Sat May 09 16:43:12 +0000 2015,@MikalMx Top of #miamiheat today! Tired of unwanted subscription emails? Try Unroll.Me: http://t.co/b5L804JFEE
Sat May 09 16:42:10 +0000 2015,#Apparel #Souvenirs #MiamiHeat Official #NBA 30" Pennant Heat by Rico Industries http://t.co/8uDCP0bnus #eBay #Auction
Sat May 09 16:41:56 +0000 2015,#Werk #MiamiHeat #Dwade #3 https://t.co/qGFNwhksIo
Sat May 09 16:39:41 +0000 2015,Heat lament Rose's injury - http://t.co/A37D8aynYI #MiamiHEAT
Sat May 09 16:38:06 +0000 2015,#DwyaneWade #Deals DWYANE WADE 2009-10 Timeless Treasures Home and Road Gamers Jerseys #ed 41/50 http://t.co/qEA1kN9meN #NBA #MiamiHeat
Sat May 09 16:38:05 +0000 2015,#DwyaneWade #NBA 2014-15 Prizm Representatives DWYANE WADE #11 HEAT (A2H) http://t.co/TWyCR9crV5 #MiamiHeat #HEATwin
Sat May 09 16:33:12 +0000 2015,L #Apparel #Souvenirs #Reebok #NBA Pullover Hooded Sweatshirt "#MiamiHeat" Size XL #eBay #Auction http://t.co/JmtXFrDoat
Sat May 09 16:33:06 +0000 2015,L #DwyaneWade #Deals DWYANE WADE 08-09 Bowman Draft Picks and Stars Relics Jersey ORANGE #ed 15/25 #NBA #MiamiHeat http://t.co/QkCRLcuEaE
Sat May 09 16:27:10 +0000 2015,L #DwyaneWade #NBA DWYANE WADE 08-09 Bowman Draft Picks and Stars Relics Jersey ORANGE #ed 15/25 #MiamiHeat #HEATwin http://t.co/ssy0OZrkON
Sat May 09 16:25:11 +0000 2015,#Apparel #Souvenirs #Adidas #NBA Youth Size #MiamiHeat #LeBron James Name &amp; Number Shirt NWT M http://t.co/KhPT4r9FpF #eBay #Auction
Sat May 09 16:22:42 +0000 2015,#NBA #MiamiHeat - Reebok NBA Pullover Hooded Sweatshirt  "Miami Heat"  Size XL:  $19.99... http://t.co/ylPcf0ctmR http://t.co/k33Sm3HFUt
Sat May 09 16:22:42 +0000 2015,#NBA #MiamiHeat - NBA MIAMI HEAT GRAY TSHIRT SIZE XXLARGE HEAT SIZE 2XL XXL MIAMI HEAT:... http://t.co/cIGQ1rmuRU http://t.co/k33Sm3HFUt
Sat May 09 16:22:42 +0000 2015,#NBA #MiamiHeat - Dwyane Wade Adidas Miami Heat Jersey And Rookie Card:  $25.00End Date... http://t.co/t9PIO6AKGX http://t.co/k33Sm3HFUt
Sat May 09 16:22:19 +0000 2015,L #Sport #Clothing Li Ning Wow 2 Encore Red Lava sz 10 D Wade #MiamiHeat #onsale #Discount http://t.co/AqfveND9Fj
Sat May 09 16:22:19 +0000 2015,L L #DwyaneWade #Deals 2008 FLEER #95 DWYANE WADE HEAT POP 1 PSA 10 K1527326 #NBA #MiamiHeat http://t.co/TV5gR20JLD
Sat May 09 16:22:17 +0000 2015,#DwyaneWade #Deals DWYANE WADE 08-09 Topps Hardwood Relics Jersey MAPLE #ed 49/50 Miami Heat http://t.co/YOoBpTo0Au #NBA #MiamiHeat
Sat May 09 16:22:16 +0000 2015,#DwyaneWade #NBA DWYANE WADE 08-09 Topps Hardwood Relics Jersey MAPLE #ed 49/50 Miami Heat http://t.co/YmbjWPEf6G #MiamiHeat #HEATwin
Sat May 09 16:17:44 +0000 2015,#CellPhone #Phone Tribecka Gear #MiamiHeat USB Wall Charger NBA Licensed Great Gift NEW http://t.co/5UZly0bcRv #Buy #Shopping
Sat May 09 16:16:19 +0000 2015,L #Cards #Card 2014-15 Panini Prizm NBA Basketball #271 SHABAZZ NAPIER #MiamiHeat Rookie RC #Bargain #Deal http://t.co/TYngWtmQPN
Sat May 09 16:16:09 +0000 2015,L #DwyaneWade #Deals 2014-15 Panini Immaculate Team Logo Jumbo Patch Dwyane Wade 1/11 #NBA #MiamiHeat http://t.co/pKRFvGDRf9
Sat May 09 16:14:20 +0000 2015,#Sport #Clothing Zipway #NBA Basketball Men's #MiamiHeat MAGMA Track Jacket, Black http://t.co/SQRyzpSmtw #onsale #Discount
Sat May 09 16:08:09 +0000 2015,#Apparel #Souvenirs Dwyane Wade #Adidas #MiamiHeat #Jersey And Rookie Card http://t.co/qbJzCD32b8 #eBay #Auction
Sat May 09 16:06:08 +0000 2015,#Autographs #onsale #LeBron James #MiamiHeat Autographed #Jersey Framed http://t.co/31T8DZ7Loi #Autograph #Forsale
Sat May 09 16:04:40 +0000 2015,L #DwyaneWade #Deals 2012 12-13 Panini Base GOLD Knight #55 Dwyane Wade Heat #NBA #MiamiHeat http://t.co/WIONZJtPj6
Sat May 09 16:04:39 +0000 2015,NBA Feeling Lakers' Pain - http://t.co/CI6YqZZ7bu #MiamiHEAT
Sat May 09 16:04:37 +0000 2015,#DwyaneWade #Deals DWYANE WADE 2014-15 PANINI DONRUSS GAMERS GAME USED JERSEY http://t.co/wUwsHIkHrt #NBA #MiamiHeat
Sat May 09 16:04:37 +0000 2015,L L #Cards #Card Dwyane Wade 2009-10 Bowman 48 #Autograph Auto #MiamiHeat #Bargain #Deal http://t.co/eYH4JuRqNa
Sat May 09 16:04:36 +0000 2015,#DwyaneWade #NBA DWYANE WADE 2014-15 PANINI DONRUSS GAMERS GAME USED JERSEY http://t.co/usSQiiloJH #MiamiHeat #HEATwin
Sat May 09 16:02:07 +0000 2015,#Cards #Card Harold Miner #MiamiHeat 1994-95 Stadium Club 1st Day Issue Sharp http://t.co/zXJdXzkmJ3 #Bargain #Deal
Sat May 09 16:00:01 +0000 2015,Celebrity trainer Luther Freeman handpicked to train Dwyane Wade http://t.co/AAikVflweG #MiamiHeat
Sat May 09 15:52:25 +0000 2015,#Apparel #Souvenirs #Reebok #NBA Pullover Hooded Sweatshirt "#MiamiHeat" Size XL http://t.co/mwwdmTlVji #eBay #Auction
Sat May 09 15:51:48 +0000 2015,#NBA #MiamiHeat - Reebok NBA Pullover Hooded Sweatshirt  "Miami Heat"  Size XL:  $19.99... http://t.co/KFnOzyoe6L http://t.co/lQmogZfBKD
Sat May 09 15:51:48 +0000 2015,#NBA #MiamiHeat - Dwyane Wade Adidas Miami Heat Jersey And Rookie Card:  $25.00End Date... http://t.co/EJF4d4ZiDI http://t.co/lQmogZfBKD
Sat May 09 15:46:22 +0000 2015,L #Apparel #Souvenirs Stiched/sewn #MiamiHeat Dwayne Wade #NBA #Adidas #Jersey Youth Kids Small Ch #eBay #Auction http://t.co/oXIwbLzxF2
Sat May 09 15:46:09 +0000 2015,L B #DwyaneWade #NBA inv1957 dwyane wade 2003-04 topps matrix card #115,116,118 3 card min rare hot #MiamiHeat… http://t.co/Y4qyZ7ZSY8
Sat May 09 15:41:16 +0000 2015,#Sport #Clothing Li Ning Wow 2 Encore Red Lava sz 10 D Wade #MiamiHeat http://t.co/nE7dXwkti9 #onsale #Discount
Sat May 09 15:35:37 +0000 2015,#Apparel #Souvenirs WOW! #Adidas #NBA DWYANE WADE RARE GREY #MiamiHeat SWINGMAN #Jersey ADULT Size L… http://t.co/vwNkzXUtdT #eBay #Auction
Sat May 09 15:34:48 +0000 2015,http://t.co/SwYsVWlsRs Ira Winderman: Combine combined with uncertainty for Heat  #MiamiHeat  http://t.co/7n1QXk9Usa
Sat May 09 15:33:26 +0000 2015,L #Cards #Card Steve Smith 34 Card Lot All Different #MiamiHeat Atlanta Hawks Portland #Bargain #Deal http://t.co/mwdBaEyFoy
Sat May 09 15:33:05 +0000 2015,L #DwyaneWade #Deals Dwyane Wade 2003-04 Topps Pristine RC Lot # 113 114 115 /999 /499 Miami Heat #NBA #MiamiHeat http://t.co/3Yp6jWSSZT
Sat May 09 15:31:09 +0000 2015,#DwyaneWade #Deals DWYANE WADE 08-09 Bowman Draft Picks and Stars Relics Jersey ORANGE #ed 15/25 http://t.co/rNx6Xt8CM0 #NBA #MiamiHeat
Sat May 09 15:31:09 +0000 2015,#DwyaneWade #NBA DWYANE WADE 08-09 Bowman Draft Picks and Stars Relics Jersey ORANGE #ed 15/25 http://t.co/Yg8GlQSKcU #MiamiHeat #HEATwin
Sat May 09 15:29:11 +0000 2015,#Cards #Card 2014-15 Panini Prizm NBA Basketball #271 SHABAZZ NAPIER #MiamiHeat Rookie RC http://t.co/oKAKek8pFl #Bargain #Deal
