Sat May 09 16:43:26 +0000 2015,@Diane_Y You're top of #nbakings! Want to declutter you inbox quickly? Try Unroll.Me: http://t.co/XcnfI09uSN
Sat May 09 15:29:02 +0000 2015,Who's going to see "Playing to Win Doc" this morning at IMAX? #SacramentoProud #NBAKings
Sat May 09 14:53:12 +0000 2015,RT @ARoyalPain: Top Plays 2014-2015: Nik Stauskas - http://t.co/JTixFoLr0e #Sacramento #NBAKings
Sat May 09 14:30:40 +0000 2015,Top Plays 2014-2015: Nik Stauskas - http://t.co/JTixFoLr0e #Sacramento #NBAKings
Sat May 09 11:53:17 +0000 2015,"Vlade Divac representará a los Kings en el Lottery Day":/http://t.co/PI9Ht4GLGd/#SacramentoProud #NBAKings #KingsAllDay #ForeverPurple
Sat May 09 04:21:04 +0000 2015,Our story: Politico drops suit against #Vivek, Mastrov over #NBAKings ownership role. http://t.co/oyyVi8IFJn… http://t.co/t31KSsECFH
Fri May 08 23:55:21 +0000 2015,RT @dakasler: I should note: #NBAKings say Anderson got nothing for dropping suit vs. @vivek, Mastrov http://t.co/gR6Sjg0fX9
Fri May 08 23:25:36 +0000 2015,RT @dakasler: Our story: Politico drops suit against @Vivek, Mastrov over #NBAKings ownership role. http://t.co/gR6Sjg0fX9 http://t.co/3IvM…
Fri May 08 23:13:58 +0000 2015,RT @dakasler: BREAKING - Darius Anderson drops lawsuit against @vivek, Mastrov over #NBAKings ownership dispute. Story coming
Fri May 08 22:53:48 +0000 2015,RT @dakasler: I should note: #NBAKings say Anderson got nothing for dropping suit vs. @vivek, Mastrov http://t.co/gR6Sjg0fX9
Fri May 08 22:51:01 +0000 2015,RT @dakasler: I should note: #NBAKings say Anderson got nothing for dropping suit vs. @vivek, Mastrov http://t.co/gR6Sjg0fX9
Fri May 08 22:45:37 +0000 2015,@dakasler Top #nbakings influencer! Want to declutter you inbox quickly? Unroll.Me can help: http://t.co/XcnfI09uSN
Fri May 08 22:11:37 +0000 2015,I should note: #NBAKings say Anderson got nothing for dropping suit vs. @vivek, Mastrov http://t.co/gR6Sjg0fX9
Fri May 08 22:06:37 +0000 2015,RT @dakasler: Our story: Politico drops suit against @Vivek, Mastrov over #NBAKings ownership role. http://t.co/gR6Sjg0fX9 http://t.co/3IvM…
Fri May 08 22:05:01 +0000 2015,RT @dakasler: Our story: Politico drops suit against @Vivek, Mastrov over #NBAKings ownership role. http://t.co/gR6Sjg0fX9 http://t.co/3IvM…
Fri May 08 22:02:15 +0000 2015,RT @dakasler: Our story: Politico drops suit against @Vivek, Mastrov over #NBAKings ownership role. http://t.co/gR6Sjg0fX9 http://t.co/3IvM…
Fri May 08 22:02:12 +0000 2015,RT @dakasler: Our story: Politico drops suit against @Vivek, Mastrov over #NBAKings ownership role. http://t.co/gR6Sjg0fX9 http://t.co/3IvM…
Fri May 08 22:02:12 +0000 2015,RT @dakasler: Our story: Politico drops suit against @Vivek, Mastrov over #NBAKings ownership role. http://t.co/gR6Sjg0fX9 http://t.co/3IvM…
Fri May 08 22:00:58 +0000 2015,RT @dakasler: Our story: Politico drops suit against @Vivek, Mastrov over #NBAKings ownership role. http://t.co/gR6Sjg0fX9 http://t.co/3IvM…
Fri May 08 22:00:52 +0000 2015,RT @dakasler: BREAKING - Darius Anderson drops lawsuit against @vivek, Mastrov over #NBAKings ownership dispute. Story coming
Fri May 08 22:00:37 +0000 2015,Our story: Politico drops suit against @Vivek, Mastrov over #NBAKings ownership role. http://t.co/gR6Sjg0fX9 http://t.co/3IvMImMiTr
Fri May 08 22:00:31 +0000 2015,RT @dakasler: BREAKING - Darius Anderson drops lawsuit against @vivek, Mastrov over #NBAKings ownership dispute. Story coming
Fri May 08 21:57:25 +0000 2015,RT @dakasler: BREAKING - Darius Anderson drops lawsuit against @vivek, Mastrov over #NBAKings ownership dispute. Story coming
Fri May 08 21:54:59 +0000 2015,RT @dakasler: BREAKING - Darius Anderson drops lawsuit against @vivek, Mastrov over #NBAKings ownership dispute. Story coming
Fri May 08 21:51:51 +0000 2015,RT @dakasler: BREAKING - Darius Anderson drops lawsuit against @vivek, Mastrov over #NBAKings ownership dispute. Story coming
Fri May 08 21:51:00 +0000 2015,RT @dakasler: BREAKING - Darius Anderson drops lawsuit against @vivek, Mastrov over #NBAKings ownership dispute. Story coming
Fri May 08 21:50:33 +0000 2015,RT @dakasler: BREAKING - Darius Anderson drops lawsuit against @vivek, Mastrov over #NBAKings ownership dispute. Story coming
Fri May 08 21:47:16 +0000 2015,RT @dakasler: BREAKING - Darius Anderson drops lawsuit against @vivek, Mastrov over #NBAKings ownership dispute. Story coming
Fri May 08 21:46:49 +0000 2015,RT @dakasler: BREAKING - Darius Anderson drops lawsuit against @vivek, Mastrov over #NBAKings ownership dispute. Story coming
Fri May 08 21:44:27 +0000 2015,RT @dakasler: BREAKING - Darius Anderson drops lawsuit against @vivek, Mastrov over #NBAKings ownership dispute. Story coming
Fri May 08 21:44:15 +0000 2015,RT @dakasler: BREAKING - Darius Anderson drops lawsuit against @vivek, Mastrov over #NBAKings ownership dispute. Story coming
Fri May 08 21:44:10 +0000 2015,RT @dakasler: BREAKING - Darius Anderson drops lawsuit against @vivek, Mastrov over #NBAKings ownership dispute. Story coming
Fri May 08 21:44:07 +0000 2015,RT @dakasler: BREAKING - Darius Anderson drops lawsuit against @vivek, Mastrov over #NBAKings ownership dispute. Story coming
Fri May 08 21:43:04 +0000 2015,BREAKING - Darius Anderson drops lawsuit against @vivek, Mastrov over #NBAKings ownership dispute. Story coming
Fri May 08 20:46:33 +0000 2015,RT @ARoyalPain: Vlade Divac to Represent the Sacramento Kings at Draft Lottery - http://t.co/BWqDh8WYTF #Sacramento #NBAKings
Fri May 08 20:42:35 +0000 2015,Vlade Divac to Represent the Sacramento Kings at Draft Lottery - http://t.co/BWqDh8WYTF #Sacramento #NBAKings
Fri May 08 17:24:37 +0000 2015,Final Grades for Ben McLemore and Nik Stauskas, via @rafnation http://t.co/somYGtPEUY #Sacramento #NBAKings
Fri May 08 14:07:47 +0000 2015,We've been running final grades for every Sacramento King this week, right here - http://t.co/CJyYCHWni2 #Sacramento #NBAKings
Fri May 08 00:18:09 +0000 2015,RT @ARoyalPain: DeMarcus Cousins Receives Two 'Most Improved Player' Votes - http://t.co/RQtpx5qjGf #Sacramento #NBAKings
Thu May 07 17:07:54 +0000 2015,DeMarcus Cousins Receives Two 'Most Improved Player' Votes - http://t.co/RQtpx5qjGf #Sacramento #NBAKings
Thu May 07 14:13:16 +0000 2015,#NBAKings #Kings PG Darren Collison said superstar C-PF DeMarcus Cousins' heart lies in Sacramento. #Celtics.
Thu May 07 13:58:15 +0000 2015,#NBAKings #Kings executive Vlade Divac will represent the Kings at the draft lottery.
Thu May 07 13:31:49 +0000 2015,@BPelaz Top of #nbakings today! Organize your emails: quickly and easily! Try Unroll.Me http://t.co/XcnfI09uSN
Thu May 07 09:31:05 +0000 2015,"Milwaukee Bucks, interesados en la primera ronda de los Kings": /http://t.co/IkthS9BmGM/#NBAKings #KingsAllDay #SacramentoProud
Thu May 07 06:16:41 +0000 2015,Kings guard Ray McCallum hosted an NBA Fit clinic today with some Sacramento area youth. #NBAKings… https://t.co/3QXxOHMoDR
Thu May 07 05:53:28 +0000 2015,RT @News10Sean: VIDEO: Today's @NBAFitOfficial with Kings PG @RayMac3. We talk last season and future with team/#NBAKings/http://t.co/JGzcA…
Thu May 07 05:51:03 +0000 2015,RT @News10Sean: VIDEO: Today's @NBAFitOfficial with Kings PG @RayMac3. We talk last season and future with team/#NBAKings/http://t.co/JGzcA…
Thu May 07 05:48:42 +0000 2015,VIDEO: Today's @NBAFitOfficial with Kings PG @RayMac3. We talk last season and future with team/#NBAKings/http://t.co/JGzcAYkPaw
Thu May 07 00:18:53 +0000 2015,RT @kc1nyk: Report: Talks with #NBAKings #Kings for #Nets PG-SG Deron Williams probably won't resurface.
Wed May 06 20:45:44 +0000 2015,RT @kc1nyk: Report: Talks with #NBAKings #Kings for #Nets PG-SG Deron Williams probably won't resurface.
Wed May 06 20:18:18 +0000 2015,Report: Talks with #NBAKings #Kings for #Nets PG-SG Deron Williams probably won't resurface.
Wed May 06 20:08:39 +0000 2015,Report: #NBAKings #Kings, #Rockets and #Hornets are other possible suitors for #Nuggets star PG Ty Lawson. #Celtics.
Wed May 06 18:26:29 +0000 2015,Report: #Celtics have been enamored with #NBAKings superstar C-PF D. Cousins for years, but #Kings owner Vivek Ranadive wouldn't trade him.
Wed May 06 18:20:58 +0000 2015,#NBAKings #Kings officially hired #Sixers #76ers assistant coach Chad Iske as associate head coach (lead assistant coach).
Wed May 06 14:56:01 +0000 2015,Report: #NBAKings #Kings executive Vlade Divac in awe of sueprstar C-PF DeMarcus Cousins. #Celtics.
Tue May 05 14:59:15 +0000 2015,Nice, @NumbersNBA! You're top of #nbakings! Tired of your inbox being full of junk? Try Unroll.Me http://t.co/XcnfI09uSN
Tue May 05 14:05:50 +0000 2015,RT @NumbersNBA: PG David Stockton (@dstockton32) will wear number 9, last worn by Ramon Sessions yesterday. #NBAKings http://t.co/rgGAnxESkb
Tue May 05 13:31:42 +0000 2015,@CaliforniaPicz Top of #nbakings today! Tired of unwanted subscription emails? Try Unroll.Me: http://t.co/XcnfI09uSN
Tue May 05 13:15:14 +0000 2015,#NBAKings fans are really, well, purple! http://t.co/mq0MsFDAQV
Mon May 04 16:43:58 +0000 2015,@HashOffKings Top of #nbakings leaderboard! Need to clean up your inbox? Unroll.Me can help: http://t.co/XcnfI09uSN
Mon May 04 14:59:26 +0000 2015,@ARoyalPain Top of #nbakings leaderboard! Need to clean up your inbox? Unroll.Me can help: http://t.co/XcnfI09uSN
Mon May 04 13:56:23 +0000 2015,Kicking off Final Grades Week with a look at Cousins, Hollins, and Bhullar - http://t.co/CJyYCHWni2 via @TonyXypteras #Sacramento #NBAKings
Mon May 04 00:18:13 +0000 2015,RT @kc1nyk: Report: #Celtics hope to pry away #NBAKings #Kings superstar C-PF DeMarcus Cousins with a package of picks and young talent.
Sun May 03 17:12:58 +0000 2015,RT @kc1nyk: Report: #Celtics hope to pry away #NBAKings #Kings superstar C-PF DeMarcus Cousins with a package of picks and young talent.
Sun May 03 16:32:20 +0000 2015,Report: #NBAKings #Kings want to make a playoff run next season with superstar C-PF DeMarcus Cousins as the centerpiece of the franchise.
Sun May 03 16:31:42 +0000 2015,Report: #Celtics hope to pry away #NBAKings #Kings superstar C-PF DeMarcus Cousins with a package of picks and young talent.
Sun May 03 16:31:08 +0000 2015,Report: #NBAKings #Kings not interested in trading superstar C-PF DeMarcus Cousins. #Celtics.
Sun May 03 01:04:43 +0000 2015,Danny Green should become a kings next season #NBAKings
Sat May 02 05:09:11 +0000 2015,Report: #NBAKings #Kings RFA PF-SF Derrick Williams doesn't intrigue front offices as much as he did a year ago.
Sat May 02 00:18:41 +0000 2015,RT @kc1nyk: Report: #Celtics expected to try and trade for #NBAKings #Kings superstar C-PF DeMarcus Cousins this offseason.
Fri May 01 22:45:09 +0000 2015,@kc1nyk Congrats, top of #nbakings! Unroll.Me can simplify your email's inbox. http://t.co/XcnfI09uSN
Fri May 01 21:11:28 +0000 2015,RT @kc1nyk: Report: #Celtics expected to try and trade for #NBAKings #Kings superstar C-PF DeMarcus Cousins this offseason.
Fri May 01 21:09:25 +0000 2015,Report: #Celtics expected to try and trade for #NBAKings #Kings superstar C-PF DeMarcus Cousins this offseason.
