Sat May 09 18:15:34 +0000 2015,http://t.co/wlxergjyuv: Brooklyn Nets 7 Joe... http://t.co/glSTLWgZ4O #black #brooklyn #colts #indianapolis #johnson #nets #revolution
Sat May 09 18:14:21 +0000 2015,REDES http://t.co/5uoTiF2XGP #net #nets #red #redes #opportunity #oportunidad #money #Dinero #ingresos #ingresosoextra #NetworkMarketing
Sat May 09 18:06:47 +0000 2015,Act Now 2 ban #Nets that kill #Whales http://t.co/4XvHo2zyDC https://t.co/qUBqhQs7Gp #dolphins #pets #PETA #dogs #Berkeley #Harvard #Florida
Sat May 09 18:05:31 +0000 2015,Tepid Start, and Hawks, Are Too Much for the Nets http://t.co/y8ZMEcd2lV #Nets #NBA
Sat May 09 18:00:19 +0000 2015,REDES http://t.co/BBU1riXP8a #net #nets #red #redes #opportunity #oportunidad #money #Dinero #ingresos #ingresosoextra #NetworkMarketing
Sat May 09 17:52:01 +0000 2015,Hollins Says He√¢¬Ä¬ôd Rather Be Playing Game 6 in Barclays Center Than Anywhere Else| http://t.co/DvOoMdZDSI #Nets #NBA
Sat May 09 17:45:43 +0000 2015,http://t.co/j5NQre0uRX Mens Mitchell &amp; Ness Brooklyn Nets NBA Track Jacket Black Grey 61 #Nets http://t.co/dcFlgIlrWM
Sat May 09 17:40:30 +0000 2015,Hawks Eliminate Nets in Game 6 http://t.co/bXWEoLubZX #Nets #NBA
Sat May 09 17:35:42 +0000 2015,RT @kc1nyk: Report: If #Nets PG-SG Deron Williams is bought out or waived with stretch provision, don't rule out a return to the #UtahJazz ‚Ä¶
Sat May 09 17:26:55 +0000 2015,Check out this item in my Etsy shop https://t.co/CooP4RtjPz #bottlecap #NBA #pistons #Lakers #mavericks #nets #heat #pacers #basketball
Sat May 09 17:25:20 +0000 2015,RT @Brooklyn10Nets: Thaddeus Young :Latest Contract News, Rumors and Speculation on Nets F's Future| http://t.co/lT9mFolAdb #Nets #NBA
Sat May 09 17:24:46 +0000 2015,Check out this item in my Etsy shop https://t.co/Tfxkn8I8jc #basketballfan #bottlecap #Warriors #Bulls #heat #Lakers #mavericks #nets #heat
Sat May 09 17:16:59 +0000 2015,Thaddeus Young :Latest Contract News, Rumors and Speculation on Nets F's Future| http://t.co/lT9mFolAdb #Nets #NBA
Sat May 09 17:15:29 +0000 2015,Keeping Brook Lopez Is Priority for Nets http://t.co/nJNdBVEFN4 #Nets #NBA
Sat May 09 17:14:59 +0000 2015,I would say either the 2002-03 New Jersey #Nets but the teams they played were far superior to them. They went against Shaq then Duncan
Sat May 09 17:12:33 +0000 2015,http://t.co/j5NQre0uRX Brooklyn Nets On Court Jacket  #Nets http://t.co/z7PGGOFK3h
Sat May 09 17:09:50 +0000 2015,#Nets: Check out our favorite moments from our 2014 - 2015 season! http://t.co/pJiNMk3Utn
Sat May 09 16:53:21 +0000 2015,RT @BrooklynNets: It really is that easy to join Brooklyn #Nets Advantage to earn rewards. Start today: http://t.co/E4eh8u8Y5N http://t.co/‚Ä¶
Sat May 09 16:51:29 +0000 2015,RT @Brooklyn10Nets: Your one-stop guide to the Nets√¢¬Ä¬ô tricky offseason| http://t.co/07sKm0FoGz #Nets #NBA
Sat May 09 16:50:29 +0000 2015,3 pressing questions Nets must answer in this critical offseason http://t.co/DwYfJcopFo #Nets #NBA
Sat May 09 16:44:52 +0000 2015,#NBA #Nets - 30 Panini 2013 NBA  Brooklyn Nets and 150 mini  Stickers:  $11.00End Date:... http://t.co/x9bIO5lMno http://t.co/k33Sm3HFUt
Sat May 09 16:43:45 +0000 2015,Nice, @DaNewYorkTimez! You're top of #nets! Tired of your inbox being full of junk? Try Unroll.Me http://t.co/G5hZEfzqF4
Sat May 09 16:42:22 +0000 2015,Yo! Nets' top priority: Re-signing Brook Lopez and Thadde  http://t.co/qwUCDVskiz  #coach #job #nets #williams
Sat May 09 16:41:57 +0000 2015,Your one-stop guide to the Nets√¢¬Ä¬ô tricky offseason| http://t.co/07sKm0FoGz #Nets #NBA
Sat May 09 16:33:35 +0000 2015,RT @NetsDaily: How bad the #Nets draft pick situation?  Here ya go! http://t.co/mKrqLwYaGM http://t.co/bA5dfJaKem
Sat May 09 16:26:42 +0000 2015,Good game Penguins !!! #basketball #game #gopenguins #bball #southlondon #winwin #nets #camden‚Ä¶ https://t.co/A4TcXh3OTw
Sat May 09 16:25:28 +0000 2015,Nets GM :Brook Lopez wanted back, other Big 3 are trade chips http://t.co/99DVDBFO1R #Nets #NBA
Sat May 09 16:24:31 +0000 2015,#Nets PF-SF Mirza Teletovic said he would like to play for #Bosnia in #EuroBasket2015 but that will depend on how his RFA works out.
Sat May 09 16:23:52 +0000 2015,#Nets upcoming RFA PF-SF Mirza Teletovic said he has no interest in returning to European basketball.
Sat May 09 16:20:25 +0000 2015,Report: If #Nets PG-SG Deron Williams is bought out or waived with stretch provision, don't rule out a return to the #UtahJazz #Jazz.
Sat May 09 16:16:59 +0000 2015,http://t.co/j5NQre0uRX [NBA: Hang Time] - Morning shootaround ‚Äî May 9  #Nets http://t.co/13ygJc5M6p
Sat May 09 16:09:50 +0000 2015,RT @TheBKGame: 5 Possible #Nets Free Agent Targets ‚Äî http://t.co/L2e4b1KhlL
Sat May 09 16:08:53 +0000 2015,http://t.co/j5NQre0uRX [SB Nation: Nets Daily] - WPIX opens studio inside Barclays Cente #Nets http://t.co/TVWLXlAplO
Sat May 09 16:06:55 +0000 2015,TrueHoop TV Live| http://t.co/lrazXgQTYE #Nets #NBA
Sat May 09 16:06:12 +0000 2015,WPIX opens studio inside Barclays Center #Nets #BKLYN http://t.co/haXP4ILluK http://t.co/mvUtU0bY78
Sat May 09 16:00:33 +0000 2015,THIS IS NOT A PYRAMID, IT IS A NET http://t.co/rYpC8M8V1i #thinkbig #thinksmart #dreambig #smartheart #net #nets #red #redes #love #amor #nm
Sat May 09 16:00:28 +0000 2015,How Nets will approach all 15 players in busy, crucial summer http://t.co/2VOq6Peoqz #Nets #NBA
Sat May 09 15:48:34 +0000 2015,–ø–æ –∫–∞–ª–∏–±—Ä–æ–≤–∫–µ acom nets http://t.co/u8k0Iq7u4r #nets –ò–Ω—Å—Ç—Ä—É–∫—Ü–∏—è
Sat May 09 15:36:08 +0000 2015,#BrooklynNets #Nets #netsnation WPIX opens studio inside Barclays Center http://t.co/RDYxJOyrae
Sat May 09 15:35:27 +0000 2015,2014/15 D-League Usage Report :Knicks http://t.co/VA6i8xLP1E #Nets #NBA
Sat May 09 15:33:42 +0000 2015,RT @TheBKGame: 5 Possible #Nets Free Agent Targets ‚Äî http://t.co/L2e4b1KhlL
Sat May 09 15:30:11 +0000 2015,RT @NetsDaily: How bad the #Nets draft pick situation?  Here ya go! http://t.co/mKrqLwYaGM http://t.co/bA5dfJaKem
Sat May 09 15:28:36 +0000 2015,#Nets a long shot, but Charles Barkley thinks they could ... #CharlesBarkley #EasternConference #TheHawks http://t.co/BBnUNq8HV6
Sat May 09 15:28:32 +0000 2015,#nets http://t.co/yuSRjtLuWz
Sat May 09 15:23:25 +0000 2015,RT @BrooklynNets: It really is that easy to join Brooklyn #Nets Advantage to earn rewards. Start today: http://t.co/E4eh8u8Y5N http://t.co/‚Ä¶
Sat May 09 15:15:33 +0000 2015,#Nets: Check out our favorite moments from our 2014 - 2015 season! http://t.co/M0i5CE3cln
Sat May 09 15:14:05 +0000 2015,it's worse than I thought "@NetsDaily: How bad the #Nets draft pick situation?  Here ya go! http://t.co/9BLYatQRVh http://t.co/H7TDxmALbz"
Sat May 09 15:10:07 +0000 2015,Western Notes :D-League, Donovan, Williams http://t.co/ufbCotHnyJ #Nets #NBA
Sat May 09 15:00:39 +0000 2015,THIS IS NOT A PYRAMID, IT IS A NET http://t.co/D6PmIxpHPd #thinkbig #thinksmart #dreambig #smartheart #net #nets #red #redes #love #amor #nm
Sat May 09 14:59:54 +0000 2015,@NetsViews Top #nets influencer! Want to declutter you inbox quickly? Unroll.Me can help: http://t.co/G5hZEfzqF4
Sat May 09 14:59:17 +0000 2015,#Nets: Check out the latest photos from Game 6 at Barclays Center. http://t.co/1dv8OX07Yv
Sat May 09 14:45:07 +0000 2015,2015 Prospect Profile Series http://t.co/XTeyoJSf9S #Nets #NBA
Sat May 09 14:42:34 +0000 2015,RT @NetsDaily: How bad the #Nets draft pick situation?  Here ya go! http://t.co/mKrqLwYaGM http://t.co/bA5dfJaKem
Sat May 09 14:37:57 +0000 2015,RT @NetsDaily: How bad the #Nets draft pick situation?  Here ya go! http://t.co/mKrqLwYaGM http://t.co/bA5dfJaKem
Sat May 09 14:37:26 +0000 2015,RT @NetsDaily: How bad the #Nets draft pick situation?  Here ya go! http://t.co/mKrqLwYaGM http://t.co/bA5dfJaKem
Sat May 09 14:36:05 +0000 2015,#BrooklynNets #Nets #netsnation How bad the Brooklyn Nets draft pick situation? Here ya go! http://t.co/MVS92tPEp5
Sat May 09 14:35:37 +0000 2015,RT @BrooklynNets: It really is that easy to join Brooklyn #Nets Advantage to earn rewards. Start today: http://t.co/E4eh8u8Y5N http://t.co/‚Ä¶
Sat May 09 14:34:27 +0000 2015,#NBA #Nets - brooklyn nets sweatshirt:  $50.00End Date: Saturday May-16-2015 7:26:24 PD... http://t.co/9lc3LLpO2L http://t.co/k33Sm3HFUt
Sat May 09 14:31:47 +0000 2015,RT @NetsDaily: How bad the #Nets draft pick situation?  Here ya go! http://t.co/mKrqLwYaGM http://t.co/bA5dfJaKem
Sat May 09 14:31:23 +0000 2015,How bad the #Nets draft pick situation?  Here ya go! http://t.co/mKrqLwYaGM http://t.co/bA5dfJaKem
Sat May 09 14:29:27 +0000 2015,.@Teletovic33: "Mi deseo es permanecer en Brooklyn Nets". El bosnio habl√≥ ayer - #Nets - http://t.co/2QR15WZsYi http://t.co/kPD8fMPDVm
Sat May 09 14:22:24 +0000 2015,RT @BrooklynNets: It really is that easy to join Brooklyn #Nets Advantage to earn rewards. Start today: http://t.co/E4eh8u8Y5N http://t.co/‚Ä¶
Sat May 09 14:15:28 +0000 2015,As much of an up and down season it was I'm really missing #Nets basketball
Sat May 09 14:15:16 +0000 2015,Bugle Got Game :Nets Media Day Part 2 [Video] http://t.co/DOmPljxlrM #Nets #NBA
Sat May 09 14:14:07 +0000 2015,http://t.co/j5NQre0uRX Brooklyn Nets adidas NBA Zone Mesh Cap Hat NWT S/M or L/XL  #Nets http://t.co/saoJ0FHt2U
Sat May 09 14:07:03 +0000 2015,Not sure why the #mets don't have an app. I mean, even the #nets have one.
Sat May 09 14:06:55 +0000 2015,#Nets Tim Bontemps of the New York Post speculates that Joe Johnson could be playing for a new team in the 201...  http://t.co/ojOABVyels
Sat May 09 14:00:26 +0000 2015,THIS IS NOT A PYRAMID, IT IS A NET http://t.co/xWCyOqx4TB #thinkbig #thinksmart #dreambig #smartheart #net #nets #red #redes #love #amor #nm
Sat May 09 13:56:21 +0000 2015,#nets #brooklyn Brooklyn Nets NBA 2015 trade news, rumors: Goodbye D-Will?: And many were hoping t... http://t.co/6E2O6yNGz4 #LetsGoNets
Sat May 09 13:53:34 +0000 2015,RT @BrooklynNets: It really is that easy to join Brooklyn #Nets Advantage to earn rewards. Start today: http://t.co/E4eh8u8Y5N http://t.co/‚Ä¶
Sat May 09 13:50:15 +0000 2015,Bugle Got Game :Junkersfeld On The #Nets First Pre-Season Game Of 2013 [Video] http://t.co/luOkVepCPs #Nets #NBA
Sat May 09 13:46:21 +0000 2015,RT @BrooklynNets: It really is that easy to join Brooklyn #Nets Advantage to earn rewards. Start today: http://t.co/E4eh8u8Y5N http://t.co/‚Ä¶
Sat May 09 13:40:26 +0000 2015,#chronicillness #invisibleillness #spoonie #depression #PTSD #Cancer #neuroendocrinecancer #carcinoidsyndrome #Nets http://t.co/prmEe5A1NG
Sat May 09 13:31:44 +0000 2015,@3jsb____k Top of #nets today! Organize your emails: quickly and easily! Try Unroll.Me http://t.co/G5hZEfzqF4
Sat May 09 13:27:03 +0000 2015,Nets' Hollins :D-Will not a franchise player| http://t.co/nDTQwXauil #Nets #NBA
Sat May 09 13:22:42 +0000 2015,Penguins vs Panthers #basketball #game #gopenguins #bball #southlondon #winwin #nets #camden‚Ä¶ https://t.co/GnTBq2JgeH
Sat May 09 13:20:59 +0000 2015,RT @BrooklynNets RT @dariusmorris4: #TBT üîí I see u @jarrettjack03 lol https://t.co/CfiGZQpp89 #nets
Sat May 09 13:17:33 +0000 2015,RT @kc1nyk: Report: There's been a lot of talk about waiving #Nets PG Deron Williams with the stretch provision, little about buyout, both ‚Ä¶
Sat May 09 13:16:34 +0000 2015,http://t.co/j5NQre0uRX [SB Nation: SLC Dunk] - NBA Playoffs 2015: Big market teams getti #Nets http://t.co/PIYnWts1hh
Sat May 09 13:11:02 +0000 2015,#BrooklynNETS #NETS #üé± #backpack //Want This ... http://t.co/JoHtQX3QqD
Sat May 09 13:00:14 +0000 2015,Tepid Start, and Hawks, Are Too Much for the Nets http://t.co/y8ZMEcd2lV #Nets #NBA
Sat May 09 13:00:09 +0000 2015,How to Achieve the Incredible http://t.co/2JAhxgqpqB #nm #net #nets #red #redes #love #amor #will #voluntad #feat #merito #merit #achivement
Sat May 09 12:52:01 +0000 2015,John Wall, playoff MVP| http://t.co/G06dBwWPOj #Nets #NBA
Sat May 09 12:51:52 +0000 2015,RT @3jsb____k: „ÇÇ„ÅÜ„Åô„Åê„Å†„Äúüò≥üíïüíï//#GENERATIONS /#Â§ßÈò™ #NETS #Áé≤Êñº„Å°„ÇÉ„Çì„Å®„Åä„Åù„Çç http://t.co/4PkumjdIue
Sat May 09 12:43:07 +0000 2015,RT @BrooklynNets: It really is that easy to join Brooklyn #Nets Advantage to earn rewards. Start today: http://t.co/E4eh8u8Y5N http://t.co/‚Ä¶
Sat May 09 12:28:19 +0000 2015,RT @BrooklynNets: It really is that easy to join Brooklyn #Nets Advantage to earn rewards. Start today: http://t.co/E4eh8u8Y5N http://t.co/‚Ä¶
Sat May 09 12:26:08 +0000 2015,http://t.co/EEkB0NdMH9: NBA Live 14 PS4 - Oklahoma City Thunder vs Brooklyn... http://t.co/v48wr5ZnLZ #brooklyn #nets #oklahoma #thunder
Sat May 09 12:26:01 +0000 2015,#NBA #Nets - Brooklyn Nets MEDIUM Black Mitchell &amp; Ness Jumpball Henley Shirt:  $17.99E... http://t.co/3HOOebFpFK http://t.co/k33Sm3HFUt
Sat May 09 12:26:00 +0000 2015,#NBA #Nets - Brooklyn Nets LARGE Black Mitchell &amp; Ness Jumpball Henley Shirt:  $17.99En... http://t.co/wVXmu1japv http://t.co/k33Sm3HFUt
Sat May 09 12:20:04 +0000 2015,It really is that easy to join Brooklyn #Nets Advantage to earn rewards. Start today: http://t.co/UXLvVfthPf‚Ä¶ http://t.co/V3MeLLwsHk
Sat May 09 12:18:48 +0000 2015,RT @BrooklynNets: It really is that easy to join Brooklyn #Nets Advantage to earn rewards. Start today: http://t.co/E4eh8u8Y5N http://t.co/‚Ä¶
Sat May 09 12:17:54 +0000 2015,RT @BrooklynNets: It really is that easy to join Brooklyn #Nets Advantage to earn rewards. Start today: http://t.co/E4eh8u8Y5N http://t.co/‚Ä¶
Sat May 09 12:16:59 +0000 2015,Would the Nets buy out Deron Williams' contract?| http://t.co/NuWHysqsir #Nets #NBA
Sat May 09 12:10:13 +0000 2015,Keeping Brook Lopez Is Priority for Nets http://t.co/nJNdBVEFN4 #Nets #NBA
Sat May 09 12:07:30 +0000 2015,The 10 NBA playoff storylines that matter most #Nets #Paul #Playoffs #Spurs http://t.co/h2TQ3TXV88
Sat May 09 12:05:47 +0000 2015,RT @BrooklynNets: It really is that easy to join Brooklyn #Nets Advantage to earn rewards. Start today: http://t.co/E4eh8u8Y5N http://t.co/‚Ä¶
Sat May 09 12:05:44 +0000 2015,RT @BrooklynNets: It really is that easy to join Brooklyn #Nets Advantage to earn rewards. Start today: http://t.co/E4eh8u8Y5N http://t.co/‚Ä¶
Sat May 09 12:04:39 +0000 2015,#Nets Tweets: It really is that easy to join Brooklyn #Nets‚Ä¶ http://t.co/R9nrM99ack #NBA http://t.co/yiE6n7siMN http://t.co/ACxDQ2R2px
Sat May 09 12:04:32 +0000 2015,RT @BrooklynNets: It really is that easy to join Brooklyn #Nets Advantage to earn rewards. Start today: http://t.co/E4eh8u8Y5N http://t.co/‚Ä¶
Sat May 09 12:01:18 +0000 2015,RT @BrooklynNets: It really is that easy to join Brooklyn #Nets Advantage to earn rewards. Start today: http://t.co/E4eh8u8Y5N http://t.co/‚Ä¶
