Sat May 09 17:51:36 +0000 2015,Report :Tom Brady to be suspended next week - Tom Brady | NE - http://t.co/YZSvAa0CWV #Nuggets #NBA
Sat May 09 17:49:31 +0000 2015,RT @denvernuggets: Happy Birthday, EG! //#Nuggets http://t.co/YQjyMFDH1Q
Sat May 09 17:43:20 +0000 2015,RT @denvernuggets: Happy Birthday, EG! //#Nuggets http://t.co/YQjyMFDH1Q
Sat May 09 17:42:11 +0000 2015,http://t.co/EEkB0NdMH9: Denver Nuggets Assocation Ep.1 http://t.co/HzgnrIMkjn #assocation #denver #nuggets
Sat May 09 17:37:46 +0000 2015,http://t.co/hvEMr29AFD CARMELO ANTHONY DENVER NUGGETS SLAM MAGAZINE NOVEMBER 2009 ISS #Nuggets http://t.co/9f6N3bczaf
Sat May 09 17:34:36 +0000 2015,RT @denvernuggets: Happy Birthday, EG! //#Nuggets http://t.co/YQjyMFDH1Q
Sat May 09 17:34:23 +0000 2015,Was last night worth it? Simply put YES IT WAS!!!/#Prince #Bridge #Soaked #Return #Vita #Maverick #Mcdonalds #Nuggets #HydeCreek
Sat May 09 17:25:16 +0000 2015,RT @denvernuggets: Happy Birthday, EG! //#Nuggets http://t.co/YQjyMFDH1Q
Sat May 09 17:22:44 +0000 2015,RT @denvernuggets: Happy Birthday, EG! //#Nuggets http://t.co/YQjyMFDH1Q
Sat May 09 17:18:39 +0000 2015,http://t.co/hvEMr29AFD Denver Nuggets Carmelo Anthony Nike Rewind 1976 Throwback Jers #Nuggets http://t.co/soPD0KHUC1
Sat May 09 17:18:29 +0000 2015,RT @denvernuggets: Happy Birthday, EG! //#Nuggets http://t.co/YQjyMFDH1Q
Sat May 09 17:10:27 +0000 2015,@Ace_2_Joker 1Tweet4 @DenverNuggetsX2, Follow #Nuggets News, Player Tweets, UTubes, Stats &amp; More! Visit http://t.co/hvEMr29AFD RT!
Sat May 09 17:09:37 +0000 2015,RT @denvernuggets: Happy Birthday, EG! //#Nuggets http://t.co/YQjyMFDH1Q
Sat May 09 17:04:24 +0000 2015,@annafmc @Rynn16 @SRFC_DSC off the radar #Nuggets
Sat May 09 17:02:38 +0000 2015,Oh btw the Catholic church funded Hollywood from its start. #nuggets #youcanthinkonthat
Sat May 09 17:02:01 +0000 2015,Does Ty Lawson want out of Denver? #Nuggets – http://t.co/n8V2EiWY34 http://t.co/ovihm50GJL
Sat May 09 17:01:31 +0000 2015,RT @NateTimmonsCO: Check out our special edition @ColoSportsGuys podcast with #Nuggets GM Tim Connelly talking draft, coaching, more: http:…
Sat May 09 17:00:04 +0000 2015,RT @denvernuggets: Happy Birthday, EG! //#Nuggets http://t.co/YQjyMFDH1Q
Sat May 09 16:48:41 +0000 2015,RT @denvernuggets: Happy Birthday, EG! //#Nuggets http://t.co/YQjyMFDH1Q
Sat May 09 16:45:50 +0000 2015,RT @denvernuggets: Happy Birthday, EG! //#Nuggets http://t.co/YQjyMFDH1Q
Sat May 09 16:44:51 +0000 2015,RT @denvernuggets: Happy Birthday, EG! //#Nuggets http://t.co/YQjyMFDH1Q
Sat May 09 16:44:35 +0000 2015,RT @denvernuggets: Happy Birthday, EG! //#Nuggets http://t.co/YQjyMFDH1Q
Sat May 09 16:37:38 +0000 2015,RT @denvernuggets: Happy Birthday, EG! //#Nuggets http://t.co/YQjyMFDH1Q
Sat May 09 16:37:13 +0000 2015,#SBNation #Nuggets Tim Connelly talks about the future of the Nuggets http://t.co/AXD2FWJQgJ http://t.co/o1fORNrm5z
Sat May 09 16:34:28 +0000 2015,RT @denvernuggets: Happy Birthday, EG! //#Nuggets http://t.co/YQjyMFDH1Q
Sat May 09 16:30:43 +0000 2015,RT @denvernuggets: Happy Birthday, EG! //#Nuggets http://t.co/YQjyMFDH1Q
Sat May 09 16:30:42 +0000 2015,http://t.co/hvEMr29AFD Chris Andersen Denver Nuggets Mens Jersey White Replica Rev 30 #Nuggets http://t.co/xMznFo2X3l
Sat May 09 16:28:52 +0000 2015,http://t.co/EEkB0NdMH9:... http://t.co/AQ8VlyxbiR #avery #bradley #crawford #denver #highlights #jeff #jordan #knicks #nuggets #york
Sat May 09 16:24:57 +0000 2015,RT @denvernuggets: Happy Birthday, EG! //#Nuggets http://t.co/YQjyMFDH1Q
Sat May 09 16:23:19 +0000 2015,RT @denvernuggets: Happy Birthday, EG! //#Nuggets http://t.co/YQjyMFDH1Q
Sat May 09 16:21:16 +0000 2015,Tim Connelly talks Nuggets future on CSG Podcast #Nuggets #NuggetsNation http://t.co/v1iEDMVyAx http://t.co/htaXOecQkU
Sat May 09 16:19:11 +0000 2015,RT @denvernuggets: Happy Birthday, EG! //#Nuggets http://t.co/YQjyMFDH1Q
Sat May 09 16:13:00 +0000 2015,RT @denvernuggets: Happy Birthday, EG! //#Nuggets http://t.co/YQjyMFDH1Q
Sat May 09 16:12:35 +0000 2015,RT @denvernuggets: Happy Birthday, EG! //#Nuggets http://t.co/YQjyMFDH1Q
Sat May 09 16:12:10 +0000 2015,RT @denvernuggets: Happy Birthday, EG! //#Nuggets http://t.co/YQjyMFDH1Q
Sat May 09 16:11:54 +0000 2015,RT @denvernuggets: Happy Birthday, EG! //#Nuggets http://t.co/YQjyMFDH1Q
Sat May 09 16:08:52 +0000 2015,^ #Sepatu dan #Nuggets | just follow @sagalayaishop | PIN:283B2166 WA:081315410105 | check BIO for order http://t.co/cOikCwSUEP
Sat May 09 16:04:59 +0000 2015,http://t.co/hvEMr29AFD DENVER NUGGETS Basketball Jersey NIKE Anthony SPORTS MEMORABIL #Nuggets http://t.co/7ldElJwHGj
Sat May 09 16:03:34 +0000 2015,RT @denvernuggets: Happy Birthday, EG! //#Nuggets http://t.co/YQjyMFDH1Q
Sat May 09 16:03:04 +0000 2015,Period 4 - #nuggets 88 : #mmb 78 | #nuggets:24 FT+
Sat May 09 16:02:22 +0000 2015,RT @denvernuggets: Happy Birthday, EG! //#Nuggets http://t.co/YQjyMFDH1Q
Sat May 09 16:02:14 +0000 2015,Period 4 - #nuggets 87 : #mmb 78 | #nuggets:11 FT+
Sat May 09 16:00:40 +0000 2015,Period 4 - #nuggets 86 : #mmb 78 | #mmb 2FG+
Sat May 09 15:58:39 +0000 2015,Period 4 - #nuggets 86 : #mmb 76 | #nuggets:41 FT+
Sat May 09 15:57:35 +0000 2015,RT @denvernuggets: Happy Birthday, EG! //#Nuggets http://t.co/YQjyMFDH1Q
Sat May 09 15:57:27 +0000 2015,RT @denvernuggets: Happy Birthday, EG! //#Nuggets http://t.co/YQjyMFDH1Q
Sat May 09 15:56:43 +0000 2015,#teacherappreciation #nuggets https://t.co/3QsIM4jQGE
Sat May 09 15:55:57 +0000 2015,# #Sepatu dan #Nuggets | just follow @sagalayaishop | PIN:283B2166 WA:081315410105 | check BIO for order http://t.co/cOikCwSUEP
Sat May 09 15:55:32 +0000 2015,Period 4 - #nuggets 85 : #mmb 76 | #nuggets FT+
Sat May 09 15:54:27 +0000 2015,Period 4 - #nuggets 84 : #mmb 77 | #mmb FT+
Sat May 09 15:54:00 +0000 2015,Period 4 - #nuggets 84 : #mmb 76 | #mmb FT+
Sat May 09 15:53:22 +0000 2015,Period 4 - #nuggets 84 : #mmb 75 | #mmb FT+
Sat May 09 15:53:21 +0000 2015,RT @denvernuggets: Happy Birthday, EG! //#Nuggets http://t.co/YQjyMFDH1Q
Sat May 09 15:53:01 +0000 2015,Period 4 - #nuggets 84 : #mmb 74 | #nuggets:24 FT+
Sat May 09 15:52:43 +0000 2015,RT @denvernuggets: Happy Birthday, EG! //#Nuggets http://t.co/YQjyMFDH1Q
Sat May 09 15:52:40 +0000 2015,Period 4 - #nuggets 83 : #mmb 74 | #nuggets:24 FT+
Sat May 09 15:52:13 +0000 2015,Period 4 - #nuggets 82 : #mmb 74 | #mmb 2FG+
Sat May 09 15:52:04 +0000 2015,RT @denvernuggets: Happy Birthday, EG! //#Nuggets http://t.co/YQjyMFDH1Q
Sat May 09 15:51:54 +0000 2015,#Nuggets According to Chris Dempsey of the Denver Post, the Nuggets are expected to sign C Nikola Jokic before...  http://t.co/ojOABVyels
Sat May 09 15:51:39 +0000 2015,Period 4 - #nuggets 82 : #mmb 72 | #nuggets:24 FT+
Sat May 09 15:51:23 +0000 2015,RT @denvernuggets: Happy Birthday, EG! //#Nuggets http://t.co/YQjyMFDH1Q
Sat May 09 15:51:01 +0000 2015,Period 4 - #nuggets 81 : #mmb 72 | #nuggets FT+
Sat May 09 15:50:39 +0000 2015,Period 4 - #nuggets 80 : #mmb 72 | #nuggets FT+
Sat May 09 15:49:53 +0000 2015,Period 4 - #nuggets 79 : #mmb 72 | #mmb FT+
Sat May 09 15:49:36 +0000 2015,Happy Birthday, EG! #Nuggets http://t.co/v75iiEORwr http://t.co/J74yWrtxoA
Sat May 09 15:48:42 +0000 2015,Period 4 - #nuggets 79 : #mmb 71 | #nuggets:11 FT+
Sat May 09 15:47:53 +0000 2015,Period 4 - #nuggets 78 : #mmb 72 | #mmb FT+
Sat May 09 15:46:30 +0000 2015,Period 4 - #nuggets 78 : #mmb 71 | #nuggets:41 FT+
Sat May 09 15:46:19 +0000 2015,Period 4 - #nuggets 77 : #mmb 71 | #nuggets:13 2FG+
Sat May 09 15:45:12 +0000 2015,Period 4 - #nuggets 75 : #mmb 71 | #nuggets:13 FT+
Sat May 09 15:44:28 +0000 2015,Period 4 - #nuggets 74 : #mmb 71 | #mmb FT+
Sat May 09 15:44:11 +0000 2015,Period 4 - #nuggets 74 : #mmb 70 | #mmb 2FG+
Sat May 09 15:43:43 +0000 2015,RT @denvernuggets: Happy Birthday, EG! //#Nuggets http://t.co/YQjyMFDH1Q
Sat May 09 15:43:23 +0000 2015,Period 4 - #nuggets 74 : #mmb 68 | #nuggets:13 FT+
Sat May 09 15:43:21 +0000 2015,RT @denvernuggets: Happy Birthday, EG! //#Nuggets http://t.co/YQjyMFDH1Q
Sat May 09 15:43:10 +0000 2015,Period 4 - #nuggets 73 : #mmb 68 | #nuggets:13 FT+
Sat May 09 15:43:02 +0000 2015,RT @denvernuggets: Happy Birthday, EG! //#Nuggets http://t.co/YQjyMFDH1Q
Sat May 09 15:42:35 +0000 2015,# #Sepatu dan #Nuggets | just follow @sagalayaishop | PIN:283B2166 WA:081315410105 | check BIO for order http://t.co/ash5nYOAbB
Sat May 09 15:42:29 +0000 2015,Period 4 - #nuggets 72 : #mmb 68 | #nuggets:13 FT+
Sat May 09 15:42:26 +0000 2015,RT @denvernuggets: Happy Birthday, EG! //#Nuggets http://t.co/YQjyMFDH1Q
Sat May 09 15:41:55 +0000 2015,RT @denvernuggets: Happy Birthday, EG! //#Nuggets http://t.co/YQjyMFDH1Q
Sat May 09 15:41:07 +0000 2015,RT @denvernuggets: Happy Birthday, EG! //#Nuggets http://t.co/YQjyMFDH1Q
Sat May 09 15:40:15 +0000 2015,RT @denvernuggets: Happy Birthday, EG! //#Nuggets http://t.co/YQjyMFDH1Q
Sat May 09 15:40:10 +0000 2015,RT @denvernuggets: Happy Birthday, EG! //#Nuggets http://t.co/YQjyMFDH1Q
Sat May 09 15:39:37 +0000 2015,Period 4 - #nuggets 71 : #mmb 68 | #nuggets:13 3FG+
Sat May 09 15:39:04 +0000 2015,Period 4 - #nuggets 68 : #mmb 68 | #mmb FT+
Sat May 09 15:38:28 +0000 2015,Period 4 - #nuggets 70 : #mmb 67 | #nuggets 2FG+
Sat May 09 15:38:06 +0000 2015,RT @denvernuggets: Happy Birthday, EG! //#Nuggets http://t.co/YQjyMFDH1Q
Sat May 09 15:38:01 +0000 2015,Period 4 - #nuggets 68 : #mmb 67 | #mmb 2FG+
Sat May 09 15:37:28 +0000 2015,Period 4 - #nuggets 68 : #mmb 65 | #mmb 2FG+
Sat May 09 15:37:09 +0000 2015,Period 4 - #nuggets 71 : #mmb 63 | #nuggets 3FG+
Sat May 09 15:36:45 +0000 2015,Period 4 - #nuggets 68 : #mmb 63 | #nuggets:41 2FG+
Sat May 09 15:36:42 +0000 2015,Period 4 - #nuggets 69 : #mmb 63 | #nuggets 3FG+
Sat May 09 15:36:38 +0000 2015,RT @denvernuggets: Happy Birthday, EG! //#Nuggets http://t.co/YQjyMFDH1Q
Sat May 09 15:36:18 +0000 2015,Period 4 - #nuggets 66 : #mmb 63 | #mmb 2FG+
Sat May 09 15:36:08 +0000 2015,#denvernuggets #Nuggets #Denver Tim Connelly talks Nuggets future on CSG Podcast http://t.co/7zM94BwLa0
Sat May 09 15:34:18 +0000 2015,RT @NateTimmonsCO: Be sure to listen to our podcast with #Nuggets GM Tim Connelly. Talk draft process, coaching search, direction, more htt…
Sat May 09 15:34:14 +0000 2015,Period 4 - #nuggets 66 : #mmb 61 | #nuggets:24 FT+
Sat May 09 15:34:11 +0000 2015,RT @denvernuggets: Happy Birthday, EG! //#Nuggets http://t.co/YQjyMFDH1Q
Sat May 09 15:34:05 +0000 2015,RT @denvernuggets: Happy Birthday, EG! //#Nuggets http://t.co/YQjyMFDH1Q
