Sat May 09 18:19:11 +0000 2015,L #NBA 1993 Pro Line #ShaquilleONeal #OrlandoMagic LIMITED PRIME Insert Card #Card #Cards http://t.co/QuWOr4rcr5
Sat May 09 18:14:10 +0000 2015,#NBA PENNY HARDAWAY #OrlandoMagic CHAMPION BASKETBALL #Jersey YOUTH XL 18 20 http://t.co/Kor1pNwRpq #BestSeller #Deals
Sat May 09 18:13:19 +0000 2015,#NBA #Magic Penny Hardaway # 1 NBA Practice #Jersey Size 52 Champion Brand #OrlandoMagic http://t.co/jl43z8al8s #Bargains #Forsale
Sat May 09 18:13:17 +0000 2015,#Basketball #Magic #OrlandoMagic Dwight Howard #12 Swingman #Jersey - Black - Boy's Large (14-16) http://t.co/N75kDQwbi5 #Auction #Cheap
Sat May 09 18:07:16 +0000 2015,L #NBA Brand new w/tags Dwight Howard #OrlandoMagic #Jersey size adult-Small #BestSeller #Deals http://t.co/oN7NR4LdNN
Sat May 09 18:01:36 +0000 2015,L #NBA 1992 - 1993 Upper Deck Greg Kite #OrlandoMagic #256 #Basketball Card #Card #Cards http://t.co/qcdFQqk9Eo
Sat May 09 17:57:05 +0000 2015,#NBA Brand new w/tags Dwight Howard #OrlandoMagic #Jersey size adult-XL http://t.co/7OD7apm2zM #BestSeller #Deals
Sat May 09 17:55:37 +0000 2015,#NBA #Magic Brand new w/tags Dwight Howard #OrlandoMagic #Jersey size adult-Small http://t.co/QqVVGYhP4m #Bargains #Forsale
Sat May 09 17:55:36 +0000 2015,#Basketball #Magic 2 ~ NBA #OrlandoMagic VINTAGE CAR FLAGS SGA http://t.co/TPhrmSy5QI #Auction #Cheap
Sat May 09 17:51:07 +0000 2015,#OrlandoMagic Alex Martins, not Pat Williams, to represent Orlando Magic at Draft Lottery http://t.co/OsPDndNBBp #SportsRoadhouse
Sat May 09 17:51:06 +0000 2015,#OrlandoMagic Evaluating Channing Frye's 2014-15 season http://t.co/mzlbIPJF07 #SportsRoadhouse
Sat May 09 17:49:11 +0000 2015,L #NBA #Magic 2 ~ NBA #OrlandoMagic VINTAGE CAR FLAGS SGA #Bargains #Forsale http://t.co/SK0pdzMkek
Sat May 09 17:41:06 +0000 2015,#NBA Brand new w/tags Dwight Howard #OrlandoMagic #Jersey size adult-Medium http://t.co/2LLS2id9Ir #BestSeller #Deals
Sat May 09 17:40:34 +0000 2015,#NBA #OrlandoMagic - Brand new w/tags Dwight Howard Orlando Magic jersey size adult-Sma... http://t.co/E09NIZP6L0 http://t.co/k33Sm3HFUt
Sat May 09 17:40:34 +0000 2015,#NBA #OrlandoMagic - Brand new w/tags Dwight Howard Orlando Magic jersey size adult-Med... http://t.co/L8CaFWkuuZ http://t.co/k33Sm3HFUt
Sat May 09 17:40:34 +0000 2015,#NBA #OrlandoMagic - Brand new w/tags Dwight Howard Orlando Magic jersey size adult-XL:... http://t.co/BQMJ1AFdzH http://t.co/k33Sm3HFUt
Sat May 09 17:40:34 +0000 2015,#NBA #OrlandoMagic - 2 ~ NBA ORLANDO MAGIC VINTAGE CAR FLAGS SGA:  $5.00End Date: Monda... http://t.co/FqMhX3I0jo http://t.co/k33Sm3HFUt
Sat May 09 17:40:17 +0000 2015,#NBA #Magic Brand new w/tags Dwight Howard #OrlandoMagic #Jersey size adult-XL http://t.co/oBYE7X7MqH #Bargains #Forsale
Sat May 09 17:40:16 +0000 2015,#NBA 1993 Pro Line #ShaquilleONeal #OrlandoMagic LIMITED PRIME Insert Card http://t.co/fhVRQbrk6w #Card #Cards
Sat May 09 17:40:16 +0000 2015,#Basketball #Magic Brand new w/tags Dwight Howard #OrlandoMagic #Jersey size adult-Small http://t.co/EkBlZnqjIj #Auction #Cheap
Sat May 09 17:31:11 +0000 2015,L #NBA #Magic Reebok Boys Tracy McGrady #OrlandoMagic NBA #Basketball #Jersey Gray Sz Youth L #Bargains #Forsale http://t.co/n7KPTg49zd
Sat May 09 17:25:19 +0000 2015,L #NBA REEBOK #OrlandoMagic TRACY McGRADY BASKETBALL #Jersey SIZE 3XL Mens #BestSeller #Deals http://t.co/elaYEBCcl1
Sat May 09 17:23:39 +0000 2015,#NBA Brand new w/tags Dwight Howard #OrlandoMagic #Jersey size adult-Small http://t.co/L5pkAxSQu5 #BestSeller #Deals
Sat May 09 17:23:38 +0000 2015,#NBA 1992 - 1993 Upper Deck Greg Kite #OrlandoMagic #256 #Basketball Card http://t.co/6kMd87IFMn #Card #Cards
Sat May 09 17:23:38 +0000 2015,#NBA #Magic Brand new w/tags Dwight Howard #OrlandoMagic #Jersey size adult-Medium http://t.co/Uyrefyiz3v #Bargains #Forsale
Sat May 09 17:23:36 +0000 2015,#Basketball #Magic VTG Champion Shaquille O'Neal #OrlandoMagic #32 NBA #Jersey Blue Boys Medium http://t.co/R3NEdIeqOP #Auction #Cheap
Sat May 09 17:19:12 +0000 2015,L #NBA NIke #OrlandoMagic Tracy McGrady #1 Blue NBA Basketball Large #Jersey #BestSeller #Deals http://t.co/HueYiaWFp1
Sat May 09 17:11:38 +0000 2015,L #Basketball #Magic Vintage #OrlandoMagic White SGA Screenprinted JJ Redick Youth Large #Jersey #Auction #Cheap http://t.co/z31enb5uTz
Sat May 09 17:07:22 +0000 2015,#OrlandoMagic Evaluating Channing Frye's 2014-15 season http://t.co/x6hH7ynJWt #SportsRoadhouse
Sat May 09 17:07:22 +0000 2015,#NBA #Magic 2 ~ NBA #OrlandoMagic VINTAGE CAR FLAGS SGA http://t.co/wV0G00XkIE #Bargains #Forsale
Sat May 09 17:07:21 +0000 2015,#Basketball #Magic Brand new w/tags Dwight Howard #OrlandoMagic #Jersey size adult-XL http://t.co/zuinDTTLZp #Auction #Cheap
Sat May 09 17:07:20 +0000 2015,#NBA 1992-93 Skybox # 382 #ShaquilleONeal Shaq Rookie #OrlandoMagic http://t.co/ag2uZNBMef #Card #Cards
Sat May 09 16:59:40 +0000 2015,L #NBA 2014-15 Donruss #161 Maurice Harkless - #OrlandoMagic #Card #Cards http://t.co/YiwrEWhW8q
Sat May 09 16:52:34 +0000 2015,L #NBA #Magic Anfernee "Penny" Hardaway #OrlandoMagic Swingman #Jersey Vintage, Men size M, NWT #Bargains #Forsale http://t.co/nbkhzoBC2f
Sat May 09 16:51:09 +0000 2015,#NBA #Magic Reebok Boys Tracy McGrady #OrlandoMagic NBA #Basketball #Jersey Gray Sz Youth L http://t.co/XbnyV83v5U #Bargains #Forsale
Sat May 09 16:51:07 +0000 2015,#NBA REEBOK #OrlandoMagic TRACY McGRADY BASKETBALL #Jersey SIZE 3XL Mens http://t.co/3cvjgugiva #BestSeller #Deals
Sat May 09 16:50:36 +0000 2015,#Basketball #Magic Anfernee "Penny" Hardaway #OrlandoMagic Swingman #Jersey Vintage, Men size M, NWT http://t.co/Yuk1jrN88Y #Auction #Cheap
Sat May 09 16:42:07 +0000 2015,L L #NBA #Magic REEBOK #OrlandoMagic TRACY McGRADY #Basketball #Jersey SIZE 3XL Mens #Bargains #Forsale http://t.co/kJs9ia5OT6
Sat May 09 16:37:19 +0000 2015,L #NBA Vintage #OrlandoMagic White SGA Screenprinted JJ Redick Youth Large #Jersey #BestSeller #Deals http://t.co/nMaYDZt0nH
Sat May 09 16:36:34 +0000 2015,#NBA #OrlandoMagic - Reebok Boys Tracy McGrady Orlando Magic NBA Basketball Jersey Gray... http://t.co/kPcsFFXgLG http://t.co/k33Sm3HFUt
Sat May 09 16:36:33 +0000 2015,#NBA #OrlandoMagic - NEW Old Stock 1990s ORLANDO MAGIC Champion NBA T-Shirt XL:  $24.99... http://t.co/8HClSWFjZW http://t.co/k33Sm3HFUt
Sat May 09 16:34:43 +0000 2015,#NBA NIke #OrlandoMagic Tracy McGrady #1 Blue NBA Basketball Large #Jersey http://t.co/eJHBayoofN #BestSeller #Deals
Sat May 09 16:34:41 +0000 2015,#NBA #Magic NEW Old Stock 1990s #OrlandoMagic Champion NBA #TShirt XL http://t.co/C33HqcqujV #Bargains #Forsale
Sat May 09 16:34:40 +0000 2015,#Basketball #Magic Vintage #OrlandoMagic White SGA Screenprinted JJ Redick Youth Large #Jersey http://t.co/WgIJa83LXQ #Auction #Cheap
Sat May 09 16:34:39 +0000 2015,#NBA 1994-95 Upper Deck #228 Anfernee Hardaway #OrlandoMagic S16302 http://t.co/MZXhVR6SyP #Card #Cards
Sat May 09 16:31:13 +0000 2015,L L #NBA tracy mcgrady #OrlandoMagic #Jersey #BestSeller #Deals http://t.co/VkcIkfkNGW
Sat May 09 16:20:10 +0000 2015,L #NBA LOT OF 7 DIFFERENT - #ShaquilleONeal - #OrlandoMagic - HOF #Card #Cards http://t.co/OtnF1YC16d
Sat May 09 16:17:40 +0000 2015,#NBA 2014-15 Donruss #161 Maurice Harkless - #OrlandoMagic http://t.co/8JEUQsEzbl #Card #Cards
Sat May 09 16:17:39 +0000 2015,#NBA #Magic Anfernee "Penny" Hardaway #OrlandoMagic Swingman #Jersey Vintage, Men size M, NWT http://t.co/P1kImwZtm5 #Bargains #Forsale
Sat May 09 16:17:39 +0000 2015,#Basketball #Magic #OrlandoMagic Adidas NBA Striped/Black Structured #Snapback #Hat Cap OSFA http://t.co/2te6rjr4sc #Auction #Cheap
Sat May 09 16:17:38 +0000 2015,#NBA Vintage Champion #OrlandoMagic Shaquille Shaq O'Neal #Jersey Mens 44 NBA http://t.co/g9HDlyFZK3 #BestSeller #Deals
Sat May 09 16:08:37 +0000 2015,L #NBA #Magic REEBOK #OrlandoMagic TRACY McGRADY #Basketball #Jersey SIZE 3XL Mens #Bargains #Forsale http://t.co/NbDxQMe2uR
Sat May 09 16:01:39 +0000 2015,#NBA Vintage #OrlandoMagic White SGA Screenprinted JJ Redick Youth Large #Jersey http://t.co/b2balqej00 #BestSeller #Deals
Sat May 09 16:01:38 +0000 2015,#NBA 1995 Skybox Focused Emotion Anfernee Hardaway #69 #OrlandoMagic Mint http://t.co/wmJ2kmvgqQ #Card #Cards
Sat May 09 16:01:37 +0000 2015,#NBA #Magic #OrlandoMagic Adidas NBA Striped/Black Structured #Snapback #Hat Cap OSFA http://t.co/1ZkPIj6vPl #Bargains #Forsale
Sat May 09 16:01:36 +0000 2015,#Basketball #Magic NEW Old Stock 1990s #OrlandoMagic Champion NBA #TShirt XL http://t.co/d0ZMSTdn0v #Auction #Cheap
Sat May 09 15:58:20 +0000 2015,L L L #Basketball #Magic #OrlandoMagic NBA Pull Over Sweatshirt - Gray with Logo - Men's XL #Auction #Cheap http://t.co/kn4RFq6wRO
Sat May 09 15:52:13 +0000 2015,L #NBA tracy mcgrady #OrlandoMagic #Jersey #BestSeller #Deals http://t.co/hShpXKvEHj
Sat May 09 15:46:17 +0000 2015,#NBA LOT OF 7 DIFFERENT - #ShaquilleONeal - #OrlandoMagic - HOF http://t.co/w2qOtGA8bs #Card #Cards
Sat May 09 15:46:16 +0000 2015,#NBA Reebok Boys Tracy McGrady #OrlandoMagic NBA Basketball #Jersey Gray Sz Youth L http://t.co/cCoUAcA8Pi #BestSeller #Deals
Sat May 09 15:46:15 +0000 2015,#NBA #Magic Vtg 90s Shaquille O'neal Shaq #OrlandoMagic #32 Champion #Jersey 44 L USA NBA http://t.co/SsL9G1pCzd #Bargains #Forsale
Sat May 09 15:46:15 +0000 2015,#Basketball #Magic Reebok Boys Tracy McGrady #OrlandoMagic NBA Basketball #Jersey Gray Sz Youth L http://t.co/N8432rg5cU #Auction #Cheap
Sat May 09 15:33:07 +0000 2015,L #NBA Nike Tracy Mcgrady #OrlandoMagic #Jersey Sz 2 XL #BestSeller #Deals http://t.co/Kbb20QwPtE
Sat May 09 15:29:07 +0000 2015,#NBA #Magic REEBOK #OrlandoMagic TRACY McGRADY #Basketball #Jersey SIZE 3XL Mens http://t.co/K1yq4YkfuC #Bargains #Forsale
Sat May 09 15:29:07 +0000 2015,#Basketball #Magic Nike Tracy Mcgrady #OrlandoMagic #Jersey Sz 2 XL http://t.co/XZGfB5L1DF #Auction #Cheap
Sat May 09 15:29:06 +0000 2015,#NBA Penny Hardaway # 1 NBA Practice #Jersey Size 52 Champion Brand #OrlandoMagic http://t.co/aCOnNnLw56 #BestSeller #Deals
Sat May 09 15:27:06 +0000 2015,L L L #NBA #Magic #OrlandoMagic Dwight Howard #12 Swingman #Jersey - Black - Boy's Large (14-16) #Bargains #Forsale http://t.co/N80B04AvQc
Sat May 09 15:22:15 +0000 2015,L L #Basketball #Magic #OrlandoMagic NBA Pull Over Sweatshirt - Gray with Logo - Men's XL #Auction #Cheap http://t.co/SqAIrDG40d
Sat May 09 15:15:07 +0000 2015,L #NBA Vtg 90s Shaquille O'neal Shaq #OrlandoMagic #32 Champion #Jersey 44 L USA NBA #BestSeller #Deals http://t.co/dcu0cGLaO3
Sat May 09 15:13:22 +0000 2015,#NBA tracy mcgrady #OrlandoMagic #Jersey http://t.co/JZW2vBstgT #BestSeller #Deals
Sat May 09 15:13:21 +0000 2015,#NBA Anfernee Penny Hardaway NBA 2 NM rookie card lot 1993-94 #OrlandoMagic http://t.co/HS1CMTLkPA #Card #Cards
Sat May 09 15:13:21 +0000 2015,#NBA #Magic Nike Tracy Mcgrady #OrlandoMagic #Jersey Sz 2 XL http://t.co/7yMDZzG7up #Bargains #Forsale
Sat May 09 15:13:20 +0000 2015,#Basketball #Magic REEBOK #OrlandoMagic TRACY McGRADY BASKETBALL #Jersey SIZE 3XL Mens http://t.co/LfRM4THapd #Auction #Cheap
Sat May 09 14:57:05 +0000 2015,#NBA Nike Tracy Mcgrady #OrlandoMagic #Jersey Sz 2 XL http://t.co/5djfG3suMh #BestSeller #Deals
Sat May 09 14:56:39 +0000 2015,#NBA 2005-06 Topps CHROME Grant Hill #1 #OrlandoMagic Mint http://t.co/whGF0VUgbm #Card #Cards
Sat May 09 14:56:38 +0000 2015,#NBA #Magic VTG Champion Shaquille O'Neal #OrlandoMagic #32 NBA #Jersey Blue Boys Medium http://t.co/IFsMSe5OgX #Bargains #Forsale
Sat May 09 14:56:38 +0000 2015,#Basketball #Magic tracy mcgrady #OrlandoMagic #Jersey http://t.co/IvBRI8LRh5 #Auction #Cheap
Sat May 09 14:49:37 +0000 2015,L L #NBA #Magic #OrlandoMagic Dwight Howard #12 Swingman #Jersey - Black - Boy's Large (14-16) #Bargains #Forsale http://t.co/KhmrdJPhni
Sat May 09 14:43:44 +0000 2015,L #Basketball #Magic #OrlandoMagic NBA Pull Over Sweatshirt - Gray with Logo - Men's XL #Auction #Cheap http://t.co/zFdJP805v2
Sat May 09 14:40:36 +0000 2015,#NBA Vtg 90s Shaquille O'neal Shaq #OrlandoMagic #32 Champion #Jersey 44 L USA NBA http://t.co/VBro9TuHJT #BestSeller #Deals
Sat May 09 14:40:36 +0000 2015,#NBA 2002-03 Topps #50 Tracy Mcgrady AWESOME CARD! #OrlandoMagic http://t.co/n7LId46w2F #Card #Cards
Sat May 09 14:40:35 +0000 2015,#NBA #Magic tracy mcgrady #OrlandoMagic #Jersey http://t.co/fAJ9fdEjHq #Bargains #Forsale
Sat May 09 14:40:34 +0000 2015,#Basketball #Magic Vtg 90s Shaquille O'neal Shaq #OrlandoMagic #32 Champion #Jersey 44 L USA NBA http://t.co/bnveN4B6zG #Auction #Cheap
Sat May 09 14:37:19 +0000 2015,L L L A #Basketball #Magic Anfernee Hardaway Champion #OrlandoMagic Pinstripe #Jersey sz 40 #Auction #Cheap http://t.co/u7f6heQfl5
Sat May 09 14:31:35 +0000 2015,L #NBA #Magic #OrlandoMagic NBA Pull Over Sweatshirt - Gray with Logo - Men's XL #Bargains #Forsale http://t.co/rkSDlgbOLJ
Sat May 09 14:26:59 +0000 2015,#NBA #OrlandoMagic - Orlando Magic NBA Pro Player Nylon Snap Front  Lined Jacket  Black... http://t.co/TBT3nU8v4o http://t.co/k33Sm3HFUt
Sat May 09 14:26:59 +0000 2015,#NBA #OrlandoMagic - Orlando Magic Dwight Howard #12 Swingman Jersey - Black - Boy's La... http://t.co/PcLlvtaxrb http://t.co/k33Sm3HFUt
Sat May 09 14:26:59 +0000 2015,#NBA #OrlandoMagic - Orlando Magic NBA Pull Over Sweatshirt - Gray with Logo - Men's XL... http://t.co/7YFZHI5u2a http://t.co/k33Sm3HFUt
Sat May 09 14:26:59 +0000 2015,#NBA #OrlandoMagic - Adidas 3 Stripes Orlando Magic Basketball Track Jacket - Black - M... http://t.co/GhpYMOCI30 http://t.co/k33Sm3HFUt
Sat May 09 14:26:58 +0000 2015,#NBA #OrlandoMagic - Orlando Magic Dwight Howard #12 Swingman Jersey - Blue - Boy's XL ... http://t.co/2PSXXeFDV1 http://t.co/k33Sm3HFUt
Sat May 09 14:25:07 +0000 2015,#NBA #OrlandoMagic #Jersey White Authentic #1 McGrady http://t.co/ekVjEcvMzn #BestSeller #Deals
Sat May 09 14:25:07 +0000 2015,#NBA #Magic #OrlandoMagic Dwight Howard #12 Swingman #Jersey - Blue - Boy's XL (18-20) http://t.co/GX3BUxgOIz #Bargains #Forsale
Sat May 09 14:25:06 +0000 2015,#Basketball #Magic #OrlandoMagic Dwight Howard #12 Swingman #Jersey - Blue - Boy's XL (18-20) http://t.co/Z2EtnyXRu7 #Auction #Cheap
Sat May 09 14:18:13 +0000 2015,L A #NBA Nikola Vucevic Franchise Favorites #OrlandoMagic Prestige 2014-15 #Card #Cards http://t.co/FFLl7WABZT
Sat May 09 14:13:13 +0000 2015,L #NBA #Magic #OrlandoMagic Dwight Howard #12 Swingman #Jersey - Black - Boy's Large (14-16) #Bargains #Forsale http://t.co/u9VZAYyef4
Sat May 09 14:08:02 +0000 2015,#OrlandoMagic #Orlando #gomagic #Magic Magic relocate Pat Williams for 2015 NBA Draft Lottery, according to re.. http://t.co/0eB1iwYnmD
Sat May 09 14:07:12 +0000 2015,#NBA #Magic #OrlandoMagic Dwight Howard #12 Swingman NWT #Jersey Blue w/ Logos Men's XL http://t.co/LO3uereUM5 #Bargains #Forsale
Sat May 09 14:07:11 +0000 2015,#Basketball #Magic #OrlandoMagic NBA Pull Over Sweatshirt - Gray with Logo - Men's XL http://t.co/AVxKxnhktY #Auction #Cheap
Sat May 09 14:07:11 +0000 2015,#NBA #OrlandoMagic Dwight Howard #12 Swingman #Jersey - Black - Boy's Large (14-16) http://t.co/bWxqXegTIe #BestSeller #Deals
Sat May 09 13:58:36 +0000 2015,L L A #Basketball #Magic Anfernee Hardaway Champion #OrlandoMagic Pinstripe #Jersey sz 40 #Auction #Cheap http://t.co/KDELAbLi6p
