Sat May 09 18:18:23 +0000 2015,#Indianapolis sports superfan Paul, 8, showing off his swag. #pacers #IndyFuel @IndyFuel @Pacers http://t.co/viMVwdkudW
Sat May 09 18:12:10 +0000 2015,#Collectible #Buzz #NBA #Adidas INDIANA #Pacers DANNY GRANGER YOUTH LARGE ROAD STITCHED #Jersey http://t.co/y2yfIYIrCo #Bestseller #Buy
Sat May 09 18:12:10 +0000 2015,#Sports #Goods Brand New Reggie Miller Indiana #Pacers #31 #Jersey Size S M L XL XXL http://t.co/wOx95LBv6X #Forsale #onsale
Sat May 09 18:12:09 +0000 2015,#NBA #Basketball NBA #Adidas INDIANA #Pacers DANNY GRANGER YOUTH LARGE ROAD STITCHED #Jersey http://t.co/y9oeCbRm0d #eBay #Auction
Sat May 09 18:12:02 +0000 2015,#IndianaPacers #Pacers #forum Inside the mind of the Grizzlies' Tony Allen [ESPN] http://t.co/ajWE3wL7W7
Sat May 09 18:07:13 +0000 2015,#IndianaPacers #Pacers #forum Let's say the Pacers magically win one of the top 3 spots in the draft http://t.co/ScnzQDuEKi
Sat May 09 18:05:12 +0000 2015,L #Collectible #Buzz MEN'S INDIANA #Pacers #NBA WARMUP #Jersey SIZE 3XL COLOR BLUE/YELLOW #Bestseller #Buy http://t.co/NUVyEtlwRj
Sat May 09 18:03:07 +0000 2015,RT @IndiPacers: Western Notes :D-League, Donovan, Williams http://t.co/6jBRu07ijO #Pacers #NBA
Sat May 09 17:58:09 +0000 2015,L #Sports #Goods INDIANA #Pacers #Adidas Full Zip Jacket Size XL Tall #Forsale #onsale http://t.co/yGht0MMqgN
Sat May 09 17:54:15 +0000 2015,#WeightLoss #Fit Three Reasons Why Hypnotherapy for Weight Loss Works http://t.co/pI7ORW4Up1 #Pacers #Healthy â€¦ http://t.co/ycx8OpL1mo
Sat May 09 17:53:07 +0000 2015,#WeightLoss #Fit Three Reasons Why Hypnotherapy for Weight Loss Works http://t.co/uVCPdfaRrg #Pacers #Healthy
Sat May 09 17:52:22 +0000 2015,L #NBA #Basketball #Nike Indiana #Pacers Men's Basketball #Jersey #7 Jermaine O'neal size XXL 2XL #eBay #Auction http://t.co/hQcHltEYnn
Sat May 09 17:50:04 +0000 2015,Western Notes :D-League, Donovan, Williams http://t.co/6jBRu07ijO #Pacers #NBA
Sat May 09 17:49:35 +0000 2015,Paul George Poses with Bass, Says He Won a Fishing Tournament| http://t.co/Gk6pGONeck #pacers
Sat May 09 17:45:07 +0000 2015,L B #Sports #Goods Indiana #Pacers Para Cord Survival Bracelet "Cobra Weave" with charm #Forsale #onsale http://t.co/kv9CR0D8Ua
Sat May 09 17:42:13 +0000 2015,http://t.co/EEkB0NdMH9: Atlanta Hawks vs Indiana Pacers... http://t.co/RfIGgTtVTr #atlanta #hawks #highlights #indiana #pacers #playoffs
Sat May 09 17:39:09 +0000 2015,L B #NBA #Basketball Indiana #Pacers Para Cord Survival Bracelet "Cobra Weave" with charm #eBay #Auction http://t.co/7MgJEfqR0a
Sat May 09 17:38:11 +0000 2015,#WeightLoss #Fit How to Speed Up Your Metabolism Without Exercise http://t.co/d2ihrgfgsF #Pacers #Healthy
Sat May 09 17:36:59 +0000 2015,NBA: Indiana #Pacers' Offseason Questions Go Beyond Paul George - http://t.co/w4mtKQCpx4
Sat May 09 17:33:08 +0000 2015,L #Sports #Goods 36 Panini 2013 #NBA Indiana #Pacers and 150 Mini Stickers #Forsale #onsale http://t.co/a8Jpg8SbGb
Sat May 09 17:26:55 +0000 2015,Check out this item in my Etsy shop https://t.co/CooP4RtjPz #bottlecap #NBA #pistons #Lakers #mavericks #nets #heat #pacers #basketball
Sat May 09 17:26:13 +0000 2015,L #NBA #Basketball INDIANA #Pacers #Adidas Full Zip Jacket Size XL Tall #eBay #Auction http://t.co/dpFdJjxiUZ
Sat May 09 17:24:39 +0000 2015,http://t.co/lcd6IZhCv1: Charlotte Hornets vs Indiana Pacers... http://t.co/GcQZYTHH1K #charlotte #hornets #indiana #pacers #streaming
Sat May 09 17:23:36 +0000 2015,#NBA #Basketball 36 Panini 2013 NBA Indiana #Pacers and 150 Mini Stickers http://t.co/8lnF8j37Te #eBay #Auction
Sat May 09 17:22:27 +0000 2015,#WeightLoss #Fit The Top Weight Loss Program Is a Healthy Weight Loss Program - Here's Why http://t.co/0QlPpxw4Bv #Pacers #Healthy
Sat May 09 17:20:10 +0000 2015,L L L #Sports #Goods INDIANA #Pacers #Adidas Long Sleeve WARM UP Shirt #Jersey AUTHENTIC #NBA Blue Large #Forsaleâ€¦ http://t.co/ODSAQYdX1D
Sat May 09 17:20:03 +0000 2015,2015 Prospect Profile Series http://t.co/y97tpB7oK2 #Pacers #NBA
Sat May 09 17:14:38 +0000 2015,Pase largo de @LScola4 y conversiÃ³n de Paul George para los #Pacers: https://t.co/nPgrJhhZQQ #BuenSabado
Sat May 09 17:14:37 +0000 2015,http://t.co/gGx2yAbTLR Hawks-Wizards: Game 3 Preview  #Pacers http://t.co/O6VQc0ZIN0
Sat May 09 17:14:33 +0000 2015,Reggie Recalls His Eight Points in Nine Seconds| http://t.co/WqW77gwzIS #pacers
Sat May 09 17:13:37 +0000 2015,L L L #NBA #Basketball INDIANA #Pacers #Adidas Long Sleeve WARM UP Shirt #Jersey AUTHENTIC NBA Blue Large #eBayâ€¦ http://t.co/zDuuPX0Ybl
Sat May 09 17:12:05 +0000 2015,Appearance at Monument Circle #Fever #DowntownIndy #Pacers #BoomBabies ðŸ”¥ðŸ’™ðŸŒ† http://t.co/K5toSYzHQn
Sat May 09 17:08:06 +0000 2015,#IndianaPacers #Pacers #forum Warriors-Grizzlies Preview (Yahoo Sports) [Y! Sports] http://t.co/dpEejUFy22
Sat May 09 17:07:13 +0000 2015,L L #NBA #Basketball Indiana #Pacers + Philadelphia 76ers (NBA) basketball pins (retro logos) #eBay #Auction http://t.co/yNtESRkqP6
Sat May 09 17:07:12 +0000 2015,#Collectible #Buzz INDIANA #Pacers #Adidas Full Zip Jacket Size XL Tall http://t.co/ki7vZ0bpre #Bestseller #Buy
Sat May 09 17:07:11 +0000 2015,#Sports #Goods MEN'S INDIANA #Pacers #NBA WARMUP #Jersey SIZE 3XL COLOR BLUE/YELLOW http://t.co/ea8jbe5nu8 #Forsale #onsale
Sat May 09 17:07:10 +0000 2015,#NBA #Basketball MEN'S INDIANA #Pacers NBA WARMUP #Jersey SIZE 3XL COLOR BLUE/YELLOW http://t.co/dYYS6DdCuM #eBay #Auction
Sat May 09 17:06:28 +0000 2015,http://t.co/46hY4vYLoz SHOT GLASS TALL 4" CLEAR INDIANA PACERS BASKETBALL LOGO SHOOTER #Pacers http://t.co/J3cHBk3viz
Sat May 09 17:05:42 +0000 2015,#WeightLoss #Fit How to Make Your Fat-Burning Supplements More Effective http://t.co/jXnfFCDQjG #Pacers #Healthy
Sat May 09 16:53:23 +0000 2015,RT @pacers_fans10: Kravitz :Pacers' many advantages leave Magic grasping| http://t.co/3NFMIr3zwm #pacers
Sat May 09 16:51:14 +0000 2015,#Collectible #Buzz MEN'S INDIANA #Pacers #NBA WARMUP #Jersey SIZE 3XL COLOR BLUE/YELLOW http://t.co/b1URU9WO01 #Bestseller #Buy
Sat May 09 16:51:14 +0000 2015,#Sports #Goods INDIANA #Pacers #Adidas Full Zip Jacket Size XL Tall http://t.co/mBKHJDisdn #Forsale #onsale
Sat May 09 16:51:13 +0000 2015,#NBA #Basketball #Nike Indiana #Pacers Men's Basketball #Jersey #7 Jermaine O'neal size XXL 2XL http://t.co/pnq2qtqtd1 #eBay #Auction
Sat May 09 16:49:47 +0000 2015,L L L #Sports #Goods Indiana #Pacers Para Cord Survival Bracelet "Cobra Weave" with charm #Forsale #onsale http://t.co/uU4Ja4uTJY
Sat May 09 16:49:44 +0000 2015,#WeightLoss #Fit Plexus Slim and Accelerator http://t.co/5mY2PBzb05 #Pacers #Healthy
Sat May 09 16:44:40 +0000 2015,L L L #NBA #Basketball Indiana #Pacers Para Cord Survival Bracelet "Cobra Weave" with charm #eBay #Auction http://t.co/3cKJsRA3Zj
Sat May 09 16:44:01 +0000 2015,@OurPacers Congrats, top of #pacers! Unroll.Me can simplify your email's inbox. http://t.co/76NfmmP1Ld
Sat May 09 16:39:31 +0000 2015,Kravitz :Pacers' many advantages leave Magic grasping| http://t.co/3NFMIr3zwm #pacers
Sat May 09 16:34:47 +0000 2015,#Collectible #Buzz 36 Panini 2013 #NBA Indiana #Pacers and 150 Mini Stickers http://t.co/rN9yujQybN #Bestseller #Buy
Sat May 09 16:34:46 +0000 2015,#Sports #Goods 36 Panini 2013 #NBA Indiana #Pacers and 150 Mini Stickers http://t.co/W4ZRsEL7A0 #Forsale #onsale
Sat May 09 16:34:46 +0000 2015,#NBA #Basketball INDIANA #Pacers #Adidas Full Zip Jacket Size XL Tall http://t.co/ZryhiQfmXb #eBay #Auction
Sat May 09 16:33:11 +0000 2015,L #Sports #Goods NEW #Adidas #NBA Indiana #Pacers #33 Danny Granger Navy Blue Player XL T-shirt #Forsale #onsale http://t.co/ajdo9d9Fs7
Sat May 09 16:27:07 +0000 2015,L #NBA #Basketball NEW #Adidas NBA Indiana #Pacers #33 Danny Granger Navy Blue Player XL T-shirt #eBay #Auction http://t.co/NOCJUKBQNi
Sat May 09 16:22:22 +0000 2015,L L #Sports #Goods INDIANA #Pacers #Adidas Long Sleeve WARM UP Shirt #Jersey AUTHENTIC #NBA Blue Large #Forsaleâ€¦ http://t.co/KndvIdFp95
Sat May 09 16:16:22 +0000 2015,L L #NBA #Basketball INDIANA #Pacers #Adidas Long Sleeve WARM UP Shirt #Jersey AUTHENTIC NBA Blue Large #eBayâ€¦ http://t.co/UQA7ri61PP
Sat May 09 16:15:59 +0000 2015,http://t.co/gGx2yAbTLR Extra Stuff: Wiggins  #Pacers http://t.co/SWFh0gP3Gd
Sat May 09 16:05:40 +0000 2015,RT @PacersCares: It's @LScola4 at the #Pacers tent from 12-1!  #500KidsDay http://t.co/6PZFdIHeU9
Sat May 09 16:05:13 +0000 2015,L L B #Collectible #Buzz #NBA Indiana #Pacers Jermaine O'Neal #Nike retro rewind style #Basketballâ€¦ #Bestseller #Buy http://t.co/f1tWLTn7Xo
Sat May 09 16:04:29 +0000 2015,George Hill finds the motivation to improve his game and the Pacers at home in the Fieldhouse| http://t.co/fqzjLzwqA0 #pacers
Sat May 09 16:02:00 +0000 2015,It's @LScola4 at the #Pacers tent from 12-1!  #500KidsDay http://t.co/6PZFdIHeU9
Sat May 09 15:58:41 +0000 2015,L #Collectible #Buzz Indiana #Pacers + Philadelphia 76ers (#NBA) #Basketball pins (retro logos) #Bestseller #Buy http://t.co/uBqJzCJnzj
Sat May 09 15:52:27 +0000 2015,L #Sports #Goods Indiana #Pacers + Philadelphia 76ers (#NBA) #Basketball pins (retro logos) #Forsale #onsale http://t.co/WSpOlWeEHW
Sat May 09 15:46:11 +0000 2015,L #NBA #Basketball Indiana #Pacers + Philadelphia 76ers (NBA) basketball pins (retro logos) #eBay #Auction http://t.co/W0SEuLmmHP
Sat May 09 15:42:26 +0000 2015,http://t.co/4uZv0Nh2jc L C #Sports #Goods INDIANA #Pacers "#Adidas" (PAUL GEORGE #24) SWINGMAN #Jersey (2XL) NW â€¦ http://t.co/XyaIPtsdQ5
Sat May 09 15:40:24 +0000 2015,L C #Sports #Goods INDIANA #Pacers "#Adidas" (PAUL GEORGE #24) SWINGMAN #Jersey (2XL) NW /TAGSAMAZING #Forsaleâ€¦ http://t.co/t5ZFOIWSZ0
Sat May 09 15:29:27 +0000 2015,8.9 Seconds that Created a Legend and Changed Lives| http://t.co/G4bRtLFSvV #pacers
Sat May 09 15:27:41 +0000 2015,L #NBA #Basketball Vtg Kids INDIANA #Pacers #Jersey Youth S/M Jermaine O'Neal #7 White/Yellow Retro #eBay #Auction http://t.co/cyPtd92h9X
Sat May 09 15:22:16 +0000 2015,L L #Collectible #Buzz Indiana #Pacers Para Cord Survival Bracelet "Cobra Weave" with charm #Bestseller #Buy http://t.co/QHOWapXV7U
Sat May 09 15:17:55 +0000 2015,RT @OurPacers: http://t.co/gGx2yAbTLR Inside Stuff: Paul and Paulette Georger  #Pacers http://t.co/XBIaywGqHS
Sat May 09 15:16:27 +0000 2015,L L #Sports #Goods Indiana #Pacers Para Cord Survival Bracelet "Cobra Weave" with charm #Forsale #onsale http://t.co/Xb6E29dlaG
Sat May 09 15:11:18 +0000 2015,http://t.co/gGx2yAbTLR Inside Stuff: Paul and Paulette Georger  #Pacers http://t.co/XBIaywGqHS
Sat May 09 15:09:43 +0000 2015,Pacers Help Wanted :Calling All Shooters| http://t.co/jIa8Q6nEja #pacers
Sat May 09 15:08:46 +0000 2015,L L #NBA #Basketball Indiana #Pacers Para Cord Survival Bracelet "Cobra Weave" with charm #eBay #Auction http://t.co/ctVKLfuH4k
Sat May 09 15:02:49 +0000 2015,L C #Collectible #Buzz Signed Roy Hibbert #Jersey - Authentic #Adidas Indiana #Pacers #Jersey #Bestseller #Buy http://t.co/UwaBVP7KVI
Sat May 09 14:59:20 +0000 2015,Nice, @EU_Jamaica! You're top of #pacers! Tired of your inbox being full of junk? Try Unroll.Me http://t.co/76NfmmP1Ld
Sat May 09 14:58:33 +0000 2015,@PROCommJA @souldancing we participate in Olympic spirit - we could not beat #Pacers or @JamdammersClub  #EuropeDay  https://t.co/sXTGXypEZT
Sat May 09 14:57:08 +0000 2015,#Collectible #Buzz NEW #Adidas #NBA Indiana #Pacers #33 Danny Granger Navy Blue Player XL T-shirt http://t.co/H8AvnAwb3t #Bestseller #Buy
Sat May 09 14:57:07 +0000 2015,#Sports #Goods NEW #Adidas #NBA Indiana #Pacers #33 Danny Granger Navy Blue Player XL T-shirt http://t.co/rjZnwkknnw #Forsale #onsale
Sat May 09 14:57:06 +0000 2015,#NBA #Basketball NEW #Adidas NBA Indiana #Pacers #33 Danny Granger Navy Blue Player XL T-shirt http://t.co/65Yq46uJ9H #eBay #Auction
Sat May 09 14:56:44 +0000 2015,L #Sports #Goods INDIANA #Pacers #Adidas Long Sleeve WARM UP Shirt #Jersey AUTHENTIC #NBA Blue Large #Forsaleâ€¦ http://t.co/fpIXbViXJo
Sat May 09 14:49:34 +0000 2015,L #NBA #Basketball INDIANA #Pacers #Adidas Long Sleeve WARM UP Shirt #Jersey AUTHENTIC NBA Blue Large #eBay #Auction http://t.co/YbZhOLdJ5X
Sat May 09 14:45:43 +0000 2015,#WeightLoss #Fit How to Lose Belly Fat Without Equipment http://t.co/ZBccZUxSAZ #Pacers #Healthy â€¦ http://t.co/NvAMQHroz3
Sat May 09 14:45:11 +0000 2015,Solomon Hill Clowns George Hillâ€™s Blonde Haircut http://t.co/2WTqTvNufW #Pacers #NBA
Sat May 09 14:44:35 +0000 2015,#WeightLoss #Fit How to Lose Belly Fat Without Equipment http://t.co/eKyMYkslcK #Pacers #Healthy
Sat May 09 14:43:35 +0000 2015,L B #Collectible #Buzz #NBA Indiana #Pacers Jermaine O'Neal #Nike retro rewind style #Basketballâ€¦ #Bestseller #Buy http://t.co/24hUucKW3W
Sat May 09 14:40:42 +0000 2015,#Collectible #Buzz Indiana #Pacers + Philadelphia 76ers (#NBA) #Basketball pins (retro logos) http://t.co/Wjf2XoaEMU #Bestseller #Buy
Sat May 09 14:40:41 +0000 2015,#Sports #Goods Indiana #Pacers + Philadelphia 76ers (#NBA) #Basketball pins (retro logos) http://t.co/bA53rmmWjr #Forsale #onsale
Sat May 09 14:40:41 +0000 2015,#NBA #Basketball Indiana #Pacers + Philadelphia 76ers (NBA) basketball pins (retro logos) http://t.co/EGxJptwogL #eBay #Auction
Sat May 09 14:37:21 +0000 2015,L L B #Sports #Goods INDIANA #Pacers "#Adidas" (PAUL GEORGE #24) SWINGMAN #Jersey (2XL) NW /TAGSAMAZING #Forsaleâ€¦ http://t.co/7AJ9p0Tgiy
Sat May 09 14:34:41 +0000 2015,You Can Never Write Off Reggie Miller| http://t.co/ytmoVgIlWr #pacers
Sat May 09 14:31:12 +0000 2015,Boom Baby//#500festival #Boomer #pacers #visionworks @ Monument Circle/ Civil War https://t.co/FsAEy8Ki1G
Sat May 09 14:25:22 +0000 2015,L L #NBA #Basketball Indiana #Pacers #Adidas Graphic NBA Basketball #Jersey Large O'Neal #eBay #Auction http://t.co/Y3ZLxlhAxG
Sat May 09 14:25:21 +0000 2015,#Collectible #Buzz Vtg Kids INDIANA #Pacers #Jersey Youth S/M Jermaine O'Neal #7 White/Yellow Retro http://t.co/9MSNhhotW3 #Bestseller #Buy
Sat May 09 14:25:21 +0000 2015,#Sports #Goods Vtg Kids INDIANA #Pacers #Jersey Youth S/M Jermaine O'Neal #7 White/Yellow Retro http://t.co/frOhlCuCNF #Forsale #onsale
Sat May 09 14:25:21 +0000 2015,#NBA #Basketball Vtg Kids INDIANA #Pacers #Jersey Youth S/M Jermaine O'Neal #7 White/Yellow Retro http://t.co/011oyhxyUp #eBay #Auction
Sat May 09 14:18:08 +0000 2015,L #Collectible #Buzz Indiana #Pacers Para Cord Survival Bracelet "Cobra Weave" with charm #Bestseller #Buy http://t.co/vKGXsrEdFD
Sat May 09 14:12:09 +0000 2015,L #Sports #Goods Indiana #Pacers Para Cord Survival Bracelet "Cobra Weave" with charm #Forsale #onsale http://t.co/2HV5D3oCLc
Sat May 09 14:12:05 +0000 2015,http://t.co/gGx2yAbTLR Rockets vs. Clippers Game 3  #Pacers http://t.co/Bhta1J9v2x
Sat May 09 14:07:13 +0000 2015,L #NBA #Basketball Indiana #Pacers Para Cord Survival Bracelet "Cobra Weave" with charm #eBay #Auction http://t.co/dyDJcFDgUJ
Sat May 09 13:59:39 +0000 2015,Lakers / Heat Stoke NBA '12-13| http://t.co/FEnoREDftO #pacers
