Sat May 09 18:12:10 +0000 2015,#Collectible #Buzz DETROIT #Pistons TEAM LOGO #NBA LIFE SIZE *FATHEAD* BRAND NEW IN BOX 14214-3 http://t.co/Il2Lym6HgG #eBay #Auction
Sat May 09 18:12:10 +0000 2015,#NBA #Basketball DETROIT #Pistons TEAM LOGO NBA LIFE SIZE *FATHEAD* BRAND NEW IN BOX 14214-3 http://t.co/dJxUphuNzx #Sales #Discount
Sat May 09 18:12:09 +0000 2015,#Detroit #Pistons Adidas Swingman NBA Jersey Pistons Iverson White Size XXL http://t.co/CEkWeey2ZR #NBA #Great #Deals
Sat May 09 18:12:08 +0000 2015,L L L #Collectible #Buzz Richard Hamilton Detroit #Pistons #NBA Reebok #Jersey NWOT Boys L (14-16) #eBay #Auction http://t.co/aD06X0pUi4
Sat May 09 18:07:19 +0000 2015,#Solution #Fitness doctor_oz published Best and Fastest Weight Loss only with Garcinia Cambogia ... http://t.co/c5se2kwJmg #Pistons #Skinny
Sat May 09 18:05:10 +0000 2015,L B #NBA #Basketball Chauncey Billups Detroit #Pistons NBA Adidas Swingman Pro Cut #Jersey #Sales #Discount http://t.co/peVsEbi4vx
Sat May 09 17:58:15 +0000 2015,L #Collectible #Buzz VINTAGE, Isiah Thomas, Detroit #Pistons Tank Top #Jersey by STARTER, Large 42-44 #eBay #Auction http://t.co/IZjKNzOPE9
Sat May 09 17:55:42 +0000 2015,#Collectible #Buzz Detroit #Pistons Chauncey Billups Adidas #NBA Authentics #Basketball #Jersey… http://t.co/RpK75mgghD #eBay #Auction
Sat May 09 17:55:42 +0000 2015,#NBA #Basketball Vintage Grant Hill Detroit #Pistons NBA #Jersey-Adult 44-Champion http://t.co/hXwNJzp7FM #Sales #Discount
Sat May 09 17:55:41 +0000 2015,#Detroit #Pistons NBA Basketball Detroit Pistons Tayshaun Prince #22 Jersey Adult Large RBK… http://t.co/2pvnYM81aK #NBA #Great #Deals
Sat May 09 17:52:12 +0000 2015,L L #NBA #Basketball DETROIT #Pistons VINTAGE YOUTH PRACTICE #Jersey REVERSIBLE SIZE L NBA ALLESON #Sales #Discount http://t.co/PTwuBeU8Li
Sat May 09 17:52:12 +0000 2015,#Solution #Fitness Losing Weight From the Comfort of Your Own Home http://t.co/WApUjsgtaE #Pistons #Skinny
Sat May 09 17:49:30 +0000 2015,NBA roundup :Spurs crush Jazz, lead series 2-0| http://t.co/beu4aqKsyC #Pistons
Sat May 09 17:45:07 +0000 2015,L #Collectible #Buzz JONAS JEREBKO - Detroit #Pistons Mini Bobblehead SGA #eBay #Auction http://t.co/M3orjqWzoq
Sat May 09 17:40:13 +0000 2015,#Collectible #Buzz LOT OF 20-DETROIT #Pistons VINTAGE #NBA BUMPER STICKERS 3 X 12 WHOLESALE http://t.co/LurxHaOycP #eBay #Auction
Sat May 09 17:40:13 +0000 2015,#Detroit #Pistons Detroit Pistons Chauncey Billups Adidas NBA Authentics Basketball Jersey Medium http://t.co/LyHcg53WMA #NBA #Great #Deals
Sat May 09 17:40:12 +0000 2015,L #Detroit #Pistons JONAS JEREBKO - Detroit Pistons Mini Bobblehead SGA #NBA #Great #Deals http://t.co/SKbJTepYPJ
Sat May 09 17:35:17 +0000 2015,#Solution #Fitness The Top Weight Loss Program Is a Healthy Weight Loss Program - Here's Why http://t.co/aJhbydGzZW #Pistons #Skinny
Sat May 09 17:33:14 +0000 2015,L L #Collectible #Buzz DETROIT #Pistons VINTAGE YOUTH PRACTICE #Jersey REVERSIBLE SIZE L #NBA ALLESON #eBay #Auction http://t.co/gng5SKOH7f
Sat May 09 17:26:55 +0000 2015,Check out this item in my Etsy shop https://t.co/CooP4RtjPz #bottlecap #NBA #pistons #Lakers #mavericks #nets #heat #pacers #basketball
Sat May 09 17:26:21 +0000 2015,L #Collectible #Buzz #NBA Detroit #Pistons Billups #1 Mens #Jersey S Small LOOK #eBay #Auction http://t.co/bCgcnttxyS
Sat May 09 17:23:41 +0000 2015,#Collectible #Buzz Men's Vintage Champion #NBA Detroit #Pistons #33 Grant Hill #Jersey Size 48 http://t.co/d7WxBhLCay #eBay #Auction
Sat May 09 17:23:40 +0000 2015,#NBA #Basketball Detroit #Pistons Chauncey Billups Adidas NBA Authentics Basketball #Jersey Medium http://t.co/0yxdPFU8xY #Sales #Discount
Sat May 09 17:23:39 +0000 2015,#Detroit #Pistons VINTAGE, Isiah Thomas, Detroit Pistons Tank Top Jersey by STARTER, Large 42-44 http://t.co/57cILmg2Nd #NBA #Great #Deals
Sat May 09 17:21:02 +0000 2015,http://t.co/Nu5mqZnsfy NWT Men's size 6X NBA Basket Ball Elastic Waist Shorts Detroit #Pistons http://t.co/DMH4PTo3BP
Sat May 09 17:20:13 +0000 2015,L L #Collectible #Buzz Richard Hamilton Detroit #Pistons #NBA Reebok #Jersey NWOT Boys L (14-16) #eBay #Auction http://t.co/dgiKDZpiuv
Sat May 09 17:19:50 +0000 2015,Hoy #Basquet #NBA #Detroit #Pistons . https://t.co/ADHW4u8gel
Sat May 09 17:19:39 +0000 2015,#Solution #Fitness doctor_oz published Best and Fastest Weight Loss only with Garcinia Cambogia ... http://t.co/VfyzgSUG0v #Pistons #Skinny
Sat May 09 17:16:23 +0000 2015,RT @DetroitPistonsv: http://t.co/iUhK0tQiAN 2 TIX Golden State Warriors vs Detroit Pistons 03/11 ORACLE Arena Sect-228 http://t.co/YIDj5u3I…
Sat May 09 17:14:28 +0000 2015,Roster Report| http://t.co/Z9kZ7sVKa5 #Pistons
Sat May 09 17:13:36 +0000 2015,L L #NBA #Basketball Richard Hamilton Detroit #Pistons NBA Reebok #Jersey NWOT Boys L (14-16) #Sales #Discount http://t.co/TQNtjurXk5
Sat May 09 17:13:02 +0000 2015,RT @DetroitPistonsv: #Detroit #Pistons Tayshaun Prince Detroit Pistons NBA Adidas Jersey Boys Size M (10-12) http://t.co/Z8FKVnrXuq #NBA #G…
Sat May 09 17:11:27 +0000 2015,RT @TommyNewG: Detroit #Pistons Sign #JohnLucas III For Remainder Of The Season http://t.co/jJ7zuq7KJt
Sat May 09 17:11:27 +0000 2015,RT @DetroitPistonsv: http://t.co/iUhK0tQiAN 2 TIX Golden State Warriors vs Detroit Pistons 03/11 ORACLE Arena Sect-227 http://t.co/Hiu4b3c3…
Sat May 09 17:07:20 +0000 2015,L L L #NBA #Basketball Chauncey Billups Detroit #Pistons NBA Adidas Swingman Pro Cut #Jersey #Sales #Discount http://t.co/sY8TCE3j51
Sat May 09 17:07:19 +0000 2015,#Collectible #Buzz VINTAGE, Isiah Thomas, Detroit #Pistons Tank Top #Jersey by STARTER, Large 42-44 http://t.co/9Nwsfvptdf #eBay #Auction
Sat May 09 17:07:18 +0000 2015,#NBA #Basketball JONAS JEREBKO - Detroit #Pistons Mini Bobblehead SGA http://t.co/PBunvPPuqd #Sales #Discount
Sat May 09 17:07:18 +0000 2015,#Detroit #Pistons Detroit Pistons NBA T Shirt sz XL Drummond Jennings Billups EUC Basketball http://t.co/fy459oJDKB #NBA #Great #Deals
Sat May 09 17:03:08 +0000 2015,#Solution #Fitness Take This Quick Quiz To See If You're Ready To Lose Belly Fat http://t.co/ZkGFjXS7QZ #Pistons #Skinny
Sat May 09 17:01:36 +0000 2015,L L #Collectible #Buzz Vtg Detroit #Pistons #NBA Logo 7 Sweatshirt Teal Large Crewneck 90s Adult Mens #eBay #Auction http://t.co/4Ydv6qkHjb
Sat May 09 16:56:50 +0000 2015,#NBA #Pistons - JONAS JEREBKO - Detroit Pistons Mini Bobblehead  SGA:  $14.99End Date: ... http://t.co/ifTSm2dOA7 http://t.co/k33Sm3HFUt
Sat May 09 16:56:50 +0000 2015,#NBA #Pistons - Detroit Pistons NBA T Shirt sz XL Drummond Jennings Billups EUC Basketb... http://t.co/Ld0JOl4vzk http://t.co/k33Sm3HFUt
Sat May 09 16:55:12 +0000 2015,L #NBA #Basketball DETROIT #Pistons VINTAGE YOUTH PRACTICE #Jersey REVERSIBLE SIZE L NBA ALLESON #Sales #Discount http://t.co/MVzBle36HW
Sat May 09 16:53:29 +0000 2015,RT @FansPistons: Detroit Pistons Announce Pistons Academy Youth Basketball Summer Camp Schedule| http://t.co/LSbZWiSp4b #Pistons
Sat May 09 16:51:15 +0000 2015,#Collectible #Buzz JONAS JEREBKO - Detroit #Pistons Mini Bobblehead SGA http://t.co/pvnqEzAiI5 #eBay #Auction
Sat May 09 16:51:15 +0000 2015,#NBA #Basketball VINTAGE, Isiah Thomas, Detroit #Pistons Tank Top #Jersey by STARTER, Large 42-44 http://t.co/NnNBEzuJFK #Sales #Discount
Sat May 09 16:51:15 +0000 2015,#Detroit #Pistons JONAS JEREBKO - Detroit Pistons Mini Bobblehead SGA http://t.co/1bTnczoHys #NBA #Great #Deals
Sat May 09 16:47:15 +0000 2015,#Solution #Fitness What Do Dinosaurs, Weight Gain and Thumbtacks Have in Common? http://t.co/NIFgzs7YQ2 #Pistons #Skinny
Sat May 09 16:44:44 +0000 2015,L D #NBA #Basketball DETROIT #Pistons - HOOPER - MASCOT SNOW GLOBE - STADIUM GIVEAWAY #Sales #Discount http://t.co/sA49lz7lMd
Sat May 09 16:39:25 +0000 2015,Detroit Pistons Announce Pistons Academy Youth Basketball Summer Camp Schedule| http://t.co/LSbZWiSp4b #Pistons
Sat May 09 16:38:38 +0000 2015,L #Collectible #Buzz DETROIT #Pistons VINTAGE YOUTH PRACTICE #Jersey REVERSIBLE SIZE L #NBA ALLESON #eBay #Auction http://t.co/gYgnHwv7FY
Sat May 09 16:34:45 +0000 2015,#Collectible #Buzz #NBA Detroit #Pistons Billups #1 Mens #Jersey S Small LOOK http://t.co/QfpKY3eg4w #eBay #Auction
Sat May 09 16:34:44 +0000 2015,#NBA #Basketball LOT OF 20-DETROIT #Pistons VINTAGE NBA BUMPER STICKERS 3 X 12 WHOLESALE http://t.co/4zeL3bxKwp #Sales #Discount
Sat May 09 16:34:44 +0000 2015,#Detroit #Pistons LOT OF 20-DETROIT PISTONS VINTAGE NBA BUMPER STICKERS 3 X 12 WHOLESALE http://t.co/cGsx3250bV #NBA #Great #Deals
Sat May 09 16:33:11 +0000 2015,L L #Collectible #Buzz Chauncey Billups Detroit #Pistons #NBA Adidas Swingman Pro Cut #Jersey #eBay #Auction http://t.co/yeLGkTGNX3
Sat May 09 16:31:12 +0000 2015,#Solution #Fitness Things You Need to Do If You Want to Lose Weight Fast http://t.co/0XRi2ag7a3 #Pistons #Skinny
Sat May 09 16:27:25 +0000 2015,RT @Chapman1051: Busy day on @DSports1051: #Pistons Courtside Show at 11, then #Tigers/Royals @1, then postgame show from @hockeytowncafe w…
Sat May 09 16:27:12 +0000 2015,L #Collectible #Buzz Richard Hamilton Detroit #Pistons #NBA Reebok #Jersey NWOT Boys L (14-16) #eBay #Auction http://t.co/dtfu5B2DC3
Sat May 09 16:22:19 +0000 2015,L #NBA #Basketball Richard Hamilton Detroit #Pistons NBA Reebok #Jersey NWOT Boys L (14-16) #Sales #Discount http://t.co/tWyISBGlbT
Sat May 09 16:17:39 +0000 2015,#Collectible #Buzz Detroit #Pistons #NBA T Shirt sz XL Drummond Jennings Billups EUC #Basketball http://t.co/cg66ZSwQ0s #eBay #Auction
Sat May 09 16:17:39 +0000 2015,#NBA #Basketball Detroit #Pistons NBA T Shirt sz XL Drummond Jennings Billups EUC Basketball http://t.co/OMuocdvHZh #Sales #Discount
Sat May 09 16:17:39 +0000 2015,#Detroit #Pistons Men's Vintage Champion NBA Detroit PISTONS #33 Grant Hill Jersey Size 48 http://t.co/FYrWBw9nFL #NBA #Great #Deals
Sat May 09 16:16:41 +0000 2015,L L #NBA #Basketball Chauncey Billups Detroit #Pistons NBA Adidas Swingman Pro Cut #Jersey #Sales #Discount http://t.co/1MDkH2tt2T
Sat May 09 16:15:12 +0000 2015,#Solution #Fitness Time To Start Preparing For Your New Year's Resolution http://t.co/B2VvRHV58y #Pistons #Skinny
Sat May 09 16:05:42 +0000 2015,RT @DetroitPistons: Win passes to the #Pistons Draft Party, @hungryhowies for a year &amp; more in Pistons Fast Break! http://t.co/Wjn5rxc7l4 h…
Sat May 09 16:04:59 +0000 2015,L #Collectible #Buzz Vtg Detroit #Pistons #NBA Logo 7 Sweatshirt Teal Large Crewneck 90s Adult Mens #eBay #Auction http://t.co/CLyK2KZIrN
Sat May 09 16:04:52 +0000 2015,http://t.co/Nu5mqZnsfy SI Sports Illustrated May 9, 2005 5/9/05 Issue Ben Wallace Det #Pistons http://t.co/wpOuR27516
Sat May 09 16:04:15 +0000 2015,This will be here before you know it!!! register at http://t.co/5YDBb7CXRz NOW!!! #andre #drummond #pistons… https://t.co/akODNTtkcG
Sat May 09 16:02:44 +0000 2015,RT DetroitPistonsv: #Detroit #Pistons Detroit Pistons Encore Collectors Book 89 - 90 World Champs Detroit Free Pre… http://t.co/OYOzoLfH8R
Sat May 09 16:01:42 +0000 2015,#NBA #Basketball DETROIT #Pistons VINTAGE YOUTH PRACTICE #Jersey REVERSIBLE SIZE L NBA ALLESON http://t.co/RJW8nhA3si #Sales #Discount
Sat May 09 16:01:41 +0000 2015,#Detroit #Pistons Detroit Pistons Encore Collectors Book 89 - 90 World Champs Detroit Free Press http://t.co/sghL6rRh2f #NBA #Great #Deals
Sat May 09 15:59:09 +0000 2015,#Solution #Fitness Why Dieting Doesn't Work, Why You Put on Weight and Why Diets Are Bad for Your… http://t.co/BKye9mYRDp #Pistons #Skinny
Sat May 09 15:58:30 +0000 2015,L L L #Detroit #Pistons NIKE REWIND 1980 DETROIT PISTONS MEN'S BASKETBALL PANTS XL USED POLYESTER… #NBA #Great… http://t.co/ZV6QXN1KQL
Sat May 09 15:52:31 +0000 2015,L #Collectible #Buzz Vintage The Palace Detroit #Pistons #Basketball Vipers Large Popcorn Bowl EXC COND #eBay… http://t.co/MfDwlUJ3Tn
Sat May 09 15:47:28 +0000 2015,RT DetroitPistonsv: #Detroit #Pistons DETROIT PISTONS VINTAGE YOUTH PRACTICE JERSEY REVERSIBLE SIZE L NBA ALLESON … http://t.co/OYOzoLfH8R
Sat May 09 15:46:21 +0000 2015,L L C #NBA #Basketball DETROIT #Pistons - HOOPER - MASCOT SNOW GLOBE - STADIUM GIVEAWAY #Sales #Discount http://t.co/fCgGv7LLdW
Sat May 09 15:46:20 +0000 2015,#Collectible #Buzz DETROIT #Pistons VINTAGE YOUTH PRACTICE #Jersey REVERSIBLE SIZE L #NBA ALLESON http://t.co/xQU3wU918v #eBay #Auction
Sat May 09 15:46:19 +0000 2015,#NBA #Basketball Men's Vintage Champion NBA Detroit #Pistons #33 Grant Hill #Jersey Size 48 http://t.co/eonZ41Ds5G #Sales #Discount
Sat May 09 15:46:18 +0000 2015,#Detroit #Pistons DETROIT PISTONS VINTAGE YOUTH PRACTICE JERSEY REVERSIBLE SIZE L NBA ALLESON http://t.co/gimIdY4Iyh #NBA #Great #Deals
Sat May 09 15:40:30 +0000 2015,L L #Collectible #Buzz VTG Grant HILL Detroit #Pistons #NBA CHAMPION #Basketball #Jersey 48 XL #eBay #Auction http://t.co/FG2BgxlOex
Sat May 09 15:33:27 +0000 2015,L #Collectible #Buzz Chauncey Billups Detroit #Pistons #NBA Adidas Swingman Pro Cut #Jersey #eBay #Auction http://t.co/TEDINuYfga
Sat May 09 15:32:42 +0000 2015,RT DetroitPistonsv: #Detroit #Pistons Richard Hamilton Detroit Pistons NBA Reebok Jersey NWOT Boys L (14-16) … http://t.co/OYOzoLfH8R
Sat May 09 15:29:13 +0000 2015,#Collectible #Buzz Richard Hamilton Detroit #Pistons #NBA Reebok #Jersey NWOT Boys L (14-16) http://t.co/SVsMav6DQL #eBay #Auction
Sat May 09 15:29:13 +0000 2015,#NBA #Basketball Richard Hamilton Detroit #Pistons NBA Reebok #Jersey NWOT Boys L (14-16) http://t.co/08BGAEmEc2 #Sales #Discount
Sat May 09 15:29:12 +0000 2015,#Solution #Fitness Natural Fat Burners For Effective Fat Loss http://t.co/JIoa55yzN5 #Pistons #Skinny
Sat May 09 15:29:11 +0000 2015,#Detroit #Pistons Richard Hamilton Detroit Pistons NBA Reebok Jersey NWOT Boys L (14-16) http://t.co/d8nvVdqI3p #NBA #Great #Deals
Sat May 09 15:27:09 +0000 2015,L C #Collectible #Buzz NIKE DETROIT #Pistons BEN WALLACE #3 BLUE #NBA #Basketball #Jersey SIZE M #eBay #Auction http://t.co/CorkEQarZf
Sat May 09 15:22:11 +0000 2015,L #Collectible #Buzz Detroit #Pistons AUTHENTIC #Basketball Shorts SZ 34 Nike Teal 90's VTG medium M #eBay #Auction http://t.co/7IyUqSkaUl
Sat May 09 15:16:17 +0000 2015,L #NBA #Basketball Chauncey Billups Detroit #Pistons NBA Adidas Swingman Pro Cut #Jersey #Sales #Discount http://t.co/To6PLFRkj8
Sat May 09 15:13:19 +0000 2015,#Solution #Fitness Three Benefits of Hypnosis for Weight Loss http://t.co/BNsuQxPTWS #Pistons #Skinny
Sat May 09 15:13:18 +0000 2015,#Collectible #Buzz Vtg Detroit #Pistons #NBA Logo 7 Sweatshirt Teal Large Crewneck 90s Adult Mens http://t.co/wbmHBi2mUh #eBay #Auction
Sat May 09 15:13:18 +0000 2015,#NBA #Basketball Vtg Detroit #Pistons NBA Logo 7 Sweatshirt Teal Large Crewneck 90s Adult Mens http://t.co/csAIsS3mFp #Sales #Discount
Sat May 09 15:09:38 +0000 2015,As sport becomes more global, Pistons GM says it&amp;#039;s easier today to project leaps to NBA| http://t.co/WeFqteueSf #Pistons
Sat May 09 15:08:39 +0000 2015,L L B #NBA #Basketball Detroit #Pistons NBA Reebok Flex Fit Hat #Sales #Discount http://t.co/DiZ2sKCgat
Sat May 09 15:07:20 +0000 2015,Rip Hamilton the REAL masked man! #NBA #DetroitBasketball #pistons #MotorCity #MaskedMan #hoopin #champion......󾟛󾟖 http://t.co/rfnexaEm8d
Sat May 09 15:02:51 +0000 2015,L L #Detroit #Pistons NIKE REWIND 1980 DETROIT PISTONS MEN'S BASKETBALL PANTS XL USED POLYESTER… #NBA #Great #Deals http://t.co/W4crfro9yt
Sat May 09 14:58:18 +0000 2015,#Solution #Fitness Thoughtful Tips for Weight Loss http://t.co/JnSJA4gicH #Pistons #Skinny
Sat May 09 14:57:08 +0000 2015,#Collectible #Buzz Vintage The Palace Detroit #Pistons #Basketball Vipers Large Popcorn Bowl EXC COND http://t.co/UQx9eSSAQq #eBay #Auction
Sat May 09 14:57:08 +0000 2015,#NBA #Basketball VINTAGE Detroit #Pistons, Men's 1/4 Zip Fleece Pullover, Teal Blue, XL http://t.co/NuaJTfcNpH #Sales #Discount
Sat May 09 14:57:08 +0000 2015,#Detroit #Pistons SET OF 2006 DETROIT PISTONS MINI PLUSH BASKETBALL http://t.co/hmuDKw1qnO #NBA #Great #Deals
