Sat May 09 18:10:17 +0000 2015,Top Five Raptors Stories From This Week http://t.co/iaIhJywGML #Raptors #NBA
Sat May 09 17:59:52 +0000 2015,Osprey http://t.co/eqrXV9DlgB #birds-of-prey #osprey #raptors #birds
Sat May 09 17:50:16 +0000 2015,Finding the Good Kyle Lowry http://t.co/6qsWPP3Tmj #Raptors #NBA
Sat May 09 17:48:57 +0000 2015,Kyrie Irving Has Played Through Foot Injury Since Game 2 Of 1st Round| http://t.co/lAfF1OVo7z #Raptors
Sat May 09 17:46:40 +0000 2015,#Toronto #mapleleafs #bluejays #raptors #Argonauts üëçüíØüôå http://t.co/CkdqglUDSm
Sat May 09 17:30:15 +0000 2015,Poll :What Should the Raptors do with Kyle Lowry? http://t.co/88WdqTqpKW #Raptors #NBA
Sat May 09 17:30:05 +0000 2015,Checking in on the (Former) Raptors in the Playoffs http://t.co/U9SQMeXREF #Raptors #NBA http://t.co/sZAJb4ygkl
Sat May 09 17:25:09 +0000 2015,http://t.co/j1D4SnLlV4 WTF Happened? (Raptors offense)  #Raptors http://t.co/jhzsF3zoiE
Sat May 09 17:19:51 +0000 2015,Owen &amp; Raptors #JurassicWorld #LEGO #owen #raptors #bricks #jw #jp #dino #blue #delta #ChrisPratt‚Ä¶ https://t.co/7y36RAwuAz
Sat May 09 17:16:43 +0000 2015,Turkey Vulture in Flight http://t.co/GRrDJznGMI #bird #birds #raptors #turkey #vulture
Sat May 09 17:13:55 +0000 2015,Spears :Aldridge For Griffin Sign-And-Trade Has Been Rumored| http://t.co/DXYu2vWJNi #Raptors
Sat May 09 17:10:15 +0000 2015,Raptors‚Äô off-season decisions will reveal Ujiri‚Äôs vision :Arthur http://t.co/zO62kgTE9S #Raptors #NBA
Sat May 09 17:09:47 +0000 2015,#NBA #Raptors- Toronto Raptors Bobblehead 2015 Alumni set JYD, MoPete, Oakley, Stoudami... http://t.co/sh7dcov42x http://t.co/k33Sm3HFUt
Sat May 09 17:02:49 +0000 2015,Masai has a huge decision to make on him. Likable guy who represents himself + family very well. But he's not taking the #Raptors anywhere.
Sat May 09 17:00:53 +0000 2015,Toronto Raptors: What Should They Do This Summer? http://t.co/1kJtZH4iSh #toronto #raptors #nba
Sat May 09 16:56:12 +0000 2015,RT @PHOTOSintheWILD: Crested Caracara taken at Dinner Island Ranch http://t.co/UApf0TGtfP #bird #birds #of #prey #crested #caracara #raptors
Sat May 09 16:55:39 +0000 2015,Turkey Vulture in Flight http://t.co/pCvBGCKGU8 #bird #birds #raptors #turkey #vulture
Sat May 09 16:52:13 +0000 2015,#Celtics mascot vs #Raptors mascot in a dance-off http://t.co/L2XpfTOKDJ http://t.co/ipvepaCdNy
Sat May 09 16:52:12 +0000 2015,Crested Caracara taken at Dinner Island Ranch http://t.co/UApf0TGtfP #bird #birds #of #prey #crested #caracara #raptors
Sat May 09 16:50:14 +0000 2015,Lowry shouldn‚Äôt have say in future of coach :Feschuk http://t.co/RVC9DqN4J4 #Raptors #NBA
Sat May 09 16:47:28 +0000 2015,The first of many almost done #raptors #40k http://t.co/0pWT0vjRrI
Sat May 09 16:40:19 +0000 2015,http://t.co/2EmsA2ahiG [True Hoop: Raptors Republic] - A Casey for Retaining Dwane Ca #Raptors http://t.co/iNJN6jSOfC
Sat May 09 16:30:14 +0000 2015,Details murky on where Raptors-affiliated team would fit in NBA D-League http://t.co/vsxsPmHzom #Raptors #NBA
Sat May 09 16:10:13 +0000 2015,Five possible homes for Raptors proposed NBA D-League team http://t.co/V1z1kkKV1j #Raptors #NBA
Sat May 09 16:05:08 +0000 2015,#NBA #Raptors- Kyle Lowry Toronto Raptors #7 Jersey Adult Mens Size S M L XL XXL:  $40.... http://t.co/bnCimhIOzc http://t.co/k33Sm3HFUt
Sat May 09 16:04:43 +0000 2015,http://t.co/EEkB0NdMH9: 2014 NHL Jerseys Toronto Maple Leafs #19... http://t.co/P0C9FfCE7t #leafs #lupul #maple #raptors #review #toronto
Sat May 09 16:03:51 +0000 2015,Raptors GM Masai Ujiri√¢¬Ä¬ôs end-of-season news conference :RECAP| http://t.co/a2N4iqTY7b #Raptors
Sat May 09 15:54:57 +0000 2015,#rusty #newera #raptors #toronto #nba #basket #surf #tank #boardshort #beach #summer #mirror‚Ä¶ https://t.co/6YDjNnuipt
Sat May 09 15:50:12 +0000 2015,2014/15 D-League Usage Report :Knicks http://t.co/jBrBqCWsHM #Raptors #NBA
Sat May 09 15:47:39 +0000 2015,RT @ElieKobain: Check out #OpenGym Aftershow on @BellLocalTO - channel 1217, Mondays @ 6pm. @MatterofKAT will wrap the season with a blast!‚Ä¶
Sat May 09 15:35:08 +0000 2015,The #fog has lifted, #raptors are soaring, first #lunch is in our bellies! #Monarchists #WSB2015 https://t.co/YrdOQ9A04l
Sat May 09 15:30:11 +0000 2015,Western Notes :D-League, Donovan, Williams http://t.co/pj6Got6aUS #Raptors #NBA
Sat May 09 15:28:49 +0000 2015,dedman's Final 2012 NBA Mockery| http://t.co/RwTU0GcjFC #Raptors
Sat May 09 15:27:19 +0000 2015,#Raptors Tweets: . @IamBiggie503 returns to #Toronto in the latest episode of‚Ä¶ http://t.co/HdKesfTsAB #NBA http://t.co/07uUyPXR9D
Sat May 09 15:10:03 +0000 2015,2015 Prospect Profile Series http://t.co/B1Q3qtyprb #Raptors #NBA
Sat May 09 15:09:05 +0000 2015,NBA Fines Joakim Noah $25,000 For Pushing Fan| http://t.co/E1Ec6FFlZ0 #Raptors
Sat May 09 15:04:12 +0000 2015,RT @stevesraptors: Morris Peterson ‚ÄòMoPete‚Äô is still making #Toronto #Raptors Fans Happy - MoVernie http://t.co/f38sR1ix0B http://t.co/qUlg‚Ä¶
Sat May 09 14:55:57 +0000 2015,#easternscreechowl with a #barredowl looking on in the back. #raptors #imbd @ Oxon Cove Park and Oxon‚Ä¶ https://t.co/hu2NQAm81M
Sat May 09 14:55:47 +0000 2015,Red Tailed Hawk at HoleyLand WMA http://t.co/tKfoePW3Uf #birds #hawks #raptors #red-tailed #hawk
Sat May 09 14:47:24 +0000 2015,WTF Happened? (Raptors offense): I was looking around at something else when I stumbled upon thi... http://t.co/78IC4uJHrK #rtz #Raptors
Sat May 09 14:45:12 +0000 2015,Checking in on the (Former) Raptors in the Playoffs http://t.co/pkrnTynRQr #Raptors #NBA
Sat May 09 14:43:20 +0000 2015,RT @TipOfTheTower: Toronto Raptors: What Should They Do This Summer? http://t.co/luaWTYcEof #raptors #nba #toronto
Sat May 09 14:42:12 +0000 2015,Toronto Raptors: What Should They Do This Summer? http://t.co/luaWTYcEof #raptors #nba #toronto
Sat May 09 14:40:01 +0000 2015,#Raptors study change coach. #NBA http://t.co/kiXC8Q4WNb
Sat May 09 14:34:03 +0000 2015,Five possible homes for Raptors proposed NBA D-League team| http://t.co/07Eih6WVDO #Raptors
Sat May 09 14:26:34 +0000 2015,#raptors blog: A solid start to another weekend of solid mail http://t.co/w9HJZBkU8v http://t.co/mFc7SWaST6
Sat May 09 14:25:12 +0000 2015,Top Five Raptors Stories From This Week http://t.co/iaIhJywGML #Raptors #NBA
Sat May 09 14:20:32 +0000 2015,RT @Raptors: ICYMI, @stackmack on an ongoing NBA education for #Raptors rookie @Bruno_Caboclo: http://t.co/VU5eSvToFs http://t.co/zHNTrBrK5p
Sat May 09 14:15:52 +0000 2015,Just got home and turned on the #Raptors game. Now I'm turning it off. #WTF cali
Sat May 09 14:12:41 +0000 2015,Synergy: Defensive Possessions Against: In reading the article in this post I just put up on Tob... http://t.co/ZvklKQFXoZ #rtz #Raptors
Sat May 09 14:11:41 +0000 2015,@ZachLowe_NBA did you say HOU, for a second I thought you were speaking of the #Raptors
Sat May 09 14:10:50 +0000 2015,http://t.co/j1D4SnLlV4 Synergy: Defensive Possessions Against  #Raptors http://t.co/A8bp5aBzVZ
Sat May 09 14:09:07 +0000 2015,#Raptors Tweets: Walking to the @meagans_walk starting area with @the_raptor from the @Raptors.‚Ä¶ #NBA http://t.co/07uUyPXR9D
Sat May 09 14:05:11 +0000 2015,Finding the Good Kyle Lowry http://t.co/6qsWPP3Tmj #Raptors #NBA
Sat May 09 14:03:05 +0000 2015,#RaptorNation A Casey for Retaining Dwane Casey: The problem is that the Raptors are in NBA ... http://t.co/tAq2rBzrNc #raptors #toronto
Sat May 09 14:02:32 +0000 2015,RT @budski11: We have the best fans and the best mascot in one of the most incredible cities in the world! I ‚ù§Ô∏èTO #RTZ #Raptors http://t.co‚Ä¶
Sat May 09 13:59:01 +0000 2015,Raptors√¢¬Ä¬ô off-season decisions will reveal Ujiri√¢¬Ä¬ôs vision :Arthur| http://t.co/P4NhlD82i4 #Raptors
Sat May 09 13:55:29 +0000 2015,RT @Raptors: ICYMI, @stackmack spoke with @IamJJ3 &amp; #Raptors ast. coach Jama Mahlalela about working with @Bruno_Caboclo: http://t.co/VU5eS‚Ä¶
Sat May 09 13:45:10 +0000 2015,Poll :What Should the Raptors do with Kyle Lowry? http://t.co/88WdqTqpKW #Raptors #NBA
Sat May 09 13:43:20 +0000 2015,#BlueJays #MapleLeafs #Raptors News is out! http://t.co/1EEktFIMaP Stories via @mlse @ekoreen @Matt__Devlin
Sat May 09 13:42:23 +0000 2015,http://t.co/j1D4SnLlV4 A Casey for Retaining Dwane Casey  #Raptors http://t.co/GEXmgKEEy0
Sat May 09 13:38:03 +0000 2015,http://t.co/UkJbn1MRdS Amir Johnson doesn t relish thought of leaving Raptors #Raptors ‚Ç™ 1 http://t.co/EfQOwBUAju
Sat May 09 13:31:45 +0000 2015,RT @SmithRaps: #raptors blog: A solid start to another weekend of solid mail http://t.co/i1tFw7zTHe
Sat May 09 13:28:22 +0000 2015,Marcin Gortat shines for #Wizards, though it hasn‚Äôt always been sunny #Beal #NBA #Raptors http://t.co/QGXi6NKAEm
Sat May 09 13:28:06 +0000 2015,RT @fansraptors10: Roster Report| http://t.co/3luRPynquC #Raptors
Sat May 09 13:26:16 +0000 2015,So the #raptors may be out but my second home is giving it a run #chicagobulls let's go Bulls! #NBAPlayoffs #redandblack
Sat May 09 13:25:10 +0000 2015,Raptors‚Äô off-season decisions will reveal Ujiri‚Äôs vision :Arthur http://t.co/zO62kgTE9S #Raptors #NBA
Sat May 09 13:23:59 +0000 2015,Roster Report| http://t.co/3luRPynquC #Raptors
Sat May 09 13:08:04 +0000 2015,#TorontoRaptors #Raptors #Toronto A Casey for Retaining Dwane Casey http://t.co/CZcaEzByv4
Sat May 09 13:05:09 +0000 2015,Lowry shouldn‚Äôt have say in future of coach :Feschuk http://t.co/RVC9DqN4J4 #Raptors #NBA
Sat May 09 13:04:10 +0000 2015,http://t.co/2EmsA2ahiG [Toronto Star: Nothing But Net] - A solid start to another wee #Raptors http://t.co/JSgwCRlpjZ
Sat May 09 12:48:57 +0000 2015,Randy Wittman Denies Report Of John Wall Clashing With Wizards' Medical Staff| http://t.co/A6NzXqQUoN #Raptors
Sat May 09 12:46:42 +0000 2015,Gonna be a beautiful day/#nike #airjordan7 #raptors http://t.co/DuIjjsg38u
Sat May 09 12:45:08 +0000 2015,Details murky on where Raptors-affiliated team would fit in NBA D-League http://t.co/vsxsPmHzom #Raptors #NBA
Sat May 09 12:25:08 +0000 2015,Five possible homes for Raptors proposed NBA D-League team http://t.co/V1z1kkKV1j #Raptors #NBA
Sat May 09 12:22:16 +0000 2015,Hawk in Flight http://t.co/YtXX4euOXK #birds #hawk #raptors
Sat May 09 12:13:54 +0000 2015,Chris Paul Starts Game 3| http://t.co/8AVJiF1umR #Raptors
Sat May 09 12:05:07 +0000 2015,2014/15 D-League Usage Report :Knicks http://t.co/jBrBqCWsHM #Raptors #NBA
Sat May 09 11:50:14 +0000 2015,@monstercanada on Instagram: ‚ÄúGlad to see former #Raptors fan favorite @mopete24 in the studio! #Monster24k‚Äù http://t.co/RMEe2ql6AV
Sat May 09 11:45:07 +0000 2015,Western Notes :D-League, Donovan, Williams http://t.co/pj6Got6aUS #Raptors #NBA
Sat May 09 11:39:40 +0000 2015,RT @SmithRaps: #raptors blog: A solid start to another weekend of solid mail http://t.co/i1tFw7zTHe
Sat May 09 11:38:52 +0000 2015,Raptors Update| http://t.co/90vAjc8wMc #Raptors
Sat May 09 11:34:07 +0000 2015,#raptors blog: A solid start to another weekend of solid mail http://t.co/i1tFw7zTHe
Sat May 09 11:25:03 +0000 2015,2015 Prospect Profile Series http://t.co/B1Q3qtyprb #Raptors #NBA
Sat May 09 11:11:05 +0000 2015,Raptors Weekly Extra Podcast ? Checking in on DeAndre Daniels #raptors #deandre #daniels #weekly #extra #blog http://t.co/XUYADEJCuT
Sat May 09 11:00:20 +0000 2015,Checking in on the (Former) Raptors in the Playoffs http://t.co/pkrnTynRQr #Raptors #NBA
Sat May 09 10:44:48 +0000 2015,Por fin una camiseta con un Velocirraptor! #Raptors http://t.co/yr3COandWQ
Sat May 09 10:40:19 +0000 2015,Top Five Raptors Stories From This Week http://t.co/iaIhJywGML #Raptors #NBA
Sat May 09 10:29:39 +0000 2015,#Raptors #RTZ The Ongoing NBA Education Of Bruno Caboclo Holly MacKenzie - http://t.co/YDRFdAXmeb  #NBA
Sat May 09 10:20:19 +0000 2015,Finding the Good Kyle Lowry http://t.co/6qsWPP3Tmj #Raptors #NBA
Sat May 09 10:03:10 +0000 2015,Photo: #tdot #raptors #andy #android #andyandroid #torontoraptors #basketball http://t.co/QAnH2lyGsf
Sat May 09 10:03:09 +0000 2015,#tdot #raptors #andy #android #andyandroid #torontoraptors #basketball https://t.co/OZfdv7C7U3
Sat May 09 10:00:18 +0000 2015,Poll :What Should the Raptors do with Kyle Lowry? http://t.co/88WdqTqpKW #Raptors #NBA
Sat May 09 09:41:44 +0000 2015,Red Tailed Hawk at HoleyLand WMA http://t.co/tKfoeQdFiP #birds #hawks #raptors #red-tailed #hawk
Sat May 09 09:40:17 +0000 2015,Raptors‚Äô off-season decisions will reveal Ujiri‚Äôs vision :Arthur http://t.co/zO62kgTE9S #Raptors #NBA
Sat May 09 09:25:02 +0000 2015,Osprey at HoleyLand WMA http://t.co/dFaIwRvIDX #bird #birds #of #prey #raptors
Sat May 09 09:20:17 +0000 2015,Lowry shouldn‚Äôt have say in future of coach :Feschuk http://t.co/RVC9DqN4J4 #Raptors #NBA
Sat May 09 09:19:30 +0000 2015,Florida Crested Caracara at Dinner Island Ranch.. http://t.co/8hbOR9HRvk #bird #birds #of #prey #crested #caracara #raptors
Sat May 09 09:19:08 +0000 2015,Raptors GM Masai Ujiri√¢¬Ä¬ôs end-of-season news conference :RECAP| http://t.co/a2N4iqTY7b #Raptors
Sat May 09 09:11:40 +0000 2015,http://t.co/EEkB0NdMH9: Zombie Walk with Toronto Raptors' Amir Johnson http://t.co/8z3rDwySjw #amir #johnson #raptors #toronto #zombie
