Sat May 09 18:19:16 +0000 2015,L #NBA #DwightHoward 2009 Dwight Howard Donruss Elite Jersey card 111/299 #Rockets #Bargains http://t.co/Eqzyw1NxKB
Sat May 09 18:18:26 +0000 2015,The Austin Rivers hangover is real. Like, did that really happen? #Rockets
Sat May 09 18:17:34 +0000 2015,RT @bballbreakdown: How JJ Redick &amp; Austin Rivers Won Game 3 For The #Clippers over the #Rockets  https://t.co/IUiOvqQyv0
Sat May 09 18:16:16 +0000 2015,TIX http://t.co/J0APjn0b85 L L C (2) LA CLIPPERS vs Houston #Rockets 5/14 tickets Game6 Section PR7,‚Ä¶ http://t.co/Kpq72jR3UY #Ticket‚Ä¶
Sat May 09 18:14:57 +0000 2015,RT @Regional_Pilsen: As√≠ van las series en la #NBAPlayoffs/#Grizzlies 1 -1 #Warrios /#Hawks 1-1 #Wizards/#Clippers 2-1 #Rockets/#Bulls 2-1 ‚Ä¶
Sat May 09 18:14:35 +0000 2015,RT @Shaughn_A: That #Clippers 3rd quarter had 2B one of the best in history, no? #AustinRivers acted a fool, the #Rockets....*pic*üòí http://‚Ä¶
Sat May 09 18:14:16 +0000 2015,Last night that boy @austinrivers25 showed out! 124-99 victory over them #rockets!!! #AustinRivers‚Ä¶ https://t.co/JJSN6HGgCS
Sat May 09 18:14:05 +0000 2015,TIX http://t.co/JaFlKEdQwa L B (2) LA CLIPPERS vs Houston #Rockets 5/14 tickets Game6 Section PR7,‚Ä¶ http://t.co/19HuiJ03Qk #Ticket‚Ä¶
Sat May 09 18:14:02 +0000 2015,RT @SportsRadio610: #YouAintFromHoustonIf you don't remember how awesome this court layout was at the old Compaq Center. #Rockets http://t.‚Ä¶
Sat May 09 18:13:25 +0000 2015,L L L #NBA #DwightHoward 2010-11 DONRUSS PRODUCTION LINE INSERT CARD OF DWIGHT HOWARD NO.21 #Rockets #Bargains http://t.co/AX4aabdG4T
Sat May 09 18:12:52 +0000 2015,RT @bballbreakdown: How JJ Redick &amp; Austin Rivers Won Game 3 For The #Clippers over the #Rockets  https://t.co/IUiOvqQyv0
Sat May 09 18:12:08 +0000 2015,#DwightHoward #Deals 2010-11 ROOKIES AND STARS GOLD DWIGHT HOWARD /499 http://t.co/uRHXuofeJQ #NBA #Rockets
Sat May 09 18:12:06 +0000 2015,#NBA #DwightHoward 2010-11 ROOKIES AND STARS GOLD DWIGHT HOWARD /499 http://t.co/WjQzrqyR0C #Rockets #Bargains
Sat May 09 18:10:51 +0000 2015,RT @mikethemovieguy: After #DrinkOBingO tomorrow...we watch the #Rockets! Join us if you can! #houston #diabloloco #ROCKETSvCLIPPERS http:/‚Ä¶
Sat May 09 18:10:21 +0000 2015,L #NBA #Rockets 14-15 Panini Select #JamesHarden Tie Dye Prizm Swatches prime patch 20/25 #Bargains #Deals http://t.co/4gKtxQGNK3
Sat May 09 18:08:56 +0000 2015,After #DrinkOBingO tomorrow...we watch the #Rockets! Join us if you can! #houston #diabloloco #ROCKETSvCLIPPERS http://t.co/sP8xh3Cldn
Sat May 09 18:07:21 +0000 2015,L #DwightHoward #Deals 2014-15 PRESTIGE CONNECTIONS MOSES MALONE DWIGHT HOWARD #NBA #Rockets http://t.co/VLOU8MVqqq
Sat May 09 18:07:11 +0000 2015,#rockets #houston Jason Terry ejected after shoving Blake Griffin in the back late in Rockets' Game 3 loss to .. http://t.co/ygAwHIKKC2
Sat May 09 18:07:11 +0000 2015,#houstonrockets #rockets #houston Game 4 Preview: Rockets vs. Clippers http://t.co/WqxknHucHK
Sat May 09 18:06:15 +0000 2015,http://t.co/EEkB0NdMH9: Houston Rockets http://t.co/2USm1zOvEX #houston #rockets
Sat May 09 18:05:19 +0000 2015,@ashonasty #Rockets üöÄüöÄüöÄüöÄ
Sat May 09 18:05:07 +0000 2015,Watch #Shaq #trip #on #live #TV #during #Clippers #vs. #Rockets #halftime #show‚Ä¶ http://t.co/ExomyrSDAN |PP http://t.co/ztJvB0tGt6
Sat May 09 18:03:14 +0000 2015,Finally it is really showing how much we're missing @DonatasMot Bad Luck he and @patbev21 had season-ending injury...Keep fighting #Rockets
Sat May 09 18:01:36 +0000 2015,L #NBA #DwightHoward 2014-15 PRESTIGE CONNECTIONS MOSES MALONE DWIGHT HOWARD #Rockets #Bargains http://t.co/qw1pCBeKT4
Sat May 09 18:01:15 +0000 2015,‚Äú@TMZ_Sports:Cleveland Cavs No Asses Fired Over Stupid Arena Video http://t.co/JSnZkAOkKd‚Äù Yet #Rockets social media guy fired over emojis?
Sat May 09 18:00:33 +0000 2015,Death, taxes and Mavs fans chirping about the #Rockets while their team sits at home.
Sat May 09 18:00:07 +0000 2015,TIX http://t.co/J0APjn0b85 L C (2) LA CLIPPERS vs Houston #Rockets 5/14 tickets Game6 Section PR7,‚Ä¶ http://t.co/Kpq72jR3UY #Ticket‚Ä¶
Sat May 09 18:00:06 +0000 2015,TIX http://t.co/uc1QIL6tF6 A A A (2) LA CLIPPERS vs Houston #Rockets 5/14 #Tickets Game6 Section‚Ä¶ http://t.co/5S1QvZnv4f #Ticket‚Ä¶
Sat May 09 17:58:30 +0000 2015,If @JHarden13 doesn't wake up during these play-offs &amp; doesn't start fighting &amp; playing some serious D I'm done with him!#Rockets #RedNation
Sat May 09 17:58:21 +0000 2015,L L #NBA #Rockets 2013-14 National Treasures #81 #JamesHarden 79/99 Rockets Rare #Bargains #Deals http://t.co/SjrxVzOMax
Sat May 09 17:58:18 +0000 2015,TIX http://t.co/JaFlKEdQwa L L L (2) LA CLIPPERS vs Houston #Rockets 5/14 tickets Game6 Section PR7,‚Ä¶ http://t.co/19HuiJ03Qk #Ticket‚Ä¶
Sat May 09 17:55:41 +0000 2015,#Cards #NBA #JamesHarden 2009-10 #Topps Chrome RC Refractor /500 #Rockets!!! http://t.co/HEpCbffyOB #Card #Bestseller
Sat May 09 17:55:36 +0000 2015,#DwightHoward #Deals 2013-14 Immaculate Premium Patches logo Gold Auto Dwight Howard #'d /10 http://t.co/qFbjZvdAnV #NBA #Rockets
Sat May 09 17:55:36 +0000 2015,#NBA #DwightHoward 2013-14 Immaculate Premium Patches logo Gold Auto Dwight Howard #'d /10 http://t.co/zGEl1u04hh #Rockets #Bargains
Sat May 09 17:54:11 +0000 2015,As√≠ van las series en la #NBAPlayoffs/#Grizzlies 1 -1 #Warrios /#Hawks 1-1 #Wizards/#Clippers 2-1 #Rockets/#Bulls 2-1 #Cavaliers
Sat May 09 17:53:49 +0000 2015,RT @awexler: Harden in this series: 25.7ppg, 10 apg, but 7 turnovers per game. 46% FG, 44% 3ptFG, 96% FT. Rest of team: 25% 3ptFG, 53% FT. ‚Ä¶
Sat May 09 17:52:09 +0000 2015,Dwight Howard Has Chance to Elevate Houston Rockets to New Heights| http://t.co/G8S0VhyCD3 #Rockets
Sat May 09 17:52:09 +0000 2015,L #NBA #Rockets #JamesHarden 2014-15 PANINI THREADS HIGH FLYERS INSERT #Card ROCKETS #Bargains #Deals http://t.co/y4X7yswLnH
Sat May 09 17:52:08 +0000 2015,#NBA #Rockets #JamesHarden 2009-10 #Topps Chrome RC Refractor /500 ROCKETS!!! http://t.co/VApxAytidK #Bargains #Deals
Sat May 09 17:51:54 +0000 2015,RT @bballbreakdown: How JJ Redick &amp; Austin Rivers Won Game 3 For The #Clippers over the #Rockets  https://t.co/IUiOvqQyv0
Sat May 09 17:49:54 +0000 2015,Celebrating my Big 3-2 on @SportsRadio610 from 3-7pm with @murphdiggy. We will be talking about the #Rockets meltdown last night and more
Sat May 09 17:48:48 +0000 2015,RT @SportsRadio610: #YouAintFromHoustonIf you don't remember how awesome this court layout was at the old Compaq Center. #Rockets http://t.‚Ä¶
Sat May 09 17:47:04 +0000 2015,RT @getnickwright: Still can't believe the #Rockets let Austin Rivers do them like that...
Sat May 09 17:45:06 +0000 2015,L L #NBA #Rockets 2012-13 NBA HOOPS SPARK PLUGS SINGLE INSERT #Card OF #JamesHarden NO.1 #Bargains #Deals http://t.co/xlQxZn0F7n
Sat May 09 17:44:35 +0000 2015,TIX http://t.co/J0APjn0b85 L L B (2) LA CLIPPERS vs Houston #Rockets 5/14 tickets Game6 Section PR7,‚Ä¶ http://t.co/Kpq72jR3UY #Ticket‚Ä¶
Sat May 09 17:42:30 +0000 2015,RT @awexler: Harden in this series: 25.7ppg, 10 apg, but 7 turnovers per game. 46% FG, 44% 3ptFG, 96% FT. Rest of team: 25% 3ptFG, 53% FT. ‚Ä¶
Sat May 09 17:41:41 +0000 2015,TIX http://t.co/JaFlKEdQwa L L (2) LA CLIPPERS vs Houston #Rockets 5/14 tickets Game6 Section PR7,‚Ä¶ http://t.co/19HuiJ03Qk #Ticket‚Ä¶
Sat May 09 17:40:23 +0000 2015,#Cards #NBA 2013-14 National Treasures #81 #JamesHarden 79/99 #Rockets Rare http://t.co/0pBgfhIQex #Card #Bestseller
Sat May 09 17:40:08 +0000 2015,#DwightHoward #Deals 2009 Dwight Howard Donruss Elite Jersey card 111/299 http://t.co/zzQ1Jsd6n7 #NBA #Rockets
Sat May 09 17:40:07 +0000 2015,#NBA #DwightHoward 2009 Dwight Howard Donruss Elite Jersey card 111/299 http://t.co/3KAfIwxN2I #Rockets #Bargains
Sat May 09 17:39:39 +0000 2015,How JJ Redick &amp; Austin Rivers Won Game 3 For The #Clippers over the #Rockets  https://t.co/IUiOvqQyv0
Sat May 09 17:39:23 +0000 2015,RT @getnickwright: Still can't believe the #Rockets let Austin Rivers do them like that...
Sat May 09 17:38:33 +0000 2015,The Clippers won 124 - 99 over the Rockets. #clippers #rockets
Sat May 09 17:38:16 +0000 2015,Austin termin√≥ con 25 puntos, 6 rebotes, 2 asistencias, un robo y hasta una tapa/#CLIPPERS/#ROCKETS
Sat May 09 17:38:10 +0000 2015,L L #NBA #DwightHoward 2010-11 DONRUSS PRODUCTION LINE INSERT CARD OF DWIGHT HOWARD NO.21 #Rockets #Bargains http://t.co/snW3e6e2AY
Sat May 09 17:37:58 +0000 2015,RT @BarbarosTapan: http://t.co/mFfDypYE5c #nbaplayoffs  #Clippers #Rockets  NBA ' de Pota Arkasi
Sat May 09 17:37:33 +0000 2015,Can someone tell James Harden it's OK to be aggressive in the 1st three quarters. #Rockets ,defense is allowed to be played. #RedNation
Sat May 09 17:36:45 +0000 2015,Some thoughts on #Rockets on the off say: bad as it seems right now, 22 teams would gladly trade places
Sat May 09 17:35:44 +0000 2015,#entrenamiento #rockets #vamosporlacopa !!! #ahorasi!!! üí™üèÜ http://t.co/LhogPGE85x
Sat May 09 17:34:37 +0000 2015,RT @FoxSportsWest: #AustinRivers gets emotional after breakout game in #Clippers' win over #Rockets, @jillpainter http://t.co/bvcs3DrtU8 ht‚Ä¶
Sat May 09 17:33:59 +0000 2015,RT @getnickwright: Still can't believe the #Rockets let Austin Rivers do them like that...
Sat May 09 17:33:16 +0000 2015,L #NBA #Rockets 2014-15 Prizm Photo #JamesHarden #13 ROCKETS (A2H) #Bargains #Deals http://t.co/S0JDvMrYMd
Sat May 09 17:32:56 +0000 2015,RT @Will_Pio365: @JvleZRvleZ #Cavs #Bulls still a toss up.. The #Rockets will absolutely not win in 6, i guarantee u that.. They going down‚Ä¶
Sat May 09 17:31:40 +0000 2015,I can probably get you an autograph if you make it down the park tonight @bewing34. #rockets
Sat May 09 17:31:30 +0000 2015,http://t.co/gNvynRi2jI Hawks-Wizards: Game 3 Preview  #Rockets #NBA http://t.co/gq6rAXGv5D
Sat May 09 17:31:18 +0000 2015,L L D #NBA #DwightHoward 14-15 Immaculate James Harden Dwight Howard Motiejunas Ariza Jersey Card 24/35 #Rockets‚Ä¶ http://t.co/kVMasoUzYf
Sat May 09 17:31:00 +0000 2015,New at @Bloguin and CC, by @mzemek://Houston Is Coming Undone... and Undoing A Lot Of Good Work//http://t.co/XBGkaTxHv9 ‚Ä¶//#Rockets
Sat May 09 17:28:35 +0000 2015,TIX http://t.co/uc1QIL6tF6 A A (2) LA CLIPPERS vs Houston #Rockets 5/14 #Tickets Game6 Section‚Ä¶ http://t.co/5S1QvZnv4f #Ticket #BasketBall
Sat May 09 17:28:28 +0000 2015,Austin Rivrs ply takes pressure off Chris #Paul in Clipprs win http://t.co/PnuaVTfi5w #Clippers #Rivers #Rockets
Sat May 09 17:28:25 +0000 2015,TIX http://t.co/J0APjn0b85 L B (2) LA CLIPPERS vs Houston #Rockets 5/14 tickets Game6 Section PR7,‚Ä¶ http://t.co/Kpq72jR3UY #Ticket‚Ä¶
Sat May 09 17:26:16 +0000 2015,#Houston #Rockets NBA Playoffs Rd 2/Game 3: Houston Rockets Wiped Out By LA Clippers 124-99: I can'... http://t.co/r12tv6PfCS #GoRockets
Sat May 09 17:26:14 +0000 2015,TIX http://t.co/JaFlKEdQwa L L D 4 Tickets Round 2 Los Angeles Clippers Houston #Rockets HG3 5/14‚Ä¶ http://t.co/hZp3YTAncW #Ticket #Tickets
Sat May 09 17:26:07 +0000 2015,L #Cards #NBA 2014-15 Prizm Photo #JamesHarden #13 #Rockets (A2H) #Card #Bestseller http://t.co/i5aTPCa9e3
Sat May 09 17:25:24 +0000 2015,L #Basketball #Buzz (8) COUNT LOT DWIGHT HOWARD 2013-14 PANINI PRIZM #113 #Rockets FREE SHIP #Forsale #onsale http://t.co/SJBEyn8yYQ
Sat May 09 17:25:02 +0000 2015,RT @HoustonRockets: Halftime in LA. /LAC: 64/HOU: 57//#Rockets outscore Clippers 33-31 in Q2. //Harden: 10p/7a/Howard: 14p/10r http://t.co/‚Ä¶
Sat May 09 17:24:41 +0000 2015,@JvleZRvleZ #Cavs #Bulls still a toss up.. The #Rockets will absolutely not win in 6, i guarantee u that.. They going down 3-1 next game
Sat May 09 17:23:36 +0000 2015,#DwightHoward #Deals 2014-15 PRESTIGE CONNECTIONS MOSES MALONE DWIGHT HOWARD http://t.co/qREq3t8Sj7 #NBA #Rockets
Sat May 09 17:23:35 +0000 2015,#NBA #DwightHoward 2014-15 PRESTIGE CONNECTIONS MOSES MALONE DWIGHT HOWARD http://t.co/VTrko781c9 #Rockets #Bargains
Sat May 09 17:22:55 +0000 2015,http://t.co/yrMtBKmZxO (2) LA CLIPPERS vs Houston Rockets 5/14 tickets Game6 Section  #Rockets http://t.co/OQOo1z8VQj
Sat May 09 17:22:52 +0000 2015,Houston #Rockets May Be Unwatchable, but Ugly Style Is Only Hope for Survival http://t.co/lewc6bCFzJ #ZippedNews http://t.co/UbAhuCxxXP
Sat May 09 17:21:52 +0000 2015,J'ai fait un black-out suite √† la victoire par KO de mes #Clippers sur les #Rockets. Je ne m'en remets pas. Sachez le. #NBAextra #nba
Sat May 09 17:19:43 +0000 2015,RT @BenDuBose: Besides Rivers, one #Rockets thing I can't get out of my head: going UNDER screens vs. gimpy CP3. Anything other than a set ‚Ä¶
Sat May 09 17:19:36 +0000 2015,#NBA #Rockets 14-15 Panini Select #JamesHarden Tie Dye Prizm Swatches prime patch 20/25 http://t.co/DhN8vKIh8d #Bargains #Deals
Sat May 09 17:19:29 +0000 2015,L #DwightHoward #Deals (8) COUNT LOT DWIGHT HOWARD 2013-14 PANINI PRIZM #113 ROCKETS FREE SHIP #NBA #Rockets http://t.co/Hh8rCbH9Fl
Sat May 09 17:17:26 +0000 2015,RT @BenDuBose: Besides Rivers, one #Rockets thing I can't get out of my head: going UNDER screens vs. gimpy CP3. Anything other than a set ‚Ä¶
Sat May 09 17:15:31 +0000 2015,http://t.co/mFfDypYE5c #nbaplayoffs  #Clippers #Rockets  NBA ' de Pota Arkasi
Sat May 09 17:15:13 +0000 2015,RT @NBAMemes: REPORT: Steph Curry will be named the 2014-15 NBA MVP.//#Warriors #Rockets http://t.co/LxxEOYNHIt
Sat May 09 17:14:29 +0000 2015,#Rockets last night in a picture http://t.co/0SNl1r1iDx
Sat May 09 17:13:37 +0000 2015,L #NBA #Rockets 2013-14 National Treasures #81 #JamesHarden 79/99 Rockets Rare #Bargains #Deals http://t.co/9546qoDvUi
Sat May 09 17:11:39 +0000 2015,TIX http://t.co/J0APjn0b85 L L L (2) LA CLIPPERS vs Houston #Rockets 5/14 tickets Game6 Section PR7,‚Ä¶ http://t.co/Kpq72jR3UY #Ticket‚Ä¶
Sat May 09 17:11:37 +0000 2015,http://t.co/5lUFLmgRBu [NBC Sports: Pro Basketball Talk] - Rockets‚Äô shoddy defense has Cl #Rockets http://t.co/FrF6Bvf7GB
Sat May 09 17:11:37 +0000 2015,L #NBA #DwightHoward (8) COUNT LOT DWIGHT HOWARD 2013-14 PANINI PRIZM #113 ROCKETS FREE SHIP #Rockets #Bargains http://t.co/JPbtlqkNxo
Sat May 09 17:10:29 +0000 2015,The LA Clippers defeated the Houston Rockets 124-99 to take a 2-1 series lead #Clippers #Rockets #NBA http://t.co/AXkhnB3Fbs
Sat May 09 17:09:17 +0000 2015,Uggh I bet Matt Barnes doesn't even care about the fine #Rockets üöÄ  https://t.co/CW1BOIw13W
Sat May 09 17:09:05 +0000 2015,TIX http://t.co/JaFlKEdQwa L (2) LA CLIPPERS vs Houston #Rockets 5/14 tickets Game6 Section PR7,‚Ä¶ http://t.co/19HuiJ03Qk #Ticket #Tickets
Sat May 09 17:07:20 +0000 2015,#Cards #NBA 2014-15 Panini Prizm Prizms Blue #25 #JamesHarden #Rockets /99 http://t.co/0CDiz0zmxe #Card #Bestseller
Sat May 09 17:06:45 +0000 2015,#NBA | Los Clippers ponen el 1-2 en una inolvidable noche para Austin Rivers (99-124): El‚Ä¶ http://t.co/MVjriihXrF #Clippers #Rockets
Sat May 09 17:05:35 +0000 2015,RT @GlobalOkanagan: #Kelowna #Rockets take first game against Wheatkings in Brandon http://t.co/aO2UOzjOoe
Sat May 09 17:05:06 +0000 2015,Besides Rivers, one #Rockets thing I can't get out of my head: going UNDER screens vs. gimpy CP3. Anything other than a set 3 and he labors.
Sat May 09 17:04:41 +0000 2015,RT @mozell2015: Not panicking over the Rockets. They will be fine.. #Rockets #Pursuit
