Sat May 09 18:15:07 +0000 2015,2015 Prospect Profile Series http://t.co/oc7b5wng8T #Suns #NBA
Sat May 09 18:13:14 +0000 2015,Goran Dragic pranks the #suns with a dinosaur Video http://t.co/TpKwRTiM13 http://t.co/8OqvET0vgb
Sat May 09 18:09:28 +0000 2015,RT @GeraldBourguet: The 2015 NBA Draft Combine participants have been announced. Who should the #Suns be keeping an eye on? http://t.co/mEt‚Ä¶
Sat May 09 18:06:04 +0000 2015,The 2015 NBA Draft Combine participants have been announced. Who should the #Suns be keeping an eye on? http://t.co/mEtFEQrXTt
Sat May 09 17:56:25 +0000 2015,#Suns fans to #Cavs fans this morning: BTB http://t.co/zOMrzGpNRZ
Sat May 09 17:56:25 +0000 2015,#Suns fans to #Cavs fans this morning: BTB http://t.co/mkXk2Y0asc
Sat May 09 17:55:03 +0000 2015,Week In Review 5/3/15-5/9/15 http://t.co/FxVtdhhC9J #Suns #NBA
Sat May 09 17:48:09 +0000 2015,#Suns Tweets: A special Mother's Day surprise for the Jankowski's from the @Suns and‚Ä¶ #NBA http://t.co/EwGtOThIj1 http://t.co/GRRSXIjIak
Sat May 09 17:17:59 +0000 2015,http://t.co/EEkB0NdMH9: Recap Summer League: Suns (93 Pt) Vs Bucks... http://t.co/RRzjFuVEVc #bucks #july #league #milwaukee #recap #suns
Sat May 09 17:11:30 +0000 2015,an aquarium looks like a fairlyland!/#aquarium #fairlyland #sunshine60 #sunshinecity #suns‚Ä¶ http://t.co/uc2FuMY2YM http://t.co/DNSz2gTHJS
Sat May 09 17:04:21 +0000 2015,Phoenix #Suns: NBA Draft Combine Participants Announced//http://t.co/LH6FgxQnNJ http://t.co/XrBqPbvxS5
Sat May 09 16:58:33 +0000 2015,#SBNation #Suns Timeline of Self-Destruction http://t.co/G68Pl8UtSG http://t.co/YQ6eiLd3tY
Sat May 09 16:10:14 +0000 2015,Solar Flares :Top 5 Phoenix Suns stories of the week http://t.co/hKni6spQvU #Suns #NBA
Sat May 09 16:00:18 +0000 2015,http://t.co/dveizoxDox [SB Nation: Bright Side Of The Sun] - The Morris Brothers' Path o #Suns http://t.co/rD0nSq2xWh
Sat May 09 15:52:18 +0000 2015,@KiMcGuinness: It's exciting that @Liliymac and I can start to really plan and get excited about out holiday with no campaign. #ibiza #suns‚Ä¶
Sat May 09 15:50:14 +0000 2015,2015 NBA Mock Drafts :The first offering of projections for the Suns 2015 selection http://t.co/RNUcXPLhjx #Suns #NBA
Sat May 09 15:50:05 +0000 2015,Our first time watching a AFL game! #Suns V #Adelaide #AFL #surfersparadise #sunset #game ‚Ä¶ http://t.co/ytL8nwvxot‚Ä¶ http://t.co/q0oZvO6tI5
Sat May 09 15:45:46 +0000 2015,RT @0723Kumi: ‰ªäÊó•ÔºÅ/ÂÅ∂ÁÑ∂„Å´„ÇÇËâ≤Âêà„Çè„Åõ„ÅåËâØ„ÅÑÊÑü„ÅòÔºÅ/Êà¶Âà©ÂìÅ„ÅØÂæå„Åª„Å©„ÅÇ„Å£„Å∑„Éºüíï//#todayskicks #posite #knicks #jordan #aj8 #suns #Èñ¢Êù±„Çπ„Éã„Éº„Ç´„ÉºÈÄ£Âêà http://t.co/keWaTrW7eW
Sat May 09 15:32:56 +0000 2015,‰ªäÊó•ÔºÅ/ÂÅ∂ÁÑ∂„Å´„ÇÇËâ≤Âêà„Çè„Åõ„ÅåËâØ„ÅÑÊÑü„ÅòÔºÅ/Êà¶Âà©ÂìÅ„ÅØÂæå„Åª„Å©„ÅÇ„Å£„Å∑„Éºüíï//#todayskicks #posite #knicks #jordan #aj8 #suns #Èñ¢Êù±„Çπ„Éã„Éº„Ç´„ÉºÈÄ£Âêà http://t.co/keWaTrW7eW
Sat May 09 15:30:13 +0000 2015,Suns Player Reviews :Brandan Wright http://t.co/RssPfo16Sv #Suns #NBA
Sat May 09 15:28:56 +0000 2015,RT @InstaAusBeaches: Our first time watching a AFL game! #Suns V #Adelaide #AFL #surfersparadise #sunset #game ‚Ä¶ http://t.co/DsuV3JBt0M htt‚Ä¶
Sat May 09 15:26:08 +0000 2015,RT @InstaAusBeaches: Our first time watching a AFL game! #Suns V #Adelaide #AFL #surfersparadise #sunset #game ‚Ä¶ http://t.co/DsuV3JBt0M htt‚Ä¶
Sat May 09 14:50:11 +0000 2015,2014/15 D-League Usage Report :Knicks http://t.co/vzkmpsXFFF #Suns #NBA
Sat May 09 14:46:26 +0000 2015,The Morris Brothers' Path of Self-Destruction: Foolishness, indeed #PHXSuns #Suns http://t.co/455ajwoSDT http://t.co/TLlCGU1JyP
Sat May 09 14:40:33 +0000 2015,#Suns 1995 Rockets Rewind: Clyde Drexler's controversial ejection mars Game 1 at Phoenix: You... http://t.co/UZJQb09mXo #GoSuns #Phoenix
Sat May 09 14:23:53 +0000 2015,Our first time watching a AFL game! #Suns V #Adelaide #AFL #surfersparadise #sunset #game ‚Ä¶ http://t.co/DsuV3JBt0M http://t.co/gq3qDUuItF
Sat May 09 14:14:24 +0000 2015,http://t.co/dveizoxDox [Bloguin: NBA Draft Blog] - Handicapping The Rumored Ty Lawson Tr #Suns http://t.co/PTkYYmqYas
Sat May 09 14:13:04 +0000 2015,Vintage Phoenix Suns NBA Kids Overalls TODDLER 2T http://t.co/QUT4rUUnAs #ShopEtsy #Suns http://t.co/WLM99xZgDf
Sat May 09 14:08:02 +0000 2015,#phoenixsuns #suns #GoSuns #phx The Morris Brothers' Path of Self-Destruction: Foolishness, indeed http://t.co/kKrh2VVJCk
Sat May 09 14:00:53 +0000 2015,RT @topSuns: Kyrie Irving Has Played Through Foot Injury Since Game 2 Of 1st Round http://t.co/E7HEqukYRO #Suns #NBA
Sat May 09 13:52:32 +0000 2015,RT @topSuns: Chris Paul Starts Game 3 http://t.co/uQvfu0A3oD #Suns #NBA
Sat May 09 13:45:12 +0000 2015,Spears :Aldridge For Griffin Sign-And-Trade Has Been Rumored http://t.co/rN1HOp6aZW #Suns #NBA
Sat May 09 13:39:22 +0000 2015,RT NBA_Sneakers: #Suns Phoenix Suns: NBA Draft Combine List Announced: The Phoenix Suns, slated for the No. 13... ‚Ä¶ http://t.co/0z1PvJVdpf
Sat May 09 13:35:49 +0000 2015,#Suns Phoenix Suns: NBA Draft Combine List Announced: The Phoenix Suns, slated for the No. 13... http://t.co/vQxEqI3CsJ #GoSuns #Phoenix
Sat May 09 13:25:11 +0000 2015,Pau Gasol Leaves Game 3 With Hamstring Strain http://t.co/jpHNHMF6sX #Suns #NBA
Sat May 09 13:05:11 +0000 2015,Kyrie Irving Has Played Through Foot Injury Since Game 2 Of 1st Round http://t.co/E7HEqukYRO #Suns #NBA
Sat May 09 12:45:10 +0000 2015,Chris Paul Starts Game 3 http://t.co/uQvfu0A3oD #Suns #NBA
Sat May 09 12:42:25 +0000 2015,Los gemelos Morris se declaran inocentes de un asalto con violencia http://t.co/Pe1HtTxFRv #Suns
Sat May 09 12:26:06 +0000 2015,http://t.co/EEkB0NdMH9: ANDRE IDUODALA 180 BEST REVECRE DUNK VS SUNS http://t.co/lL0wX3ee7o #andre #dunk #iduodala #revecre #suns
Sat May 09 12:26:04 +0000 2015,http://t.co/dveizoxDox Phoenix Suns: NBA Draft Combine List Announced  #Suns http://t.co/SShJQFl7iR
Sat May 09 12:11:43 +0000 2015,http://t.co/dveizoxDox [True Hoop: Valley of the Suns] - Phoenix Suns: NBA Draft Combine #Suns http://t.co/TD5OtRXi3g
Sat May 09 12:06:22 +0000 2015,Phoenix Suns: NBA Draft Combine List Announced #Suns #SunsNation http://t.co/CjoLq1h1A9 http://t.co/rAhULbwWYC
Sat May 09 11:39:05 +0000 2015,#YokosukaSogo #Suns #Win @ SUNSüåû‚ú® https://t.co/rcLyiAYQXt
Sat May 09 11:25:08 +0000 2015,Len&amp;#039;s Mother Supported His Childhood Dream http://t.co/Lf26e1oc7S #Suns #NBA
Sat May 09 11:04:26 +0000 2015,#istTarYarAda #today #wristgame #time  #wrist #tbt #style #jewelry #gentstyle #style #kadƒ±k√∂y #fashion #izmir #suns‚Ä¶ http://t.co/4Q0rFrgXqr
Sat May 09 10:45:07 +0000 2015,Western Notes :D-League, Donovan, Williams http://t.co/eli0LFQ55H #Suns #NBA
Sat May 09 10:36:18 +0000 2015,RT fantasybask_dp: Should The Phoenix Suns Re-Sign Brandan Wright? #content #suns #phoenix #this #place #team #des‚Ä¶ http://t.co/0z1PvJVdpf
Sat May 09 10:25:03 +0000 2015,2015 Prospect Profile Series http://t.co/oc7b5wng8T #Suns #NBA
Sat May 09 10:22:13 +0000 2015,Should The Phoenix Suns Re-Sign Brandan Wright? #content #suns #phoenix #this #place #team #desperate #visit http://t.co/XZ9wsyI8Cu
Sat May 09 10:00:19 +0000 2015,Randy Wittman Denies Report Of John Wall Clashing With Wizards' Medical Staff http://t.co/BRl5YmLnYZ #Suns #NBA
Sat May 09 09:36:00 +0000 2015,http://t.co/EEkB0NdMH9: Jeremy Lin ( 19 PTS ) vs. Suns (12-28-2014) http://t.co/VCWYQE8aZO #jeremy #phoenix #suns
Sat May 09 09:13:38 +0000 2015,#AFLSunsCrows Think our boys will hit the #kill button now./#Suns have never beaten #AdelaideCrows http://t.co/lBSIM8uM9T
Sat May 09 08:40:16 +0000 2015,Solar Flares :Top 5 Phoenix Suns stories of the week http://t.co/hKni6spQvU #Suns #NBA
Sat May 09 08:20:16 +0000 2015,2015 NBA Mock Drafts :The first offering of projections for the Suns 2015 selection http://t.co/RNUcXPLhjx #Suns #NBA
Sat May 09 08:00:20 +0000 2015,#go the #suns #afl #stetchup #calf https://t.co/a94HVpAs4L
Sat May 09 08:00:15 +0000 2015,Suns Player Reviews :Brandan Wright http://t.co/RssPfo16Sv #Suns #NBA
Sat May 09 07:52:44 +0000 2015,http://t.co/dveizoxDox [The Arizona Republic] - Austin Rivers propels Clippers past Rock #Suns http://t.co/4gbMtEUr74
Sat May 09 07:21:21 +0000 2015,#suns up #pool cleaning in progress #model getting ready, #photographer ready it's going to be a great day. http://t.co/TYFgZxo9Eq
Sat May 09 07:08:35 +0000 2015,Good arvo for it #suns https://t.co/cxLbRBOnmP
Sat May 09 07:08:24 +0000 2015,straight back from Kluger sign, 4 rows back from the front... for those playin at home #suns https://t.co/Wqhe9ejtZp
Sat May 09 06:52:09 +0000 2015,@TonyWarrenJr can't wait for next season to watch you go out there and do your thing #former wolfpack #wpn #TJ #with #nba #suns #BallSoHard
Sat May 09 06:40:03 +0000 2015,2014/15 D-League Usage Report :Knicks http://t.co/vzkmpsXFFF #Suns #NBA
Sat May 09 06:15:12 +0000 2015,Randy Wittman Denies Report Of John Wall Clashing With Wizards' Medical Staff http://t.co/BRl5Yn2YQx #Suns #NBA
Sat May 09 05:55:11 +0000 2015,Matt Barnes Fined $50,000 For Comments To Harden's Mom http://t.co/TBOsUYJmSQ #Suns #NBA
Sat May 09 05:53:02 +0000 2015,http://t.co/dveizoxDox [The Arizona Republic] - Derrick Rose hits winner to lift Bulls o #Suns http://t.co/YF7Tojnp8n
Sat May 09 05:28:07 +0000 2015,Even after retirement, Steve Nash's legacy plays on #MikeD039Antoni #NBA #Offense #Suns #WesternConference http://t.co/6UQzQYvj9u
Sat May 09 05:04:02 +0000 2015,RT: Dave3974: There are many #Suns in the #Universe but #Daughters are a rarity even less are #Mothers that sustain #Life like the #Earth. ‚Ä¶
Sat May 09 05:02:25 +0000 2015,#Fire #SkyPorn #Clouds #clouds_of_our_world #Sky #Bright #Weather #Spring #Sunrays #BrightSun #TheSun #Shine #Suns‚Ä¶ http://t.co/plD5Wsm4XT
Sat May 09 05:02:25 +0000 2015,#Fire #SkyPorn #Clouds #clouds_of_our_world #Sky #Bright #Weather #Spring #Sunrays #BrightSun #TheSun #Shine #Suns‚Ä¶ http://t.co/xhuNuYDuQT
Sat May 09 04:52:39 +0000 2015,There are many #Suns in the #Universe but #Daughters are a rarity even less are #Mothers that sustain #Life like the #Earth.
Sat May 09 04:51:31 +0000 2015,RT drcoltcabana: I'm finally getting this lead walking thing.. #walking #lead #anzacwalk #thehill #newcastle #suns‚Ä¶ http://t.co/dYryAkMGY1
Sat May 09 04:42:50 +0000 2015,Ryan McDonough drops hints about Phoenix's offseason plan #Suns #SunsNation http://t.co/zSqpCJXbKJ http://t.co/fL6uSFl1Bh
Sat May 09 04:42:33 +0000 2015,Suns' Morris twins plead not guilty in assault case #Suns #SunsNation http://t.co/EOvdKtogbI http://t.co/spInev6cl5
Sat May 09 04:42:07 +0000 2015,Suns have outside shot of filling perimeter needs in draft #PHXSuns #Suns http://t.co/l0W6ays7Rl http://t.co/mRH7xYMV0S
Sat May 09 04:41:30 +0000 2015,The Starting Five: Clippers riding wave of good fortune and ... #Suns #SunsNation http://t.co/qGeD2b9hcD http://t.co/JCvMmaQS3v
Sat May 09 04:39:49 +0000 2015,http://t.co/EEkB0NdMH9: Denver Nuggets vs Phoenix Suns |... http://t.co/3CEHRuklzU #denver #highlights #january #nuggets #phoenix #suns
Sat May 09 04:31:08 +0000 2015,#Fire #SkyPorn #Clouds #clouds_of_our_world #Sky #Bright #Weather #Spring #Sunrays #BrightSun #TheSun #Shine #Suns‚Ä¶ http://t.co/Z6MFsmwM57
Sat May 09 04:31:07 +0000 2015,#Fire #SkyPorn #Clouds #clouds_of_our_world #Sky #Bright #Weather #Spring #Sunrays #BrightSun #TheSun #Shine #Suns‚Ä¶ http://t.co/pIF5lIG0Po
Sat May 09 04:31:07 +0000 2015,#Fire #SkyPorn #Clouds #clouds_of_our_world #Sky #Bright #Weather #Spring #Sunrays #BrightSun #TheSun #Shine #Suns‚Ä¶ http://t.co/nZvF6Agtr8
Sat May 09 04:31:07 +0000 2015,#Fire #SkyPorn #Clouds #clouds_of_our_world #Sky #Bright #Weather #Spring #Sunrays #BrightSun #TheSun #Shine #Suns‚Ä¶ http://t.co/ccMTCD9NSE
Sat May 09 04:31:06 +0000 2015,#Fire #SkyPorn #Clouds #clouds_of_our_world #Sky #Bright #Weather #Spring #Sunrays #BrightSun #TheSun #Shine #Suns‚Ä¶ http://t.co/RGB8gjJwER
Sat May 09 04:31:06 +0000 2015,#Fire #SkyPorn #Clouds #clouds_of_our_world #Sky #Bright #Weather #Spring #Sunrays #BrightSun #TheSun #Shine #Suns‚Ä¶ http://t.co/ieS1Y4l8Xi
Sat May 09 04:31:06 +0000 2015,#Fire #SkyPorn #Clouds #clouds_of_our_world #Sky #Bright #Weather #Spring #Sunrays #BrightSun #TheSun #Shine #Suns‚Ä¶ http://t.co/FE6BLYqHsx
Sat May 09 04:17:27 +0000 2015,At http://t.co/AirVV1r0QC -- I'm in love with New York üåá #newyork #nycspring #NYC #brooklynbridge #Brooklyn #suns‚Ä¶ http://t.co/bti7m0eKbP
Sat May 09 04:02:42 +0000 2015,ICYMI, I took a look at whether or not the Phoenix #Suns should re-sign Brandan Wright this summer: http://t.co/jSjgOXIW9r
Sat May 09 03:55:08 +0000 2015,Len&amp;#039;s Mother Supported His Childhood Dream http://t.co/Lf26e1oc7S #Suns #NBA
Sat May 09 03:43:47 +0000 2015,RT @ElBattousai: @alexlen Get some LEN!!üëäüèªüëçüèª You're gonna be MONEY next season man!! Keep it up!! #Suns
Sat May 09 03:35:07 +0000 2015,Draft History :Rob Hennigan http://t.co/5VLgZXFX6z #Suns #NBA
Sat May 09 03:32:00 +0000 2015,The Suns' Morris brothers say they didn't beat up a man following a basketball game at a local gym: http://t.co/mjQV0bL1ll #Suns #KUBB #PHX
Sat May 09 03:25:34 +0000 2015,http://t.co/EEkB0NdMH9: 2014 cheap Nike Air Foamposite One... http://t.co/6tBKfk5OjV #electro #foamposite #nike #phoenix #purple #suns
Sat May 09 03:15:06 +0000 2015,Atlantic Notes :Celtics, Teletovic, Saric http://t.co/bBVrQEseFd #Suns #NBA
Sat May 09 03:02:40 +0000 2015,At http://t.co/zbgE1VbKVc -- Night! üåô #swag #legs #surf #boy #pool #girl #mirror #bikini #love #tahiti #abs #suns‚Ä¶ http://t.co/Z1tYvWLsfs
Sat May 09 02:49:04 +0000 2015,Coach Rick Carlisle bashes #Mavericks after loss to #Suns #DallasMavericks #RickCarlisle http://t.co/AVTI9oeo5a
Sat May 09 02:44:53 +0000 2015,For the record. Im a #SUNS fan for life. But i got hella love n respect for D.rose
Sat May 09 02:37:31 +0000 2015,How good would it be at penny pools this arvo #suns out
Sat May 09 02:30:17 +0000 2015,Warriors Focusing On Turnovers, Impatience, Poor Ball Movement http://t.co/RyJMFGEjhq #Suns #NBA
Sat May 09 02:25:47 +0000 2015,#sons #Suns #real https://t.co/vafBMeBjEt
Sat May 09 02:16:53 +0000 2015,RT ‚Üí norcalplane: RT ‚Üí norcalplane: RT ‚Üí norcalplane: RT ‚Üí danieljcutlip: #AlaskanAirlines #Airplane #NonRev #Suns‚Ä¶ https://t.co/iQ1GEcQjty
Sat May 09 02:13:36 +0000 2015,Good morning Azerbaijan #sunrise #sea #ocean #caspian #sea #suns #out #guns #out #riggin #in #the‚Ä¶ https://t.co/K1uwuweeZD
Sat May 09 02:10:16 +0000 2015,Randy Wittman Denies Report Of John Wall Clashing With Wizards' Medical Staff http://t.co/BRl5YmLnYZ #Suns #NBA
