Sat May 09 18:19:13 +0000 2015,L #NBA #TrailBlazers Nba authentic road #Jersey Portland Trail Blazers Nike dri-fit sz 52 XXL #Sales #Discount http://t.co/Qk2NLyJLMV
Sat May 09 18:13:22 +0000 2015,L B #Sporting #Goods Addidas Swingman Portland #TrailBlazers #NBA #Jersey Mens Medium #Portland http://t.co/7j7W9QbSEX
Sat May 09 18:12:06 +0000 2015,#TrailBlazers #Cards Damian Lillard 2012-13 Panini #NBA Hoops Rookie 14 Card Lot Portland Trailblazers http://t.co/GONmPQDT7v #Onsale #Card
Sat May 09 18:07:14 +0000 2015,L #TrailBlazers #Cards 1986-87 Fleer Basketball #85 Jim Paxon RC Trailblazers NM #Onsale #Card http://t.co/PmuWD22xZ4
Sat May 09 18:07:13 +0000 2015,#Healthy #WeightLoss Losing Weight From the Comfort of Your Own Home http://t.co/OCdBYW09AW #TrailBlazers #Diet
Sat May 09 18:01:43 +0000 2015,L #Sporting #Goods Portland #TrailBlazers Robin Lopez Special Edition Coaster #Portland http://t.co/kaL3OFmg4k
Sat May 09 17:55:37 +0000 2015,#TrailBlazers #Cards 2012-13 Panini Past and Present #249 Damian Lillard RC - Portland Trailblazers http://t.co/dlFAYACXbP #Onsale #Card
Sat May 09 17:55:36 +0000 2015,#TrailBlazers #Buzz 2008 Greg Oden Rookie Mc Farland Action Figure http://t.co/iVIMmJYNSw #Deals #Collectibles
Sat May 09 17:55:36 +0000 2015,#NBA #TrailBlazers 2008 Greg Oden Rookie Mc Farland Action Figure http://t.co/evDqK93xvu #Sales #Discount
Sat May 09 17:55:35 +0000 2015,L #NBA #Basketball 1986-87 Fleer Basketball #111 Mychal Thompson RC #TrailBlazers NM #Cards #Card http://t.co/bzePxRanhE
Sat May 09 17:52:09 +0000 2015,#Healthy #WeightLoss Shed Off The Extra Pounds In As Little As A Month http://t.co/sFubX02p9T #TrailBlazers #Diet
Sat May 09 17:47:27 +0000 2015,@MCLAAthletics #trailblazers ready to take on Western New England! http://t.co/X0LzyotBgF
Sat May 09 17:42:03 +0000 2015,.@AmexUK can't wait to see you on Sunday - thanks for being @equalitywalk #trailblazers
Sat May 09 17:40:15 +0000 2015,#TrailBlazers #Cards 2014-15 Prizm Damian Lillard Non Auto Orange Refractor #/139! SP! Trail Blazers http://t.co/nMJaONGdVp #Onsale #Card
Sat May 09 17:40:14 +0000 2015,#Sporting #Goods Portland #TrailBlazers Perfect Cut 4"x4" Color Decal -NEW Auto Sticker Emblem #NBA http://t.co/eGXbafPA6W #Portland
Sat May 09 17:40:13 +0000 2015,#TrailBlazers #Buzz 41 Panini 2013 #NBA Portland Trail Blazers and 150 mini Stickers http://t.co/Mg41adkuUE #Deals #Collectibles
Sat May 09 17:40:13 +0000 2015,#NBA #TrailBlazers Nba authentic road #Jersey Portland Trail Blazers Nike dri-fit sz 52 XXL http://t.co/dTJeqFVyIT #Sales #Discount
Sat May 09 17:38:09 +0000 2015,L L L #Sporting #Goods Addidas Swingman Portland #TrailBlazers #NBA #Jersey Mens Medium #Portland http://t.co/AE0Izhhktg
Sat May 09 17:35:25 +0000 2015,RT @kc1nyk: Report: #TrailBlazers #Blazers could be forced to shake things up based on what star PF-C LaMarcus Aldridge decides to do in fr…
Sat May 09 17:35:21 +0000 2015,RT @kc1nyk: #TrailBlazers #Blazers C-PF Chris Kaman (next year's $5.02 million partially guaranteed for $1m) wants to return, isn't concern…
Sat May 09 17:35:09 +0000 2015,#Healthy #WeightLoss The 4 Cycle Solution Review | The 4 Cycle Solution PDF Helps Users Fuel… http://t.co/kJ6VfVAaRa #TrailBlazers #Diet
Sat May 09 17:31:10 +0000 2015,L #TrailBlazers #Cards 2014-15 Prizm Arron Afflalo Non Auto Blue Refractor #33/49!! SSP! Trail Blazers #Onsale #Card http://t.co/waCuVvDLZ9
Sat May 09 17:23:38 +0000 2015,#TrailBlazers #Cards 1986-87 Fleer Basketball #85 Jim Paxon RC Trailblazers NM http://t.co/3RghQSUjlM #Onsale #Card
Sat May 09 17:23:37 +0000 2015,#Sporting #Goods Portland #TrailBlazers Robin Lopez Special Edition Coaster http://t.co/axsdvD5X9n #Portland
Sat May 09 17:23:36 +0000 2015,#TrailBlazers #Buzz Portland Trailblazers Robin Lopez Special Edition Coaster http://t.co/qwxK7JBGDS #Deals #Collectibles
Sat May 09 17:23:35 +0000 2015,#NBA #TrailBlazers Portland Trailblazers Robin Lopez Special Edition Coaster http://t.co/2yItULszof #Sales #Discount
Sat May 09 17:19:12 +0000 2015,L #NBA #Basketball 2014-15 Donruss #129 Damian Lillard - Portland #TrailBlazers #Cards #Card http://t.co/UU1maXQ5kq
Sat May 09 17:18:05 +0000 2015,#Healthy #WeightLoss How To Eat Healthy And Lose Weight Fast In 10 Easy Steps http://t.co/bxIqjVklEw #TrailBlazers #Diet
Sat May 09 17:07:18 +0000 2015,#NBA #Basketball 1986-87 Fleer Basketball #111 Mychal Thompson RC #TrailBlazers NM http://t.co/x8CFhzqc5i #Cards #Card
Sat May 09 17:07:18 +0000 2015,#TrailBlazers #Cards 1991 FLEER UPDATE #U-81 LOT OF 20 DRAZEN PETROVIC RC PORTLAND TRAILBLAZERS MINT http://t.co/wOZuBSYAn3 #Onsale #Card
Sat May 09 17:07:16 +0000 2015,#TrailBlazers #Buzz #NBA authentic road #Jersey Portland Trail Blazers Nike dri-fit sz 52 XXL http://t.co/5UvE3afALT #Deals #Collectibles
Sat May 09 17:07:16 +0000 2015,#NBA #TrailBlazers 41 Panini 2013 NBA Portland Trail Blazers and 150 mini Stickers http://t.co/675zfBY4k8 #Sales #Discount
Sat May 09 17:05:36 +0000 2015,L L #NBA #TrailBlazers Addidas Swingman Portland Trailblazers NBA #Jersey Mens Medium #Sales #Discount http://t.co/VpT2e2DEFt
Sat May 09 17:01:34 +0000 2015,#Healthy #WeightLoss Take This Quick Quiz To See If You're Ready To Lose Belly Fat http://t.co/3u9SoL8wGQ #TrailBlazers #Diet
Sat May 09 16:59:38 +0000 2015,L #TrailBlazers #Cards 2014-15 Panini Select Premier Prizms Light Purple Die Cut 153 C.J. McCollum /99 #Onsale #Card http://t.co/YFwpUPPpst
Sat May 09 16:52:33 +0000 2015,L L #Sporting #Goods Addidas Swingman Portland #TrailBlazers #NBA #Jersey Mens Medium #Portland http://t.co/46bY2q9bE6
Sat May 09 16:50:39 +0000 2015,#TrailBlazers #Cards 2014-15 Prizm Arron Afflalo Non Auto Blue Refractor #33/49!! SSP! Trail Blazers http://t.co/ZHYV6DFPrF #Onsale #Card
Sat May 09 16:50:36 +0000 2015,#TrailBlazers #Buzz Sport Multi Magnet - Portland Trail Blazers Official #NBA - Punch Out http://t.co/ap8W3hHBKI #Deals #Collectibles
Sat May 09 16:50:35 +0000 2015,#NBA #TrailBlazers Sport Multi Magnet - Portland Trail Blazers Official NBA - Punch Out http://t.co/5wFRPuUUng #Sales #Discount
Sat May 09 16:46:15 +0000 2015,#Healthy #WeightLoss http://t.co/lZpeAaa91j http://t.co/3ny8nZwBvT #TrailBlazers #Diet
Sat May 09 16:46:14 +0000 2015,L #NBA #TrailBlazers Portland Trailblazers Damien Lillard #0 #Adidas Swingman #Jersey Xlarge XL #Sales #Discount http://t.co/VPngVHMog3
Sat May 09 16:42:01 +0000 2015,.@FSCSNews setting the pace - thanks for being @equalitywalk #trailblazers
Sat May 09 16:34:44 +0000 2015,#NBA #Basketball 2014-15 Donruss #129 Damian Lillard - Portland #TrailBlazers http://t.co/0dEBZQwRRH #Cards #Card
Sat May 09 16:34:43 +0000 2015,#TrailBlazers #Cards DAMIAN LILLARD 2012 SELECT CERTIFIED AUTO PRIZM ROOKIE #150 TRAILBLAZERS RARE! http://t.co/RdyvCUcnRi #Onsale #Card
Sat May 09 16:34:41 +0000 2015,#TrailBlazers #Buzz Portland Trailblazers Perfect Cut 4"x4" Color Decal -NEW Auto Sticker… http://t.co/42q1ZeHOxc #Deals #Collectibles
Sat May 09 16:34:41 +0000 2015,#NBA #TrailBlazers Portland Trailblazers Perfect Cut 4"x4" Color Decal -NEW Auto Sticker Emblem NBA http://t.co/Rrg62j6cw5 #Sales #Discount
Sat May 09 16:33:06 +0000 2015,L #Sporting #Goods Portland #TrailBlazers Damien Lillard #0 #Adidas Swingman #Jersey Xlarge XL #Portland http://t.co/EoqQYENVfx
Sat May 09 16:31:15 +0000 2015,RT @TrailBlazers1v: #Healthy #WeightLoss Things You Need to Do If You Want to Lose Weight Fast http://t.co/SI3RiBNK1b #TrailBlazers #Diet
Sat May 09 16:31:15 +0000 2015,#Healthy #WeightLoss Things You Need to Do If You Want to Lose Weight Fast http://t.co/SI3RiBNK1b #TrailBlazers #Diet
Sat May 09 16:28:12 +0000 2015,L #TrailBlazers #Buzz Addidas Swingman Portland Trailblazers #NBA #Jersey Mens Medium #Deals #Collectibles http://t.co/PFjm9qR82u
Sat May 09 16:25:08 +0000 2015,Report: Dream scenarios for #Spurs are getting #TrailBlazers #Blazers star PF-C LaMarcus Aldridge or #Grizzlies star C Marc Gasol in UFA.
Sat May 09 16:22:15 +0000 2015,L #NBA #TrailBlazers Addidas Swingman Portland Trailblazers NBA #Jersey Mens Medium #Sales #Discount http://t.co/0Npo6TPa3x
Sat May 09 16:17:38 +0000 2015,#NBA #Basketball 2012-13 Panini Past and Present #249 Damian Lillard RC - Portland #TrailBlazers http://t.co/UZcCUkt2CL #Cards #Card
Sat May 09 16:17:37 +0000 2015,#TrailBlazers #Cards 2014-15 Panini Select Premier Prizms Light Purple Die Cut 153 C.J. McCollum /99 http://t.co/Tas40kayVN #Onsale #Card
Sat May 09 16:16:17 +0000 2015,L #Sporting #Goods Addidas Swingman Portland #TrailBlazers #NBA #Jersey Mens Medium #Portland http://t.co/PYZbM6MYIC
Sat May 09 16:15:07 +0000 2015,#Healthy #WeightLoss Best Way to Lose Weight: 10 Easy to Do Weight Loss Tips http://t.co/e9WaH6PGIh #TrailBlazers #Diet
Sat May 09 16:07:07 +0000 2015,Report: #TrailBlazers #Blazers could be forced to shake things up based on what star PF-C LaMarcus Aldridge decides to do in free agency.
Sat May 09 16:06:35 +0000 2015,#TrailBlazers #Blazers C-PF Chris Kaman (next year's $5.02 million partially guaranteed for $1m) wants to return, isn't concerned.
Sat May 09 16:05:10 +0000 2015,L #NBA #TrailBlazers PORTLAND TRAILBLAZERS 7UP BOTTLE - 1977 #Sales #Discount http://t.co/jJIe8LTzK7
Sat May 09 16:01:40 +0000 2015,#TrailBlazers #Cards 2014-15 Donruss #129 Damian Lillard - Portland Trailblazers http://t.co/kWOZQwAwMB #Onsale #Card
Sat May 09 16:01:38 +0000 2015,#Sporting #Goods PORTLAND #TrailBlazers 7UP BOTTLE - 1977 http://t.co/71QqP23Zrf #Portland
Sat May 09 16:01:37 +0000 2015,#TrailBlazers #Buzz Portland Trailblazers Damien Lillard #0 #Adidas Swingman #Jersey Xlarge XL http://t.co/OEfuV2Ihy7 #Deals #Collectibles
Sat May 09 16:01:36 +0000 2015,#NBA #TrailBlazers Portland Trailblazers Damien Lillard #0 #Adidas Swingman #Jersey Xlarge XL http://t.co/Cl9mUwNHrF #Sales #Discount
Sat May 09 15:59:06 +0000 2015,#Healthy #WeightLoss Time To Start Preparing For Your New Year's Resolution http://t.co/NzbpPayoIy #TrailBlazers #Diet
Sat May 09 15:52:10 +0000 2015,30days #TrailBlazers #Unitas
Sat May 09 15:48:10 +0000 2015,L #TrailBlazers #Cards LOT (15) ROOKIE CARDS + BECKETT (BGS) 9 MINT~1996-97 U.D. #284 JERMAINE O'NEAL #Onsale #Card http://t.co/96kDzmLmwy
Sat May 09 15:46:13 +0000 2015,#NBA #Basketball LAMARCUS ALDRIDGE 2006 SP SIGNATURE AUTO #Autograph PORTLAND #TrailBlazers http://t.co/y4W9iF87GP #Cards #Card
Sat May 09 15:46:11 +0000 2015,#TrailBlazers #Cards 2013/14 PANINI CRUSADE BASKETBALL MO WILLIAMS BLUE CRUSADE 1/249 Blazers 1/1 http://t.co/gERUAzWfGp #Onsale #Card
Sat May 09 15:46:10 +0000 2015,#Sporting #Goods Portland #TrailBlazers Damien Lillard #0 #Adidas Swingman #Jersey Xlarge XL http://t.co/pkW5DoKMxf #Portland
Sat May 09 15:46:09 +0000 2015,#TrailBlazers #Buzz Addidas Swingman Portland Trailblazers #NBA #Jersey Mens Medium http://t.co/pEff8I28XO #Deals #Collectibles
Sat May 09 15:46:07 +0000 2015,#NBA #TrailBlazers Addidas Swingman Portland Trailblazers NBA #Jersey Mens Medium http://t.co/xx63kqqumg #Sales #Discount
Sat May 09 15:44:56 +0000 2015,#Healthy #WeightLoss Natural Fat Burners For Effective Fat Loss http://t.co/g5PiojTcFj #TrailBlazers #Diet … http://t.co/WG7kfJQzab
Sat May 09 15:44:06 +0000 2015,#Healthy #WeightLoss Natural Fat Burners For Effective Fat Loss http://t.co/itJnlthwIY #TrailBlazers #Diet
Sat May 09 15:41:37 +0000 2015,L #TrailBlazers #Buzz Vintage Portland Trailblazers Rasheed Wallace #30 #NBA #Jersey Reebok… #Deals #Collectibles http://t.co/1gNNlDlLbR
Sat May 09 15:40:02 +0000 2015,.@B3Living will #walkforequality at @stonewalluk Walk - thanks for being @equalitywalk #trailblazers
Sat May 09 15:35:36 +0000 2015,L #NBA #TrailBlazers Vintage Portland Trailblazers Rasheed Wallace #30 NBA #Jersey Reebok Adult XL… #Sales #Discount http://t.co/oNI96RPe2u
Sat May 09 15:29:08 +0000 2015,#Sporting #Goods Addidas Swingman Portland #TrailBlazers #NBA #Jersey Mens Medium http://t.co/twBTUFlkdB #Portland
Sat May 09 15:29:08 +0000 2015,#TrailBlazers #Buzz PORTLAND TRAILBLAZERS 7UP BOTTLE - 1977 http://t.co/nQOycUzhLk #Deals #Collectibles
Sat May 09 15:29:07 +0000 2015,#NBA #TrailBlazers PORTLAND TRAILBLAZERS 7UP BOTTLE - 1977 http://t.co/tymKIglKr3 #Sales #Discount
Sat May 09 15:29:06 +0000 2015,#NBA #Basketball 2002-03 Topps Pristine #112 Qyntel Woods RC /1499 Portland #TrailBlazers http://t.co/8XVKQwAWP1 #Cards #Card
Sat May 09 15:29:05 +0000 2015,#TrailBlazers #Cards 2014-15 Court Kings Portraits #19 LaMarcus Aldridge - Portland Trailblazers /149 http://t.co/Ue4Lx04TkX #Onsale #Card
Sat May 09 15:29:05 +0000 2015,#Healthy #WeightLoss Best Food And Tips To Shape Your Upper Body While Burning Fat http://t.co/LFqkDgBG41 #TrailBlazers #Diet
Sat May 09 15:28:33 +0000 2015,L #NBA #TrailBlazers CLYDE DREXLER Portland Trailblazers Glossy 8 x 10 Photo Poster #Sales #Discount http://t.co/xMNHNc0ie4
Sat May 09 15:22:08 +0000 2015,L #TrailBlazers #Cards 2006 Bowman Brandon Roy #124 Rookie Basketball Card Portland Trailblazers #Onsale #Card http://t.co/XX1BKQvxCv
Sat May 09 15:13:08 +0000 2015,#TrailBlazers #Cards LOT (15) ROOKIE CARDS + BECKETT (BGS) 9 MINT~1996-97 U.D. #284 JERMAINE O'NEAL http://t.co/C4hRrdvzpw #Onsale #Card
Sat May 09 15:13:08 +0000 2015,#Healthy #WeightLoss Why Dieting Doesn't Work, Why You Put on Weight and Why Diets Are Bad for… http://t.co/EwPKg30Oiv #TrailBlazers #Diet
Sat May 09 15:08:34 +0000 2015,L #Sporting #Goods CLYDE DREXLER Portland #TrailBlazers Glossy 8 x 10 Photo Poster #Portland http://t.co/agSWIY5jz1
Sat May 09 15:02:57 +0000 2015,L #TrailBlazers #Buzz CLYDE DREXLER Portland Trailblazers Glossy 8 x 10 Photo Poster #Deals #Collectibles http://t.co/WD4v4gMw0R
Sat May 09 14:58:17 +0000 2015,#Healthy #WeightLoss The Importance Of Healthy Weight Loss Recipes http://t.co/qTKysNlO2Y #TrailBlazers #Diet
Sat May 09 14:57:08 +0000 2015,#TrailBlazers #Cards 1992 Fleer Gold Basketball Card # 12 Clyde Drexler Portland Trailblazers http://t.co/1Jj4tETjlI #Onsale #Card
Sat May 09 14:57:08 +0000 2015,#Sporting #Goods Vintage Portland #TrailBlazers Rasheed Wallace #30 #NBA #Jersey Reebok Adult XL VTG http://t.co/H4kiMLlTNH #Portland
Sat May 09 14:57:07 +0000 2015,#TrailBlazers #Buzz Vintage Portland Trailblazers Rasheed Wallace #30 #NBA #Jersey Reebok… http://t.co/0gpoifdSyF #Deals #Collectibles
Sat May 09 14:57:06 +0000 2015,#NBA #TrailBlazers Vintage Portland Trailblazers Rasheed Wallace #30 NBA #Jersey Reebok Adult XL… http://t.co/erHdcd9pJ5 #Sales #Discount
Sat May 09 14:50:05 +0000 2015,L #TrailBlazers #Cards 2014-15 Court Kings Aficionado #19 Damian Lillard #Onsale #Card http://t.co/28z40cP7rY
Sat May 09 14:43:34 +0000 2015,L L #TrailBlazers #Cards 1996-97 Finest #31 Jermaine O'Neal RC , Portland Trail Blazers Basketball #Onsale #Card http://t.co/D7EudvfBBW
Sat May 09 14:42:01 +0000 2015,.@circlehousing will #walkforequality at @stonewalluk Walk - thanks for being @equalitywalk #trailblazers
Sat May 09 14:40:36 +0000 2015,#NBA #Basketball 1991 FLEER UPDATE #U-81 LOT OF 20 DRAZEN PETROVIC RC PORTLAND #TrailBlazers MINT http://t.co/gjGplElYpW #Cards #Card
Sat May 09 14:40:36 +0000 2015,#Sporting #Goods Portland #TrailBlazers Swear Pants Nike 2xl XXL VTG http://t.co/4bndxPrXYS #Portland
Sat May 09 14:40:35 +0000 2015,#TrailBlazers #Buzz Portland Trailblazers Swear Pants Nike 2xl XXL VTG http://t.co/vYNtblGd7j #Deals #Collectibles
Sat May 09 14:40:34 +0000 2015,#NBA #TrailBlazers CLYDE DREXLER Portland Trailblazers Glossy 8 x 10 Photo Poster http://t.co/XdB0gswa7L #Sales #Discount
