Sat May 09 18:13:30 +0000 2015,RT @OurTimberwolves: http://t.co/y2mpdiy2PY [Fansided: Dunking with Wolves] - Nemanja Bjelica named to All-Eur #NBA #TWolves http://t.co/a4‚Ä¶
Sat May 09 17:46:49 +0000 2015,Nemanja Bjelica named to All-Euroleague First Team: This past week, Minnesota Timberwolves draftee Ne... http://t.co/pVVrG7tiDH #TWolves
Sat May 09 17:37:22 +0000 2015,http://t.co/y2mpdiy2PY [Fansided: Dunking with Wolves] - Nemanja Bjelica named to All-Eur #NBA #TWolves http://t.co/a4nZqAyA5r
Sat May 09 17:11:39 +0000 2015,RT @DWolfsonKSTP: Anthony Bennett training w/ @DrewHanlen, Wiggins/LaVine's guy. In Santa Barbara now. Fixing shot mechanics + wants to los‚Ä¶
Sat May 09 16:58:51 +0000 2015,RT @DWolfsonKSTP: Anthony Bennett training w/ @DrewHanlen, Wiggins/LaVine's guy. In Santa Barbara now. Fixing shot mechanics + wants to los‚Ä¶
Sat May 09 16:57:05 +0000 2015,RT @DWolfsonKSTP: Anthony Bennett training w/ @DrewHanlen, Wiggins/LaVine's guy. In Santa Barbara now. Fixing shot mechanics + wants to los‚Ä¶
Sat May 09 16:55:30 +0000 2015,RT @DWolfsonKSTP: Anthony Bennett training w/ @DrewHanlen, Wiggins/LaVine's guy. In Santa Barbara now. Fixing shot mechanics + wants to los‚Ä¶
Sat May 09 16:52:07 +0000 2015,RT @DWolfsonKSTP: Anthony Bennett training w/ @DrewHanlen, Wiggins/LaVine's guy. In Santa Barbara now. Fixing shot mechanics + wants to los‚Ä¶
Sat May 09 16:51:15 +0000 2015,RT @TWolves_news: No Ceilings :Andrew Wiggins' Offense Could Defy Projections Next Season| http://t.co/4d8gyFDsgj #NBA #TWolves
Sat May 09 16:48:34 +0000 2015,RT @DWolfsonKSTP: Anthony Bennett training w/ @DrewHanlen, Wiggins/LaVine's guy. In Santa Barbara now. Fixing shot mechanics + wants to los‚Ä¶
Sat May 09 16:46:22 +0000 2015,@DWolfsonKSTP You have any math major followers, Doogie? Odds that #Twolves get one of top 2 picks? Found odds for top 3 - 64.3%.
Sat May 09 16:42:13 +0000 2015,No Ceilings :Andrew Wiggins' Offense Could Defy Projections Next Season| http://t.co/4d8gyFDsgj #NBA #TWolves
Sat May 09 16:14:22 +0000 2015,Report: #TWolves #Timberwolves PF Anthony Bennett is taking steps to improve upon his conditioning, focusing on fixing his shot mechanics.
Sat May 09 16:13:44 +0000 2015,#TWolves #Timberwolves PF Anthony Bennett has already started training in Santa Barbara, hoping to lose 15 lbs.
Sat May 09 16:11:58 +0000 2015,RT @DWolfsonKSTP: Anthony Bennett training w/ @DrewHanlen, Wiggins/LaVine's guy. In Santa Barbara now. Fixing shot mechanics + wants to los‚Ä¶
Sat May 09 16:03:52 +0000 2015,RT @DWolfsonKSTP: Anthony Bennett training w/ @DrewHanlen, Wiggins/LaVine's guy. In Santa Barbara now. Fixing shot mechanics + wants to los‚Ä¶
Sat May 09 15:57:42 +0000 2015,RT @DWolfsonKSTP: Anthony Bennett training w/ @DrewHanlen, Wiggins/LaVine's guy. In Santa Barbara now. Fixing shot mechanics + wants to los‚Ä¶
Sat May 09 15:49:04 +0000 2015,RT @DWolfsonKSTP: Anthony Bennett training w/ @DrewHanlen, Wiggins/LaVine's guy. In Santa Barbara now. Fixing shot mechanics + wants to los‚Ä¶
Sat May 09 15:48:56 +0000 2015,RT @DWolfsonKSTP: Anthony Bennett training w/ @DrewHanlen, Wiggins/LaVine's guy. In Santa Barbara now. Fixing shot mechanics + wants to los‚Ä¶
Sat May 09 15:45:18 +0000 2015,RT @DWolfsonKSTP: Anthony Bennett training w/ @DrewHanlen, Wiggins/LaVine's guy. In Santa Barbara now. Fixing shot mechanics + wants to los‚Ä¶
Sat May 09 15:44:59 +0000 2015,Anthony Bennett training w/ @DrewHanlen, Wiggins/LaVine's guy. In Santa Barbara now. Fixing shot mechanics + wants to lose 15 lbs. #twolves
Sat May 09 15:00:44 +0000 2015,http://t.co/y2mpdiy2PY [Fansided: Dunking with Wolves] - Timberwolves draft scenarios: se #NBA #TWolves http://t.co/oHzYqurmes
Sat May 09 14:37:23 +0000 2015,Timberwolves and Lynx Weekly Story Roundup| http://t.co/HDEmjSlkmf #NBA #TWolves
Sat May 09 14:17:28 +0000 2015,Timberwolves draft scenarios: selecting 1st-4th: There‚Äôs no doubt that the NBA Draft is the key event... http://t.co/dKut7ExvQL #TWolves
Sat May 09 13:27:19 +0000 2015,Wolves Big Board, 2012| http://t.co/WbEI0btHeZ #NBA #TWolves
Sat May 09 11:52:49 +0000 2015,http://t.co/LpVHdHWD04 Miller-Genuine-Draft Pint Glass-Minnesota-Timberwolves  #TWolves http://t.co/h4UwVat0kU
Sat May 09 09:22:28 +0000 2015,NBA Playoffs Nightly Recap | May 6| http://t.co/8KsKPbt0qa #NBA #TWolves
Sat May 09 09:00:23 +0000 2015,http://t.co/LpVHdHWD04 Minnesota Timberwolves Inagural Season Pin 1989-1990 NBA  #TWolves http://t.co/Mkq47RyYpb
Sat May 09 08:47:26 +0000 2015,By :Marty Susman| http://t.co/s85hI3s2ta #NBA #TWolves
Sat May 09 08:12:24 +0000 2015,Blue Jays, Bills, Timberwolves and Oilers Are Parched in the Postseason| http://t.co/xYwQXe19Vn #NBA #TWolves
Sat May 09 06:58:11 +0000 2015,http://t.co/y2mpdiy2PY [Star Tribune] - Injured point guards having impact in conference  #NBA #TWolves http://t.co/1okFxPzGkF
Sat May 09 05:50:47 +0000 2015,Zach Lavine all dunks of 2014-2015 season #minnesota #timberwolves #twolves #rookie http://t.co/cpWh4nHKjz
Sat May 09 05:13:19 +0000 2015,http://t.co/qbG97MyA7H Rose banks in 3 at buzzer, scores 30 to lift Bulls over Cavaliers  #NBA #TWolves http://t.co/Tg42jqXMIo
Sat May 09 05:04:32 +0000 2015,@IAMCLAAS sweet. I, ahem, am a #TWolves fan cause I'm from Minnesota. But I'm a huge KD fan, and I'm rooting for #GoldenState to win
Sat May 09 04:42:12 +0000 2015,NBA Predictions| http://t.co/Tvho5s69EL #NBA #TWolves
Sat May 09 04:25:05 +0000 2015,http://t.co/y2mpdiy2PY [Pioneer Press] - Rose banks in 3 at buzzer, scores 30 to lift Bul #NBA #TWolves http://t.co/I1vdqL4KNi
Sat May 09 04:08:08 +0000 2015,#Timberwolves #TWolves Rose banks in 3 at buzzer, scores 30 to lift Bulls over Cavaliers 99-96 http://t.co/xkYXJr9PON
Sat May 09 04:07:10 +0000 2015,5 grandes hitos de Wiggins en Minnesota| http://t.co/vrOPCJKEwi #NBA #TWolves
Sat May 09 03:26:34 +0000 2015,Ricky Rubio will have a strong 2015-16 season: Enough is enough. Ricky Rubio has had enough. He‚Äôs end... http://t.co/jWsjdAQ49J #TWolves
Sat May 09 02:58:41 +0000 2015,Hard to believe it's almost been 11 years since the #TWolves beat the #Kings to advance to the Western Conf Finals. http://t.co/j4zObkR3yP
Sat May 09 02:57:31 +0000 2015,Blue Jays, Bills, Timberwolves and Oilers Are Parched in the Postseason| http://t.co/xYwQXeiKMV #NBA #TWolves
Sat May 09 02:57:01 +0000 2015,"@BeeHeintzSKOL: Wiggins would have locked down Rose on that play.  Tbh."tough to do from the couch. #twolves
Sat May 09 02:38:55 +0000 2015,I hope the #Bulls lose the series to the #Cavs so that the #Twolves can hire Thibodeau as soon as possible. #NBA
Sat May 09 01:56:09 +0000 2015,http://t.co/y2mpdiy2PY [Star Tribune] - Injured Chris Paul to start Game 3 for Clippers a #NBA #TWolves http://t.co/llcGfg3GEF
Sat May 09 01:47:27 +0000 2015,Who are these guys? NBA playoffs have fresh look as traditional powers watch from the sideline| http://t.co/K6srhUZFaH #NBA #TWolves
Sat May 09 01:17:22 +0000 2015,RT @ShaveenAmedi: ‚Äú@MNTimberwolves: Happy Valentine's Day, #Twolves fans! http://t.co/4bhaXJ1uwD‚Äù @abeyer5
Sat May 09 00:36:07 +0000 2015,#Timberwolves #TWolves NBA fines Clippers' Barnes for inappropriate language to Rockets star Harden's mother http://t.co/uk7uGsgTOf
Sat May 09 00:08:06 +0000 2015,#Timberwolves #TWolves #Wolves NBA Playoffs: Cavaliers at Bulls, Rockets at Clippers http://t.co/Z6fRnE0AI1
Sat May 09 00:02:21 +0000 2015,NBA Playoffs Nightly Recap | May 6| http://t.co/8KsKPbt0qa #NBA #TWolves
Fri May 08 22:52:17 +0000 2015,Wolves Big Board, 2012| http://t.co/WbEI0btHeZ #NBA #TWolves
Fri May 08 22:05:58 +0000 2015,http://t.co/LpVHdHWD04 Kevin Garnett 2003 and 2002 Minnesota Timberwolves SGA Bobblehe #TWolves http://t.co/NXo27OVWdv
Fri May 08 21:39:37 +0000 2015,RT @SiriusXMNBA: Here's the "Big Bad Wolf" #Twolves shirt @badboyhorn44 was telling @TermineRadio about http://t.co/BQKJIGua9s
Fri May 08 21:38:57 +0000 2015,Thoughts on Chad Ford's thoughts on who the Wolves might draft: http://t.co/bp91sVubms #Twolves
Fri May 08 21:38:36 +0000 2015,Here's the "Big Bad Wolf" #Twolves shirt @badboyhorn44 was telling @TermineRadio about http://t.co/BQKJIGua9s
Fri May 08 20:03:27 +0000 2015,http://t.co/y2mpdiy2PY [SB Nation: Canis Hoopus] - Timberwolves and Lynx Weekly Story Rou #NBA #TWolves http://t.co/nGCZBGVUxA
Fri May 08 19:09:21 +0000 2015,#Timberwolves #TWolves #Wolves New Minnesota Timberwolves Rumors. Friday, May 8 2015 http://t.co/PnQzUkxIX5
Fri May 08 19:00:29 +0000 2015,RT @fsnorth: Minnesota #Timberwolves season report card: Chase Budinger #TWolves @PhilErvin http://t.co/Kg34iOLNfh via @fsnorth
Fri May 08 19:00:19 +0000 2015,Minnesota #Timberwolves season report card: Chase Budinger #TWolves @PhilErvin http://t.co/Kg34iOLNfh via @fsnorth
Fri May 08 18:34:37 +0000 2015,RT @TwolvesArmyRu: #Twolves #BigPek http://t.co/z2taoGzGp2
Fri May 08 18:30:44 +0000 2015,RT @TwolvesArmyRu: #Twolves #BigPek http://t.co/z2taoGzGp2
Fri May 08 18:25:51 +0000 2015,#Twolves #BigPek http://t.co/z2taoGzGp2
Fri May 08 17:26:56 +0000 2015,Chad Ford releases ‚ÄúGrade A‚Äù mock draft, Towns to Wolves: We talked a few weeks ago about Chad Ford‚Äôs... http://t.co/gfm8a3J6hu #TWolves
Fri May 08 17:23:40 +0000 2015,RT @Wolves_TEN: Tune in to @fsnorth tonight at 9:30pm for the premiere of our documentary #EyesOnTheRise #memes #Twolves #darrendawg http:/‚Ä¶
Fri May 08 17:21:12 +0000 2015,http://t.co/y2mpdiy2PY [Fansided: Dunking with Wolves] - Chad Ford releases ‚ÄúGrade A‚Äù moc #NBA #TWolves http://t.co/pl56Cj5o3I
Fri May 08 17:09:50 +0000 2015,RT @WolvesViews: #Timberwolves #TWolves #Wolves Timberwolves and Lynx Weekly Story Roundup http://t.co/vPLZwSkmie
Fri May 08 17:08:03 +0000 2015,#Timberwolves #TWolves #Forum Bill Simmons out at ESPN http://t.co/zC7bhRE3tY
Fri May 08 17:08:03 +0000 2015,#Timberwolves #TWolves #Wolves Timberwolves and Lynx Weekly Story Roundup http://t.co/vPLZwSkmie
Fri May 08 16:21:00 +0000 2015,Tune in to @fsnorth tonight at 9:30pm for the premiere of our documentary #EyesOnTheRise #memes #Twolves #darrendawg http://t.co/gHlNd4k0Ts
Fri May 08 16:12:08 +0000 2015,RT @schilling_cody: Had a chance to workout my first NBA player ever today. Adreian Payne put in work! #Twolves http://t.co/wTgsHzoGGk
Fri May 08 15:39:21 +0000 2015,Hopping on @1500ESPN with @PhilMackey and @1500ESPNJudd in a few minutes. Anthony Bennett update for #Twolves fans.
Fri May 08 15:12:26 +0000 2015,5 grandes hitos de Wiggins en Minnesota| http://t.co/vrOPCJKEwi #NBA #TWolves
Fri May 08 15:04:10 +0000 2015,Relive some of the best moments from @22Wiggins' rookie campaign. https://t.co/Gh5SQLHuxo #TWolves #KiaROY #VaughanCity #NBA
Fri May 08 14:47:11 +0000 2015,http://t.co/y2mpdiy2PY [Bloguin: NBA Draft Blog] - Should Lorenzo Brown Be Given A Chance #NBA #TWolves http://t.co/m1IHAZ5iZ6
Fri May 08 14:45:10 +0000 2015,RT @aaronmah0: Find out why Scott Brooks would be the perfect coach to usher in new #TWOLVES era: https://t.co/qywvOmOM8Z via @HoopsHabit @‚Ä¶
Fri May 08 14:02:33 +0000 2015,RT @schilling_cody: Had a chance to workout my first NBA player ever today. Adreian Payne put in work! #Twolves http://t.co/wTgsHzoGGk
Fri May 08 14:02:22 +0000 2015,Blue Jays, Bills, Timberwolves and Oilers Are Parched in the Postseason| http://t.co/xYwQXe19Vn #NBA #TWolves
Fri May 08 13:43:55 +0000 2015,RT @schilling_cody: Had a chance to workout my first NBA player ever today. Adreian Payne put in work! #Twolves http://t.co/wTgsHzoGGk
Fri May 08 13:28:44 +0000 2015,I wrote some things about basketball. #TWolves #Rubio #NBAPlayoffs | via @canishoopus// http://t.co/rMGcH9lsmw http://t.co/uVyPKejaMK
Fri May 08 13:10:40 +0000 2015,RT @schilling_cody: Had a chance to workout my first NBA player ever today. Adreian Payne put in work! #Twolves http://t.co/wTgsHzoGGk
Fri May 08 13:03:01 +0000 2015,RT @TWolves_news: NBA Predictions| http://t.co/Tvho5s69EL #NBA #TWolves
Fri May 08 13:00:38 +0000 2015,RT @schilling_cody: Had a chance to workout my first NBA player ever today. Adreian Payne put in work! #Twolves http://t.co/wTgsHzoGGk
Fri May 08 12:58:11 +0000 2015,RT @schilling_cody: Had a chance to workout my first NBA player ever today. Adreian Payne put in work! #Twolves http://t.co/wTgsHzoGGk
Fri May 08 12:52:18 +0000 2015,NBA Predictions| http://t.co/Tvho5s69EL #NBA #TWolves
Fri May 08 12:09:00 +0000 2015,http://t.co/y2mpdiy2PY [Bleacher Report] - No Ceilings: Why Andrew Wiggins Could Defy Pro #NBA #TWolves http://t.co/hXEH1Fn0DO
Fri May 08 12:08:14 +0000 2015,#Timberwolves #TWolves #Wolves No Ceilings: Why Andrew Wiggins Could Defy Projections Next Season http://t.co/FijAXAEQNR
Fri May 08 12:06:56 +0000 2015,Ricky Rubio on Road to Recovery, NBA Draft Comb... #Twolves #MinnesotaTimberwolves http://t.co/dm22G8AGQs http://t.co/ztSfY2KA9U
Fri May 08 12:06:46 +0000 2015,No Ceilings: Why Andrew Wiggins Could Defy Pr... #Twolves #MinnesotaTimberwolves http://t.co/kvPatcEBO9 http://t.co/vPdh7xAlWo
Fri May 08 11:47:12 +0000 2015,RT @KeithLeventhal: Last trip to conference finals://#Vikings - 2009/#Twolves - 2004/#mnwild - 2003/#MNTwins - 2002
Fri May 08 11:42:14 +0000 2015,By :Marty Susman| http://t.co/s85hI3s2ta #NBA #TWolves
Fri May 08 11:37:04 +0000 2015,#Timberwolves #TWolves #Wolves Ricky Rubio on Road to Recovery, NBA Draft Combine Around the Corner http://t.co/5rgwjKH6k5
Fri May 08 11:32:04 +0000 2015,Last time team won playoff series in back-to-back years: #mnwild - 2014-2015 #Vikings (gms) - 1999-2000 #Twolves -‚Ä¶ http://t.co/cyOjFJx6ws
Fri May 08 10:53:41 +0000 2015,RT @KeithLeventhal: Last time team won playoff series in back-to-back years://#mnwild - 2014-2015/#Vikings (gms) - 1999-2000/#Twolves - Nev‚Ä¶
Fri May 08 10:17:43 +0000 2015,RT @KeithLeventhal: Last time team won playoff series in back-to-back years://#mnwild - 2014-2015/#Vikings (gms) - 1999-2000/#Twolves - Nev‚Ä¶
Fri May 08 09:57:30 +0000 2015,Wolves Big Board, 2012| http://t.co/WbEI0btHeZ #NBA #TWolves
Fri May 08 09:22:28 +0000 2015,NBA Playoffs Nightly Recap | May 6| http://t.co/8KsKPbt0qa #NBA #TWolves
Fri May 08 08:42:03 +0000 2015,RT @RaptorsSocial: He knows. #Drake #OVO #DubNation #Raptors #WeTheNorth #AndrewWiggins #TWolves http://t.co/XvkXAGnagt http://t.co/iTf3uxG‚Ä¶
Fri May 08 07:35:42 +0000 2015,@FiraScholesy @KVJ_88 //ÿßÿÆÿ± ŸÜŸáÿßÿ¶Ÿä ŸÖŸÜÿßÿ∑ŸÇ ŸàÿµŸÑŸàÿß ŸÑŸá ŸÖŸäŸÜÿ≥Ÿàÿ™ÿß üëé ÿßŸÑŸÑŸá ŸäÿµŸÑÿ≠ ÿßŸÑÿ≠ÿßŸÑ üòÅ//#Vikings - 2009/#Twolves - 2004/#mnwild - 2003/#MNTwins - 2002
Fri May 08 07:06:31 +0000 2015,RT @KeithLeventhal: Last trip to conference finals://#Vikings - 2009/#Twolves - 2004/#mnwild - 2003/#MNTwins - 2002
Fri May 08 06:52:44 +0000 2015,@buniobuniek ale bƒôdzie ju≈º dzisiaj? #cantwait #TWolves #OneHungryPack
Fri May 08 06:48:47 +0000 2015,http://t.co/y2mpdiy2PY [Pioneer Press] - LeBron leads Cavs into Chicago, with JR Smith jo #NBA #TWolves http://t.co/GN7qKEc9XQ
