Sat May 09 18:01:32 +0000 2015,#NBA #UtahJazz - UTAH JAZZ BLUE WORM-UP JERSEY/TOP NO PLAYER NAME ADIDAS REGULAR SEASON... http://t.co/RzBfE29lQC http://t.co/lQmogZfBKD
Sat May 09 17:35:42 +0000 2015,RT @kc1nyk: Report: If #Nets PG-SG Deron Williams is bought out or waived with stretch provision, don't rule out a return to the #UtahJazz …
Sat May 09 17:27:17 +0000 2015,#NBA #UtahJazz - John Stockton Utah Jazz white NBA throwback Jersey Size  S M L XL XXL:... http://t.co/hddSxei2TB http://t.co/lQmogZfBKD
Sat May 09 17:27:17 +0000 2015,#NBA #UtahJazz - John Stockton Utah Jazz white NBA throwback Jersey Size  S M L XL XXL:... http://t.co/wSqtnmYcI0 http://t.co/k33Sm3HFUt
Sat May 09 17:27:17 +0000 2015,#NBA #UtahJazz - 34 Panini 2013 NBA  Utah Jazz and 150 mini  Stickers:  $11.00End Date:... http://t.co/K6lShf1CMZ http://t.co/k33Sm3HFUt
Sat May 09 17:08:05 +0000 2015,#UtahJazz #jazznation #gojazz #forum Rodney Hood Going Hard! http://t.co/8AGoSbZeVQ
Sat May 09 16:58:22 +0000 2015,Great article on a bright future. #jazznation #WeAreUtahJazz #utahjazz @utahjazz /http://t.co/FiQYInnGhA
Sat May 09 16:57:33 +0000 2015,#NBA #UtahJazz - 34 Panini 2013 NBA  Utah Jazz and 150 mini  Stickers:  $11.00End Date:... http://t.co/cHdZXCe7Qt http://t.co/lQmogZfBKD
Sat May 09 16:52:05 +0000 2015,#SBNation #UtahJazz Downbeat #1622 - Star treatment, and conspiracies http://t.co/8SEuuWacvd http://t.co/a5mtzFEDK1
Sat May 09 16:30:23 +0000 2015,#UtahJazz #Jazz SF-SG Rodney Hood is doing two-a-days at IMG because he wants to stay in game shape all summer.
Sat May 09 16:23:22 +0000 2015,#NBA #UtahJazz - NBA Utah Jazz Basketball Team Flag Banner:  $9.99End Date: Tuesday May... http://t.co/cOqu10tY0q http://t.co/lQmogZfBKD
Sat May 09 16:23:22 +0000 2015,#NBA #UtahJazz - NBA Utah Jazz Basketball Team Flag Banner:  $9.99End Date: Tuesday May... http://t.co/yxXJqV7vaT http://t.co/k33Sm3HFUt
Sat May 09 16:23:22 +0000 2015,#NBA #UtahJazz - Throwback Adidas Mens Deron Williams Utah Jazz NBA Basketball Sewn Jer... http://t.co/P5KpB7fy4d http://t.co/k33Sm3HFUt
Sat May 09 16:20:25 +0000 2015,Report: If #Nets PG-SG Deron Williams is bought out or waived with stretch provision, don't rule out a return to the #UtahJazz #Jazz.
Sat May 09 15:55:10 +0000 2015,2014/15 D-League Usage Report :Knicks http://t.co/7r0iqJRHCb #UtahJazz #NBA
Sat May 09 15:52:02 +0000 2015,#NBA #UtahJazz - Throwback Adidas Mens Deron Williams Utah Jazz NBA Basketball Sewn Jer... http://t.co/hT0tGxVCLP http://t.co/lQmogZfBKD
Sat May 09 15:38:40 +0000 2015,#UtahJazz News Utah Jazz basketball: Ranking the top 25 players in franchise history: Ranking the top players ... http://t.co/VtCpNL6p9f
Sat May 09 15:12:40 +0000 2015,Northwest Notes :Donovan, Blazers, Pleiss| http://t.co/QldDXBo6lS #NBA #UtahJazz
Sat May 09 14:47:37 +0000 2015,#NBA #UtahJazz - 1994 Starting Lineup Karl Malone Utah Jazz Basketball Figure w/ Tradin... http://t.co/jHXL2vG6OO http://t.co/lQmogZfBKD
Sat May 09 14:13:11 +0000 2015,#NBA #UtahJazz - NBA Utah Jazz Team Color Qulted Hobo - New - Free Shipping:  $11.00End... http://t.co/zWrH7jslS5 http://t.co/lQmogZfBKD
Sat May 09 14:13:10 +0000 2015,#NBA #UtahJazz - NBA Utah Jazz Team Color Qulted Hobo - New - Free Shipping:  $11.00End... http://t.co/5f5G6vTE0C http://t.co/k33Sm3HFUt
Sat May 09 14:03:38 +0000 2015,Embarrassing @espnradio every SportsCenter update his morning you've called him "Byron" but it's "Bryon" Russell. #UtahJazz
Sat May 09 13:30:18 +0000 2015,Derrick Rose banks in 3 at buzzer to lift Bulls over Cavaliers 99-96 http://t.co/lCkt6e5VXD #UtahJazz #NBA
Sat May 09 13:27:34 +0000 2015,Northwest Notes :Singler, Donovan, Draft, Gee| http://t.co/dSWMfKSEef #NBA #UtahJazz
Sat May 09 13:08:05 +0000 2015,#UtahJazz #jazznation #gojazz #utah New Utah Jazz Rumors. Saturday, May 9 2015 http://t.co/T77zlkzQwA
Sat May 09 13:07:12 +0000 2015,#UtahJazz #jazznation #gojazz #forum SLC Dunk - NBA Playoffs 2015: Big market teams getting star calls and win.. http://t.co/rTKFYJPPwh
Sat May 09 12:52:32 +0000 2015,Nets Drop to 3-10 in January With a Drubbing by the Jazz| http://t.co/OzrKDEqDzJ #NBA #UtahJazz
Sat May 09 12:17:30 +0000 2015,Jazz Hold On to Beat the Knicks| http://t.co/ICrkkhJQps #NBA #UtahJazz
Sat May 09 12:07:09 +0000 2015,#UtahJazz #jazznation #gojazz #utah NBA Playoffs 2015: Big market teams getting star calls and winning, Utah J.. http://t.co/6E9ZCU69Ko
Sat May 09 12:04:52 +0000 2015,#NBA #UtahJazz - UTAH JAZZ 2 MALONE STARTING LINEUP KARL MALONE JOHN STOCKTON CLASSIC D... http://t.co/OfMOA39ua2 http://t.co/k33Sm3HFUt
Sat May 09 11:50:14 +0000 2015,Western Notes :D-League, Donovan, Williams http://t.co/i01cVoeJIh #UtahJazz #NBA
Sat May 09 11:42:28 +0000 2015,Jazz and Partners Contribute Nearly $240,000 in Charitable Donations This Season| http://t.co/0rekYRin66 #NBA #UtahJazz
Sat May 09 11:35:00 +0000 2015,#NBA #UtahJazz - UTAH JAZZ 2 MALONE STARTING LINEUP KARL MALONE JOHN STOCKTON CLASSIC D... http://t.co/lUlitvosdn http://t.co/lQmogZfBKD
Sat May 09 11:30:13 +0000 2015,2015 Prospect Profile Series http://t.co/Elq6LgV9Tf #UtahJazz #NBA
Sat May 09 11:07:26 +0000 2015,Emptying the Noggin â Bryce Cotton on the hammer dunk| http://t.co/9NX6G8lXby #NBA #UtahJazz
Sat May 09 11:05:13 +0000 2015,Utah Jazz top five stories of the week http://t.co/ysvrZHbCMW #UtahJazz #NBA
Sat May 09 11:00:33 +0000 2015,#NBA #UtahJazz - UTAH JAZZ 1993 ALL STAR GAME SWEATSHIRT ADULT XL  IN GOOD CONDITION:  ... http://t.co/PqgCCIBwzE http://t.co/k33Sm3HFUt
Sat May 09 10:32:24 +0000 2015,Cavaliers Make 19 3-Pointers to Overwhelm Hawks; Grizzlies Continue Fast Start| http://t.co/iV5bgy40bO #NBA #UtahJazz
Sat May 09 10:30:58 +0000 2015,Utah Jazz sign JP Gibson http://t.co/15phTNCP1e  #cancer #dream #jpgibson #utahjazz
Sat May 09 10:30:33 +0000 2015,#NBA #UtahJazz - UTAH JAZZ 1993 ALL STAR GAME SWEATSHIRT ADULT XL  IN GOOD CONDITION:  ... http://t.co/IAnBEwmSmc http://t.co/lQmogZfBKD
Sat May 09 10:05:12 +0000 2015,Miller Motorsports Park to cease operations http://t.co/NO0qMnpEw1 #UtahJazz #NBA
Sat May 09 09:57:46 +0000 2015,The RoundupâJazz 91, Rockets 117| http://t.co/PA2COp5wJz #NBA #UtahJazz
Sat May 09 09:56:37 +0000 2015,#NBA #UtahJazz - 1996 CORINTHIAN NBA HEADLINERS KARL MALONE UTAH JAZZ WHITE JERSEY FIGU... http://t.co/tKPtfMbOIx http://t.co/lQmogZfBKD
Sat May 09 08:07:03 +0000 2015,#UtahJazz #jazznation #gojazz #utah What We Learned About the Utah Jazz During the 2014-15 NBA Season http://t.co/0anBVJBvWn
Sat May 09 07:40:17 +0000 2015,Utah Jazz top five stories of the week http://t.co/ysvrZGU1om #UtahJazz #NBA
Sat May 09 07:37:37 +0000 2015,And-Ones :Coaches, Jokic, Payne, Draft| http://t.co/ZdJRh3NOew #NBA #UtahJazz
Sat May 09 07:02:36 +0000 2015,2015-16 National Anthem Auditions| http://t.co/E7E2gWLvhB #NBA #UtahJazz
Sat May 09 06:44:30 +0000 2015,#NBA #UtahJazz - Karl Malone John Stockton Utah Jazz Framed 11x14 Photo LOT of 2:  $39.... http://t.co/VWsy37nY3T http://t.co/k33Sm3HFUt
Sat May 09 06:27:34 +0000 2015,Northwest Notes :Brooks, Thunder, Aldridge| http://t.co/JD9pJfZVgh #NBA #UtahJazz
Sat May 09 06:14:51 +0000 2015,#NBA #UtahJazz - Karl Malone John Stockton Utah Jazz Framed 11x14 Photo LOT of 2:  $39.... http://t.co/GK52fVG34b http://t.co/lQmogZfBKD
Sat May 09 06:07:33 +0000 2015,Wanna know the worst thing about Spring and Summer? No #utahjazz basketball.
Sat May 09 05:52:32 +0000 2015,Rod Hundley, an Outsize Personality on and Off the Court, Dies at 80| http://t.co/dKcvvnn5pY #NBA #UtahJazz
Sat May 09 05:40:45 +0000 2015,#NBA #UtahJazz - NBA Utah Jazz 3 Pin Lot OOP Peter David RARE Vintage:  $5.99End Date: ... http://t.co/bisYsgyQm0 http://t.co/k33Sm3HFUt
Sat May 09 05:40:14 +0000 2015,Prospect Profile :Karl-Anthony Towns http://t.co/M1XgNPaSVt #UtahJazz #NBA
Sat May 09 05:20:13 +0000 2015,Draft History :Rob Hennigan http://t.co/wqV0nn5aIo #UtahJazz #NBA
Sat May 09 05:17:30 +0000 2015,Western Notes :Pondexter, Draft, Jazz| http://t.co/1OzWPtokro #NBA #UtahJazz
Sat May 09 05:08:35 +0000 2015,#NBA #UtahJazz - NBA Utah Jazz 3 Pin Lot OOP Peter David RARE Vintage:  $5.99End Date: ... http://t.co/gHpqr1Tjeu http://t.co/lQmogZfBKD
Sat May 09 05:08:05 +0000 2015,#UtahJazz #gojazz NBA: Utah's Delon Wright to attend NBA pre-draft combine http://t.co/OB8LtkUPDa
Sat May 09 05:00:12 +0000 2015,Atlantic Notes :Celtics, Teletovic, Saric http://t.co/phypuiSkAd #UtahJazz #NBA
Sat May 09 04:42:28 +0000 2015,Nets Drop to 3-10 in January With a Drubbing by the Jazz| http://t.co/OzrKDEqDzJ #NBA #UtahJazz
Sat May 09 04:41:21 +0000 2015,POLL: If the #UtahJazz could reunite with any former player, still playing, who would you hope for? https://t.co/yrv1Y1rbj7
Sat May 09 04:40:03 +0000 2015,2014/15 D-League Usage Report :Knicks http://t.co/7r0iqJRHCb #UtahJazz #NBA
Sat May 09 04:35:11 +0000 2015,#NBA #UtahJazz - Authentic UTAH JAZZ Pullover Fleece VEST Sweatshirt - BLACK SMALL:  $1... http://t.co/UqX8fOkBvE http://t.co/lQmogZfBKD
Sat May 09 04:35:11 +0000 2015,#NBA #UtahJazz - Utah Jazz #25 Al Jefferson White size 48 M Jerseys:  $14.99 (0 Bids)En... http://t.co/TnzXAHObST http://t.co/lQmogZfBKD
Sat May 09 04:35:10 +0000 2015,#NBA #UtahJazz - NBA Utah Jazz Coca-Cola Pin HOT Highly Limited Coke Peter David OOP RA... http://t.co/Daf54Ukdf5 http://t.co/lQmogZfBKD
Sat May 09 04:35:10 +0000 2015,#NBA #UtahJazz - NBA Utah Jazz Coca-Cola Pin #2 Peter David Coke OOP Rare HOT:  $3.99En... http://t.co/B0jaeorBq5 http://t.co/lQmogZfBKD
Sat May 09 04:35:09 +0000 2015,#NBA #UtahJazz - Authentic UTAH JAZZ Pullover Fleece VEST Sweatshirt - BLACK SMALL:  $1... http://t.co/MjEAD85LcP http://t.co/k33Sm3HFUt
Sat May 09 04:35:08 +0000 2015,#NBA #UtahJazz - Utah Jazz #25 Al Jefferson White size 48 M Jerseys:  $14.99 (0 Bids)En... http://t.co/vAZJLWRcey http://t.co/k33Sm3HFUt
Sat May 09 04:35:08 +0000 2015,#NBA #UtahJazz - NBA Utah Jazz Coca-Cola Pin HOT Highly Limited Coke Peter David OOP RA... http://t.co/6x9EOCgwR1 http://t.co/k33Sm3HFUt
Sat May 09 04:35:08 +0000 2015,#NBA #UtahJazz - NBA Utah Jazz Coca-Cola Pin #2 Peter David Coke OOP Rare HOT:  $3.99En... http://t.co/3NAXa9qwPq http://t.co/k33Sm3HFUt
Sat May 09 04:35:08 +0000 2015,#NBA #UtahJazz - ☀Authentic JOHN STOCKTON UTAH JAZZ Jersey Black 44 Champion NBA Altern... http://t.co/kjM9AiEwZy http://t.co/k33Sm3HFUt
Sat May 09 04:06:03 +0000 2015,#NBA #UtahJazz - ☀Authentic JOHN STOCKTON UTAH JAZZ Jersey Black 44 Champion NBA Altern... http://t.co/Cm8WFzfFY6 http://t.co/lQmogZfBKD
Sat May 09 04:06:03 +0000 2015,#NBA #UtahJazz - Utah Jazz Throwback #44 "Pistol" Purple size 50 L Jerseys:  $24.99 (0 ... http://t.co/hzgZ3Up27K http://t.co/lQmogZfBKD
Sat May 09 04:06:02 +0000 2015,#NBA #UtahJazz - NBA Utah Jazz Late 1990's Western Conference Pin OOP:  $1.99End Date: ... http://t.co/KCm93sFmyv http://t.co/lQmogZfBKD
Sat May 09 04:06:02 +0000 2015,#NBA #UtahJazz - Adidas Utah Jazz Carlos Boozer Jersey Youth Medium:  $4.99 (0 Bids)End... http://t.co/A2heNoaJn5 http://t.co/lQmogZfBKD
Sat May 09 03:32:24 +0000 2015,Game Preview :Jazz at Rockets| http://t.co/9SFoYCJNGe #NBA #UtahJazz
Sat May 09 03:32:10 +0000 2015,#NBA #UtahJazz - UTAH  JAZZ  -  JOHN  STOCKTON  -  8 X 10  PHOTO  REPRINT  WITH  SIGNAT... http://t.co/IHjkTHbkrI http://t.co/lQmogZfBKD
Sat May 09 03:32:09 +0000 2015,#NBA #UtahJazz - NBA Utah Jazz 2 Button/2 Pin Lot from the 1990's #2:  $5.99End Date: S... http://t.co/h2lVDevQO3 http://t.co/lQmogZfBKD
Sat May 09 03:30:46 +0000 2015,Trey Burke is bae asf #3 #UtahJazz
Sat May 09 03:15:10 +0000 2015,Chicago's Jimmy Butler named NBA's Most Improved Player; Utah's Rudy Gobert third in voting http://t.co/TESWrJoBzw #UtahJazz #NBA
Sat May 09 03:08:05 +0000 2015,#UtahJazz #jazznation #gojazz #utah Western Notes: D-League, Donovan, Williams http://t.co/4eCGgRstFu
Sat May 09 03:04:08 +0000 2015,RT @JazzSupporters: #UtahJazz #jazznation #gojazz #forum Eric Griffin - The wing we have been looking for? http://t.co/W1oOkXDJ1V
Sat May 09 03:02:26 +0000 2015,#NBA #UtahJazz - Sleeveless Jersey-UTAH JAZZ-Adidas-SIZE XL-NAVY BLUE-BLANK-NBA-FREE SH... http://t.co/IwmikhlK9x http://t.co/lQmogZfBKD
Sat May 09 03:02:26 +0000 2015,#NBA #UtahJazz - UTAH JAZZ PIN WESTERN CONFERNCE CHAMPIONS PIN LIMITED EDITION ONLY 10,... http://t.co/nPay4fw8Ev http://t.co/lQmogZfBKD
Sat May 09 02:35:32 +0000 2015,RT @topUJazz: Jazz beat the bushes, looking for talent http://t.co/2xrFRM0uIs #UtahJazz #NBA
Sat May 09 02:35:09 +0000 2015,Jazz beat the bushes, looking for talent http://t.co/2xrFRM0uIs #UtahJazz #NBA
Sat May 09 02:28:50 +0000 2015,#NBA #UtahJazz - PETE MARAVICH DANIEL HIGH UTAH JAZZ LSU TIGERS BASKETBALL JERSEY MENS ... http://t.co/B0HIW2LiSp http://t.co/k33Sm3HFUt
Sat May 09 02:28:49 +0000 2015,#NBA #UtahJazz - 33 Panini 2013 NBA  Utah Jazz Stickers:  $7.00End Date: Sunday Jun-7-2... http://t.co/8fTEwgEXa4 http://t.co/k33Sm3HFUt
Sat May 09 02:23:54 +0000 2015,RT @NBAJazz_fans: Nets Fall to the Jazz; Tony Parker Lifts the Spurs| http://t.co/wKhYy9g6J4 #NBA #UtahJazz
Sat May 09 02:22:44 +0000 2015,Nets Fall to the Jazz; Tony Parker Lifts the Spurs| http://t.co/wKhYy9g6J4 #NBA #UtahJazz
Sat May 09 01:58:50 +0000 2015,#NBA #UtahJazz - PETE MARAVICH DANIEL HIGH UTAH JAZZ LSU TIGERS BASKETBALL JERSEY MENS ... http://t.co/h8OoNW2zAV http://t.co/lQmogZfBKD
Sat May 09 01:58:50 +0000 2015,#NBA #UtahJazz - 33 Panini 2013 NBA  Utah Jazz Stickers:  $7.00End Date: Sunday Jun-7-2... http://t.co/uJocgdpzHY http://t.co/lQmogZfBKD
Sat May 09 01:26:24 +0000 2015,#NBA #UtahJazz - vtg Champion Karl Malone jersey rare sz youth S 8 Utah Jazz nba black ... http://t.co/ZB7gQR5NPI http://t.co/lQmogZfBKD
Sat May 09 01:26:23 +0000 2015,#NBA #UtahJazz - vtg Champion Karl Malone jersey rare sz youth S 8 Utah Jazz nba black ... http://t.co/cMvdMpntc1 http://t.co/k33Sm3HFUt
Sat May 09 01:26:23 +0000 2015,#NBA #UtahJazz - WOMENS KYLE KORVER UTAH JAZZ JERSEY, ATLANTA HAWKS NBA BASKETBALL XL E... http://t.co/YwW3NKfQUg http://t.co/k33Sm3HFUt
Sat May 09 00:56:22 +0000 2015,#NBA #UtahJazz - WOMENS KYLE KORVER UTAH JAZZ JERSEY, ATLANTA HAWKS NBA BASKETBALL XL E... http://t.co/dvhKxWPQcD http://t.co/lQmogZfBKD
Sat May 09 00:52:17 +0000 2015,#SBNation #UtahJazz NBA Playoffs 2015: HOU, CLE look for road wins http://t.co/OIpac4MoXS http://t.co/a5mtzFEDK1
Sat May 09 00:50:18 +0000 2015,The Mr. NBA Front Office Sexy Legs Edition - The Downbeat - #1621 http://t.co/YFbbwJXzPT #UtahJazz #NBA
Sat May 09 00:37:38 +0000 2015,Northwest Notes :Singler, Donovan, Draft, Gee| http://t.co/dSWMfKSEef #NBA #UtahJazz
Sat May 09 00:23:51 +0000 2015,#NBA #UtahJazz - Utah Jazz  New NBA Basketball  Hat Adjustable Back Reebok:  $7.99End D... http://t.co/jlLF98cqEa http://t.co/lQmogZfBKD
