Sat May 09 18:18:10 +0000 2015,The #Wizards #RadioPARTY will be playing loud in suite 317 tonight @davejsports @GCtalks #dcRising #NextManUp
Sat May 09 18:17:01 +0000 2015,Sigue la #NBAenDEPORTV y los premios no paran. Hoy, durante #Hawks - #Wizards,  sale gorra oficial de los #Spurs. http://t.co/fvurbU4FSF
Sat May 09 18:16:53 +0000 2015,Respect the sibling support smack talk but since she started it, there are ways to rotate photos #Wizards #Hawks https://t.co/rENg8rBaHw
Sat May 09 18:15:27 +0000 2015,Video :John Wall is taking his hand and wrist treatment "day by day" http://t.co/1M3Eul0Syy #Wizards #NBA
Sat May 09 18:15:13 +0000 2015,RT @TailgateTed: @NBCdianna do you know a good therapist for @kevinshafer1067 and myself if the #Wizards and #Capitals blow both of their s…
Sat May 09 18:14:57 +0000 2015,RT @Regional_Pilsen: Así van las series en la #NBAPlayoffs/#Grizzlies 1 -1 #Warrios /#Hawks 1-1 #Wizards/#Clippers 2-1 #Rockets/#Bulls 2-1 …
Sat May 09 18:14:38 +0000 2015,@ 1Tweet4 @OurNBAWizards, Follow #Wizards News, UTubes, Player Tweets, Stats and More! Visit http://t.co/dVavLl6NQ9 RT!
Sat May 09 18:14:24 +0000 2015,Pregaming for the #Wizards Playoff #RadioParty in Chinatown. If you guys are thirsty let me know @davejsports @GCtalks
Sat May 09 18:14:23 +0000 2015,RT @WashWizards: Everything you need to know heading into Game 3 on #Wizards  Playoff Central: http://t.co/C2tA7QOyjF #WizHawks http://t.co…
Sat May 09 18:11:35 +0000 2015,@NBCdianna do you know a good therapist for @kevinshafer1067 and myself if the #Wizards and #Capitals blow both of their series?
Sat May 09 18:10:38 +0000 2015,#NBAPlayoffs: #Wizards v #Hawks (22:00): Game 3 takes place in Washington. Check the latest odds http://t.co/Qp55v21ctr
Sat May 09 18:10:38 +0000 2015,#NBAPlayoffs: #Wizards v #Hawks (22:00): Game 3 takes place in Washington. Check the latest odds http://t.co/hEfHQS5UDz
Sat May 09 18:10:38 +0000 2015,#NBAPlayoffs: #Wizards v #Hawks (22:00): Game 3 takes place in Washington. Check the latest odds http://t.co/vNA4N2GFIm
Sat May 09 18:10:38 +0000 2015,#NBAPlayoffs: #Wizards v #Hawks (22:00): Game 3 takes place in Washington. Check the latest odds http://t.co/ApEciOjViF
Sat May 09 18:10:38 +0000 2015,#NBAPlayoffs: #Wizards v #Hawks (22:00): Game 3 takes place in Washington. Check the latest odds http://t.co/9GHqj47Dr6
Sat May 09 18:10:38 +0000 2015,#NBAPlayoffs: #Wizards v #Hawks (22:00): Game 3 takes place in Washington. Check the latest odds http://t.co/hXNSOFb1Mj
Sat May 09 18:10:38 +0000 2015,#NBAPlayoffs: #Wizards v #Hawks (22:00): Game 3 takes place in Washington. Check the latest odds http://t.co/pPf6k5DOdV
Sat May 09 18:10:38 +0000 2015,#NBAPlayoffs: #Wizards v #Hawks (22:00): Game 3 takes place in Washington. Check the latest odds http://t.co/Bdys65aMpe
Sat May 09 18:10:38 +0000 2015,#NBAPlayoffs: #Wizards v #Hawks (22:00): Game 3 takes place in Washington. Check the latest odds http://t.co/pFsIPu14eb
Sat May 09 18:10:38 +0000 2015,#NBAPlayoffs: #Wizards v #Hawks (22:00): Game 3 takes place in Washington. Check the latest odds http://t.co/a7DXK1DPls
Sat May 09 18:10:38 +0000 2015,#NBAPlayoffs: #Wizards v #Hawks (22:00): Game 3 takes place in Washington. Check the latest odds http://t.co/wfhgmtDlkC
Sat May 09 18:10:38 +0000 2015,#NBAPlayoffs: #Wizards v #Hawks (22:00): Game 3 takes place in Washington. Check the latest odds http://t.co/2s39htH0y7
Sat May 09 18:10:38 +0000 2015,#NBAPlayoffs: #Wizards v #Hawks (22:00): Game 3 takes place in Washington. Check the latest odds http://t.co/68Nkq0SVBO
Sat May 09 18:10:38 +0000 2015,#NBAPlayoffs: #Wizards v #Hawks (22:00): Game 3 takes place in Washington. Check the latest odds http://t.co/NwleglCtPs
Sat May 09 18:10:37 +0000 2015,#NBAPlayoffs: #Wizards v #Hawks (22:00): Game 3 takes place in Washington. Check the latest odds http://t.co/A9qCTbZLeh
Sat May 09 18:10:37 +0000 2015,#NBAPlayoffs: #Wizards v #Hawks (22:00): Game 3 takes place in Washington. Check the latest odds http://t.co/qOKYv66iUe
Sat May 09 18:10:37 +0000 2015,#NBAPlayoffs: #Wizards v #Hawks (22:00): Game 3 takes place in Washington. Check the latest odds http://t.co/Ee7T1Efeyf
Sat May 09 18:10:34 +0000 2015,Here we go again! #Wizards #WizHawks #NBA #Playoffs #Round2 #dcrising #DC @ Verizon Center https://t.co/JtmYUMe28V
Sat May 09 18:10:31 +0000 2015,#NBAPlayoffs: #Wizards v #Hawks (22:00): Game 3 takes place in Washington. Check the latest odds http://t.co/QRw5BgjBJz
Sat May 09 18:10:28 +0000 2015,#NBAPlayoffs: #Wizards v #Hawks (22:00): Game 3 takes place in Washington. Check the latest odds http://t.co/vIeZN4euU6
Sat May 09 18:10:24 +0000 2015,#NBAPlayoffs: #Wizards v #Hawks (22:00): Game 3 takes place in Washington. Check the latest odds http://t.co/GGQJQ0Ba6v
Sat May 09 18:10:24 +0000 2015,#NBAPlayoffs: #Wizards v #Hawks (22:00): Game 3 takes place in Washington. Check the latest odds http://t.co/ils67dUZ7k
Sat May 09 18:10:24 +0000 2015,#NBAPlayoffs: #Wizards v #Hawks (22:00): Game 3 takes place in Washington. Check the latest odds http://t.co/8GQrWjuCdJ
Sat May 09 18:10:23 +0000 2015,#NBAPlayoffs: #Wizards v #Hawks (22:00): Game 3 takes place in Washington. Check the latest odds http://t.co/q1THgXZCBe
Sat May 09 18:10:23 +0000 2015,#NBAPlayoffs: #Wizards v #Hawks (22:00): Game 3 takes place in Washington. Check the latest odds http://t.co/FxS8Wo3IEE
Sat May 09 18:10:23 +0000 2015,#NBAPlayoffs: #Wizards v #Hawks (22:00): Game 3 takes place in Washington. Check the latest odds http://t.co/701Ci7bynh
Sat May 09 18:10:23 +0000 2015,#NBAPlayoffs: #Wizards v #Hawks (22:00): Game 3 takes place in Washington. Check the latest odds http://t.co/c62Q44Y70D
Sat May 09 18:10:23 +0000 2015,#NBAPlayoffs: #Wizards v #Hawks (22:00): Game 3 takes place in Washington. Check the latest odds http://t.co/wpY3WQftje
Sat May 09 18:10:23 +0000 2015,#NBAPlayoffs: #Wizards v #Hawks (22:00): Game 3 takes place in Washington. Check the latest odds http://t.co/idgueUFUIH
Sat May 09 18:10:21 +0000 2015,#NBAPlayoffs: #Wizards v #Hawks (22:00): Game 3 takes place in Washington. Check the latest odds http://t.co/kZzijEGA3I
Sat May 09 18:10:13 +0000 2015,RT @WashWizards: Everything you need to know heading into Game 3 on #Wizards  Playoff Central: http://t.co/C2tA7QOyjF #WizHawks http://t.co…
Sat May 09 18:08:14 +0000 2015,#WashingtonWizards #Wizards #Washington Eastern Notes: Thompson, Wizards, Hawkins http://t.co/FIBO9wxU5I
Sat May 09 18:07:10 +0000 2015,RT @WashWizards: Everything you need to know heading into Game 3 on #Wizards  Playoff Central: http://t.co/C2tA7QOyjF #WizHawks http://t.co…
Sat May 09 18:04:45 +0000 2015,#NBAPlayoffs today://#Warriors@#Grizzlies/#Hawks@#Wizards//#winz http://t.co/8OH67McIhx
Sat May 09 18:04:35 +0000 2015,Al Horford's sister has no sympathy for John Wall. #Wizards #Hawks (screenshot via #Ello_Chop, h/t #HoopDistrictDC)… http://t.co/7dFkHyqlbH
Sat May 09 18:02:56 +0000 2015,RT @WashWizards: Everything you need to know heading into Game 3 on #Wizards  Playoff Central: http://t.co/C2tA7QOyjF #WizHawks http://t.co…
Sat May 09 18:02:13 +0000 2015,RT @DcRisingforsure: Wall game time decision. #Wizards
Sat May 09 18:01:01 +0000 2015,@ColeRyan9 Thanks for the shout out! What a game last night #CavsBulls. Looks like Wall is out. Still backing #Wizards ? Inflated spread?
Sat May 09 17:59:41 +0000 2015,RT @WashWizards: Everything you need to know heading into Game 3 on #Wizards  Playoff Central: http://t.co/C2tA7QOyjF #WizHawks http://t.co…
Sat May 09 17:59:41 +0000 2015,RT @WashWizards: Everything you need to know heading into Game 3 on #Wizards  Playoff Central: http://t.co/C2tA7QOyjF #WizHawks http://t.co…
Sat May 09 17:57:30 +0000 2015,@CliffordBenton thank you for sharing. Get Well soon @JohnWall #WizKids #Wizards #NBAPlayoffs
Sat May 09 17:57:13 +0000 2015,RT @WashWizards: Everything you need to know heading into Game 3 on #Wizards  Playoff Central: http://t.co/C2tA7QOyjF #WizHawks http://t.co…
Sat May 09 17:56:55 +0000 2015,#Atlanta #Hawks at #Washington #Wizards 5/9/15 - #NBA #nbaPicks &amp; Predictions » Picks and Parlays http://t.co/mdGsjlIq1U via @po_st
Sat May 09 17:56:44 +0000 2015,Really don't who i like more #Wizards or #Hawks
Sat May 09 17:55:42 +0000 2015,RT @WashWizards: Everything you need to know heading into Game 3 on #Wizards  Playoff Central: http://t.co/C2tA7QOyjF #WizHawks http://t.co…
Sat May 09 17:55:04 +0000 2015,RT @WashWizards: Everything you need to know heading into Game 3 on #Wizards  Playoff Central: http://t.co/C2tA7QOyjF #WizHawks http://t.co…
Sat May 09 17:54:20 +0000 2015,RT @WashWizards: Everything you need to know heading into Game 3 on #Wizards  Playoff Central: http://t.co/C2tA7QOyjF #WizHawks http://t.co…
Sat May 09 17:54:16 +0000 2015,RT @WashWizards: Everything you need to know heading into Game 3 on #Wizards  Playoff Central: http://t.co/C2tA7QOyjF #WizHawks http://t.co…
Sat May 09 17:54:11 +0000 2015,Así van las series en la #NBAPlayoffs/#Grizzlies 1 -1 #Warrios /#Hawks 1-1 #Wizards/#Clippers 2-1 #Rockets/#Bulls 2-1 #Cavaliers
Sat May 09 17:53:25 +0000 2015,RT @WashWizards: Everything you need to know heading into Game 3 on #Wizards  Playoff Central: http://t.co/C2tA7QOyjF #WizHawks http://t.co…
Sat May 09 17:53:21 +0000 2015,RT @WashWizards: Everything you need to know heading into Game 3 on #Wizards  Playoff Central: http://t.co/C2tA7QOyjF #WizHawks http://t.co…
Sat May 09 17:53:11 +0000 2015,#Wizards’ playoff FG% splits with and without John Wall are, um, yeah... http://t.co/7LNdUEqFzM
Sat May 09 17:52:28 +0000 2015,#Wizards Tweets: Everything you need to know heading into Game… http://t.co/NyBS7UX8Er #NBA http://t.co/ztpVn6h90l http://t.co/P3nds5RHSu
Sat May 09 17:52:22 +0000 2015,@TreeGang__ : Might be time for me to eat some crow this week, no Wall for the #Wizards and this should help the #Hawks punch a ticket to
Sat May 09 17:52:07 +0000 2015,Early arrival at Verizon Center for #Wizards #Hawks tonight at 5pm. Kicking off 3 straight days of playoff games here. In May. For real
Sat May 09 17:51:39 +0000 2015,RT @WashWizards: Everything you need to know heading into Game 3 on #Wizards  Playoff Central: http://t.co/C2tA7QOyjF #WizHawks http://t.co…
Sat May 09 17:51:37 +0000 2015,RT @WashWizards: Everything you need to know heading into Game 3 on #Wizards  Playoff Central: http://t.co/C2tA7QOyjF #WizHawks http://t.co…
Sat May 09 17:51:11 +0000 2015,RT @WashWizards: Everything you need to know heading into Game 3 on #Wizards  Playoff Central: http://t.co/C2tA7QOyjF #WizHawks http://t.co…
Sat May 09 17:50:45 +0000 2015,Everything you need to know heading into Game 3 on #Wizards  Playoff Central: http://t.co/C2tA7QOyjF #WizHawks http://t.co/wjj2UUnmHD
Sat May 09 17:49:07 +0000 2015,I've got a fever, and the only prescription is more Otto Porter. #NBAPlayoffs #NBA #Wizards
Sat May 09 17:45:08 +0000 2015,Heading to DC for the #Wizards game soon. Hoping John can somehow play, I'd say it's unlikely though.
Sat May 09 17:44:40 +0000 2015,#Wizards Tweets: Exclusive sights &amp;amp; sounds from Games 1… http://t.co/ZVhLsOd4T4 #NBA http://t.co/ztpVn6h90l http://t.co/YiSjuFE7rD
Sat May 09 17:42:50 +0000 2015,RT @DailyNBALineups: #Wizards John Wall (left wrist) is very unlikely to play in Game 3 vs. the Hawks on Saturday.  http://t.co/ojOABVyels
Sat May 09 17:40:07 +0000 2015,Atlanta Hawks vs Washington Wizards Pick - http://t.co/o9qpD9zjTp #sportsbetting #Wizards #Hawks  @JbunitedStates
Sat May 09 17:39:24 +0000 2015,RT @CappedIn_Feed: East Semis: Hawks vs Wizards Game 3 - http://t.co/XGbtQWPKBF #sportsbetting #Wizards #Hawks  @PopDibiase
Sat May 09 17:38:24 +0000 2015,East Semis: Hawks vs Wizards Game 3 - http://t.co/XGbtQWPKBF #sportsbetting #Wizards #Hawks  @PopDibiase
Sat May 09 17:35:35 +0000 2015,RT @WashWizards: With or without Wall, #Wizards ready to protect home (5pm | TV ESPN)//#WizHawks Game 3 Preview http://t.co/sqzwMLfaWf http…
Sat May 09 17:35:21 +0000 2015,#wizards later today.
Sat May 09 17:35:17 +0000 2015,RT @BrittMcHenry: Just spoke w/ Wall &amp; he said he still doesn't know if he'll play. #Wizards don't have shoot around so decision likely com…
Sat May 09 17:34:51 +0000 2015,I'm trying to go to this #Hawks vs. #Wizards game tonight... Who's tryna go tho?
Sat May 09 17:34:35 +0000 2015,RT @DcRisingforsure: Wall game time decision. #Wizards
Sat May 09 17:30:14 +0000 2015,#WITCHES and #WIZARDS book with activities for 5-8 year olds...https://t.co/1flo37p0SO http://t.co/9ksUL0eHxD
Sat May 09 17:28:43 +0000 2015,RT @_JakeRussell: Al Horford's sister has no sympathy for John Wall. #Wizards #Hawks (screenshot via @Ello_Chop, h/t @HoopDistrictDC) http:…
Sat May 09 17:26:40 +0000 2015,West Semis: Hawks vs Wizards Game 3 - http://t.co/XGbtQWPKBF #sportsbetting #Wizards #Hawks  @PopDibiase
Sat May 09 17:26:20 +0000 2015,Feeling down about Game-3? Well, be excited about the playoffs. @OBtoojiveforyou w/ a pep talk for #Wizards fans: http://t.co/5PA13PeLko
Sat May 09 17:26:17 +0000 2015,#Wizards Tweets: Remember, you can join the #NoHawks movement… http://t.co/6Dr1dBnRWK #NBA http://t.co/ztpVn6h90l http://t.co/EzfPAwwQGW
Sat May 09 17:25:25 +0000 2015,Wiz Insider :John Wall has ‘no idea’ when he’ll be able to play again http://t.co/ued9PAl5w1 #Wizards #NBA
Sat May 09 17:24:31 +0000 2015,RT @WizHappyHour: So the #Wizards will shave my head for the #NoHawks movement...tempting http://t.co/gIcBzNYpKx
Sat May 09 17:24:23 +0000 2015,RT @DcRisingforsure: Wall game time decision. #Wizards
Sat May 09 17:24:06 +0000 2015,RT @_JakeRussell: Al Horford's sister has no sympathy for John Wall. #Wizards #Hawks (screenshot via @Ello_Chop, h/t @HoopDistrictDC) http:…
Sat May 09 17:23:04 +0000 2015,#2015AUGrad #wizards http://t.co/TY8Jr8za28
Sat May 09 17:22:50 +0000 2015,RT @WizOfAwes: Feeling down about Game-3? Well ... @OBtoojiveforyou created a pep-talk! Get excited, Washington #Wizards nation!: http://t.…
Sat May 09 17:21:55 +0000 2015,Feeling down about Game-3? Well ... @OBtoojiveforyou created a pep-talk! Get excited, Washington #Wizards nation!: http://t.co/4lXbjYmLIQ
Sat May 09 17:20:34 +0000 2015,RT @davejsports: Can't wait to get with all of you on @WashWizards #RadioParty starting at 4:45 99.1 FM @GCtalks /#WizHakws #Wizards #dcRis…
Sat May 09 17:16:59 +0000 2015,RT @WashWizards: With or without Wall, #Wizards ready to protect home (5pm | TV ESPN)//#WizHawks Game 3 Preview http://t.co/sqzwMLfaWf http…
Sat May 09 17:16:45 +0000 2015,RT @_JakeRussell: Al Horford's sister has no sympathy for John Wall. #Wizards #Hawks (screenshot via @Ello_Chop, h/t @HoopDistrictDC) http:…
Sat May 09 17:15:53 +0000 2015,RT @BrittMcHenry: Just spoke w/ Wall &amp; he said he still doesn't know if he'll play. #Wizards don't have shoot around so decision likely com…
Sat May 09 17:15:03 +0000 2015,RT @_JakeRussell: Al Horford's sister has no sympathy for John Wall. #Wizards #Hawks (screenshot via @Ello_Chop, h/t @HoopDistrictDC) http:…
Sat May 09 17:14:36 +0000 2015,RT @DcRisingforsure: Wall game time decision. #Wizards
Sat May 09 17:14:33 +0000 2015,#Wizards going to make some magic tonight with or without John Wall.
